class	motif	id	enr	q	tp	fp
Decreasing	TCF7L2	MA0523.2	1.8	9.96e-106	2999	1916
Decreasing	Hnf1A	MA1991.2	1.68	5.45e-99	3385	2319
Decreasing	TCF7	MA0769.3	2	4.61e-75	1727	991
Decreasing	Lef1	MA0768.3	1.28	3.15e-59	6020	5396
Decreasing	TCF7L1	MA1421.1	1.36	7.67e-43	3628	3071
Decreasing	Sox11	MA0869.3	1.17	5.31e-19	4906	4810
Decreasing	SOX10	MA0442.3	1.09	1.15e-16	8542	8975
Decreasing	Runx1	MA0002.3	1.28	4.09e-15	2085	1870
Decreasing	ZIM3	MA1709.2	1.11	2.05e-14	6932	7190
Decreasing	ZNF766	MA2098.1	1.04	2.05e-14	12840	14180
Decreasing	SOX15	MA1152.2	1.06	4.77e-13	10533	11411
Decreasing	SOX4	MA0867.3	1.07	2.25e-12	9717	10467
Decreasing	RUNX2	MA0511.2	1.26	5.05e-12	1904	1739
Decreasing	FOSL1::JUND	MA1143.2	1.19	1.68e-11	2859	2760
Decreasing	Foxf1	MA1606.2	1.04	7.02e-11	11666	12829
Decreasing	FOXD3	MA0041.3	1.04	7.94e-11	12182	13456
Decreasing	Foxl2	MA1607.2	1.07	9.61e-11	9059	9751
Decreasing	Hmga1	MA2124.1	1.04	1.03e-10	11904	13123
Decreasing	Pou5f1::Sox2	MA0142.1	1.04	1.05e-10	11614	12774
Decreasing	ZNF384	MA1125.2	1.07	1.47e-10	8214	8780
Decreasing	ZNF354A	MA1978.2	1.04	2.56e-10	12522	13887
Decreasing	FOXP4	MA2117.1	1.02	8.03e-10	13632	15279
Decreasing	POU5F1B	MA0792.1	1.03	8.16e-10	13337	14908
Decreasing	Stat2	MA1623.2	1.05	1.1e-09	11037	12116
Decreasing	Bcl11B	MA1989.2	1.05	1.26e-09	10202	11130
Decreasing	PRDM1	MA0508.4	1.05	1.89e-09	10397	11366
Decreasing	Sox6	MA0515.1	1.15	2.29e-09	3230	3220
Decreasing	POU3F1	MA0786.2	1.03	2.55e-09	12539	13937
Decreasing	GATA5	MA0766.3	1.14	3.06e-09	3541	3564
Decreasing	Stat4	MA0518.2	1.06	3.36e-09	8677	9366
Decreasing	Foxo3	MA0157.4	1.05	1.15e-08	10015	10945
Decreasing	CREB3	MA0638.2	1.12	1.22e-08	4383	4512
Decreasing	Arid3a	MA0151.1	1.05	1.22e-08	10171	11130
Decreasing	POU6F1	MA0628.2	1.03	1.37e-08	13046	14580
Decreasing	Nr2e3	MA0164.2	1.06	1.58e-08	8293	8948
Decreasing	FOXO4	MA0848.1	1.05	2.16e-08	9601	10472
Decreasing	FOXK1	MA0852.3	1.03	2.76e-08	12098	13435
Decreasing	CREB1	MA0018.5	1.04	3.25e-08	11273	12450
Decreasing	TGIF2LY	MA1572.1	1.24	3.25e-08	1433	1329
Decreasing	Hoxa13	MA0650.4	1.03	3.3e-08	11939	13247
Decreasing	RAX	MA0718.2	1.03	3.43e-08	12983	14515
Decreasing	FOXS1	MA2118.1	1.03	3.46e-08	12515	13944
Decreasing	ZNF317	MA1593.2	1.05	4.24e-08	10326	11335
Decreasing	Gfi1B	MA0483.2	1.08	5.38e-08	6157	6529
Decreasing	FOXA1	MA0148.5	1.04	6.06e-08	11570	12815
Decreasing	Nr2e1	MA0676.1	1.07	6.2e-08	7264	7792
Decreasing	Nfat5	MA0606.3	1.03	6.4e-08	12741	14228
Decreasing	Sox7	MA2095.1	1.05	6.56e-08	9903	10847
Decreasing	Ptf1A	MA1620.2	1.16	6.58e-08	2527	2503
Decreasing	Foxo1	MA0480.3	1.03	6.58e-08	12579	14032
Decreasing	HLF	MA0043.4	1.05	6.73e-08	10218	11218
Decreasing	FOXA3	MA1683.2	1.03	6.73e-08	12580	14034
Decreasing	BARX2	MA1471.2	1.04	7.02e-08	10712	11801
Decreasing	FOXC2	MA0846.2	1.05	7.02e-08	10193	11190
Decreasing	XBP1	MA0844.2	1.1	7.89e-08	4542	4723
Decreasing	GATA2	MA0036.4	1.03	1.02e-07	12672	14152
Decreasing	PHOX2B	MA0681.3	1.05	1.34e-07	9273	10126
Decreasing	POU4F3	MA0791.2	1.04	2e-07	10194	11209
Decreasing	GRHL2	MA1105.3	1.06	2.37e-07	8282	8988
Decreasing	TBP	MA0108.3	1.03	2.38e-07	11575	12845
Decreasing	PBX2	MA1113.3	1.03	2.5e-07	12050	13414
Decreasing	FOXK2	MA1103.3	1.04	2.55e-07	10263	11295
Decreasing	Dmrt1	MA1603.2	1.03	2.72e-07	11931	13273
Decreasing	LIN54	MA0619.2	1.14	2.74e-07	2701	2712
Decreasing	DBP	MA0639.2	1.12	2.88e-07	3582	3679
Decreasing	RUNX3	MA0684.3	1.14	3.31e-07	2858	2886
Decreasing	Creb5	MA0840.2	1.22	3.76e-07	1399	1320
Decreasing	SNAI2	MA0745.3	1.19	3.96e-07	1734	1675
Decreasing	POU3F3	MA0788.1	1.04	4.05e-07	10709	11829
Decreasing	MEF2A	MA0052.5	1.03	4.65e-07	11980	13341
Decreasing	MYF6	MA0667.1	1.07	6.13e-07	6976	7509
Decreasing	FOXC1	MA0032.2	1.04	6.23e-07	10977	12153
Decreasing	FOXP1	MA0481.4	1.04	6.74e-07	11198	12416
Decreasing	Foxj2	MA0614.1	1.05	8.86e-07	8275	9007
Decreasing	FOXD2	MA0847.4	1.05	9.02e-07	9333	10233
Decreasing	FOS::JUND	MA1141.2	1.07	9.6e-07	6105	6527
Decreasing	ATF4	MA0833.3	1.14	1.01e-06	2588	2608
Decreasing	POU5F1	MA1115.2	1.02	1.06e-06	13214	14847
Decreasing	Tcf12	MA0521.3	1.07	1.53e-06	6342	6805
Decreasing	FOSL2::JUND	MA1144.2	1.1	1.56e-06	4056	4233
Decreasing	FOXG1	MA0613.1	1.06	1.56e-06	7604	8247
Decreasing	FOSL2::JUNB	MA1139.2	1.15	1.58e-06	2342	2347
Decreasing	DMRTA1	MA1707.2	1.05	1.79e-06	8170	8901
Decreasing	HOXB13	MA0901.3	1.04	1.79e-06	10894	12075
Decreasing	SOX12	MA1561.2	1.04	2.16e-06	9746	10732
Decreasing	Irf1	MA0050.4	1.03	2.31e-06	11624	12944
Decreasing	POU4F1	MA0790.2	1.04	2.5e-06	10741	11901
Decreasing	GMEB2	MA0862.1	1.13	2.71e-06	2579	2613
Decreasing	RFX3	MA0798.3	1.59	2.83e-06	263	190
Decreasing	CDX2	MA0465.3	1.02	2.87e-06	13208	14854
Decreasing	Atf1	MA0604.1	1.26	3.31e-06	872	793
Decreasing	Rhox11	MA0629.2	1.02	3.79e-06	13053	14669
Decreasing	Foxj3	MA0851.2	1.04	3.79e-06	9632	10611
Decreasing	FOSL2::JUNB	MA1138.2	1.09	4.86e-06	4106	4310
Decreasing	FOXI1	MA0042.2	1.04	4.86e-06	10332	11434
Decreasing	Mecom	MA0029.2	1.11	5.1e-06	3090	3184
Decreasing	RFX1	MA0509.3	1.44	5.93e-06	379	303
Decreasing	FOXO6	MA0849.1	1.06	6.06e-06	6855	7419
Decreasing	SOX8	MA0868.3	1.07	6.61e-06	5956	6398
Decreasing	ALX3	MA0634.2	1.02	7.15e-06	13609	15359
Decreasing	SRY	MA0084.2	1.04	7.41e-06	9163	10080
Decreasing	MEIS3	MA0775.2	1.06	7.41e-06	6758	7313
Decreasing	Prdm4	MA1647.3	1.06	7.86e-06	6890	7465
Decreasing	FOXP2	MA0593.2	1.09	7.99e-06	4097	4310
Decreasing	LBX2	MA0699.2	1.01	7.99e-06	14081	15949
Decreasing	FOXF2	MA0030.2	1.05	8.08e-06	7816	8527
Decreasing	HMBOX1	MA0895.2	1.01	8.08e-06	14367	16314
Decreasing	Nobox	MA0125.2	1.02	9.33e-06	13254	14928
Decreasing	ZNF652	MA1657.2	1.03	1.02e-05	12193	13650
Decreasing	RFX5	MA0510.3	1.15	1.04e-05	1853	1845
Decreasing	HNF4A	MA0114.5	1.02	1.12e-05	13755	15546
Decreasing	ZNF214	MA1975.2	1.03	1.16e-05	11013	12253
Decreasing	STAT1::STAT2	MA0517.2	1.09	1.32e-05	3740	3922
Decreasing	SNAI1	MA1558.2	1.09	1.33e-05	4221	4459
Decreasing	FOXD1	MA0031.2	1.03	1.45e-05	10408	11547
Decreasing	CREB3L4	MA1475.2	1.06	1.48e-05	6143	6629
Decreasing	FOXA2	MA0047.4	1.03	1.61e-05	10569	11738
Decreasing	CREB3L1	MA0839.2	1.09	1.64e-05	3945	4155
Decreasing	VSX2	MA0726.2	1.02	1.64e-05	13185	14853
Decreasing	MEIS2	MA1640.2	1.02	1.78e-05	12680	14244
Decreasing	MEIS1	MA0498.3	1.02	1.79e-05	13056	14698
Decreasing	FOXE1	MA1487.3	1.07	2.19e-05	5441	5842
Decreasing	FOXN3	MA1489.1	1.04	2.23e-05	8798	9683
Decreasing	VAX2	MA0723.3	1.01	2.72e-05	14165	16069
Decreasing	ZNF35	MA2333.1	1.02	2.79e-05	12567	14116
Decreasing	Lhx4	MA0704.2	1.01	2.79e-05	14117	16009
Decreasing	JDP2	MA0656.2	1.26	3.14e-05	708	645
Decreasing	GATA6	MA1104.3	1.01	3.27e-05	14191	16104
Decreasing	BHLHE22	MA1635.2	1.16	3.3e-05	1468	1447
Decreasing	Neurod2	MA1993.2	1.16	3.3e-05	1468	1447
Decreasing	Olig2	MA1997.2	1.16	3.3e-05	1468	1447
Decreasing	Twist2	MA0633.3	1.16	3.3e-05	1468	1447
Decreasing	SPIC	MA0687.2	1.05	3.48e-05	7440	8130
Decreasing	SOHLH2	MA1560.2	1.1	3.66e-05	3113	3246
Decreasing	FOXP3	MA0850.1	1.02	3.66e-05	12714	14298
Decreasing	NHLH1	MA0048.3	1.22	3.77e-05	934	882
Decreasing	POU2F3	MA0627.3	1.03	3.83e-05	10743	11962
Decreasing	PRRX1	MA0716.2	1.01	3.85e-05	13880	15718
Decreasing	POU3F2	MA0787.1	1.04	4.21e-05	9396	10392
Decreasing	TGIF2LX	MA1571.1	1.18	4.61e-05	1195	1160
Decreasing	GATA4	MA0482.3	1.02	4.61e-05	13530	15290
Decreasing	GSC2	MA0891.2	1.01	4.91e-05	13879	15720
Decreasing	FOSL2::JUN	MA1131.2	1.1	5.26e-05	3065	3200
Decreasing	Sox17	MA0078.3	1.05	5.3e-05	7625	8353
Decreasing	DMRTA2	MA1478.2	1.05	6.11e-05	7255	7932
Decreasing	MIXL1	MA0662.2	1.02	6.13e-05	13442	15187
Decreasing	FOSL1::JUN	MA1129.1	1.13	6.75e-05	2074	2114
Decreasing	SATB1	MA1963.2	1.03	8.18e-05	11575	12958
Decreasing	TFAP4::FLI1	MA1967.2	1.16	8.18e-05	1395	1381
Decreasing	Foxq1	MA0040.2	1.04	8.67e-05	8219	9048
Decreasing	HIF1A	MA1106.2	1.07	8.83e-05	5213	5617
Decreasing	BATF::JUN	MA0462.3	1.02	9.06e-05	13197	14896
Decreasing	ATF2	MA1632.2	1.07	9.89e-05	4710	5052
Decreasing	ZNF184	MA2120.1	1.02	0.000101	12760	14372
Decreasing	MYF5	MA1641.2	1.04	0.000101	8846	9776
Decreasing	BACH1	MA1633.2	1.07	0.000101	4528	4848
Decreasing	ZNF677	MA2101.1	1.04	0.000109	8472	9346
Decreasing	OTX1	MA0711.2	1.01	0.000111	13725	15542
Decreasing	PHOX2A	MA0713.1	1.03	0.000115	10353	11531
Decreasing	Nkx2-1	MA1994.2	1.06	0.000115	5540	5994
Decreasing	Six4	MA2001.2	1.03	0.000117	9788	10873
Decreasing	Hmx3	MA0898.2	1.03	0.000122	11220	12549
Decreasing	BARHL2	MA0635.2	1.03	0.000123	11404	12766
Decreasing	BNC2	MA1928.2	1.03	0.000136	11318	12667
Decreasing	Pparg::Rxra	MA0065.3	1.02	0.000136	12077	13564
Decreasing	TRPS1	MA1970.2	1.01	0.000143	13698	15513
Decreasing	UNCX	MA0721.2	1.01	0.000149	13731	15554
Decreasing	Nfatc1	MA0624.3	1.03	0.000154	11171	12497
Decreasing	RREB1	MA0073.2	1.1	0.00016	2575	2680
Decreasing	FOSL2::JUND	MA1145.2	1.11	0.00016	2187	2253
Decreasing	JUN::JUNB	MA1133.2	1.11	0.000163	2425	2515
Decreasing	ATF7	MA0834.2	1.17	0.000185	1151	1131
Decreasing	Ascl2	MA0816.1	1.03	0.000185	10304	11486
Decreasing	HOXA10	MA0899.2	1.03	0.000196	11224	12565
Decreasing	FOXL1	MA0033.2	1.02	0.000207	11353	12718
Decreasing	VSX1	MA0725.2	1.01	0.000209	13932	15806
Decreasing	JUNB	MA1140.3	1.14	0.000218	1548	1561
Decreasing	JUN	MA0488.2	1.26	0.000223	548	499
Decreasing	FOSB::JUNB	MA1135.2	1.07	0.00024	4504	4842
Decreasing	TEF	MA0843.2	1.19	0.000244	924	893
Decreasing	BATF3	MA0835.3	1.02	0.000244	12837	14482
Decreasing	SHOX	MA0630.2	1.01	0.000244	14016	15912
Decreasing	SNAI3	MA1559.2	1.11	0.000244	2328	2416
Decreasing	EVX1	MA0887.2	1.01	0.000249	14479	16493
Decreasing	MYOD1	MA0499.3	1.14	0.000263	1450	1458
Decreasing	NKX6-2	MA0675.2	1.01	0.000264	13859	15720
Decreasing	JUN::JUNB	MA1132.2	1.02	0.000272	12906	14567
Decreasing	SIX1	MA1118.2	1.02	0.000301	11373	12751
Decreasing	NKX6-1	MA0674.2	1.01	0.000301	13498	15282
Decreasing	Gata3	MA0037.5	1.01	0.000309	14359	16343
Decreasing	BHLHE40	MA0464.3	1.07	0.000309	4112	4408
Decreasing	PAX4	MA0068.2	1.02	0.000309	12224	13757
Decreasing	Ptf1A	MA1619.2	1.14	0.000322	1446	1457
Decreasing	DRGX	MA1481.2	1.02	0.000328	11342	12717
Decreasing	Arntl	MA0603.2	1.26	0.000345	502	456
Decreasing	HOXB3	MA0903.2	1.01	0.000392	13787	15638
Decreasing	FOSL1::JUN	MA1128.2	1.06	0.000398	5391	5858
Decreasing	HOXB2	MA0902.3	1.04	4e-04	8529	9448
Decreasing	FOS::JUN	MA1126.2	1.1	0.000401	2290	2384
Decreasing	FOS::JUN	MA0099.4	1.05	0.000421	6470	7087
Decreasing	NKX2-8	MA0673.2	1.16	0.000425	1097	1085
Decreasing	Vdr	MA0693.4	1.01	0.000432	13414	15187
Decreasing	IKZF1	MA1508.2	1.05	0.000439	6396	7004
Decreasing	GSC	MA0648.2	1.02	0.000447	13196	14925
Decreasing	FOXB1	MA0845.1	1.04	0.000486	7965	8804
Decreasing	MEIS2	MA0774.1	1.01	0.000495	13723	15564
Decreasing	ATF3	MA0605.3	1.3	0.000581	380	336
Decreasing	RFX2	MA0600.3	1.23	0.000603	558	519
Decreasing	ZBED2	MA1971.2	1.02	0.000608	12739	14384
Decreasing	NFKB1	MA0105.4	2.34	0.000661	48	23
Decreasing	EVX2	MA0888.2	1.01	0.00071	13821	15689
Decreasing	FOSB::JUN	MA1127.1	1.03	0.000725	10517	11771
Decreasing	FOS::JUNB	MA1134.2	1.06	0.000725	4560	4934
Decreasing	BATF	MA1634.2	1.02	0.000768	11151	12514
Decreasing	TGIF2	MA0797.1	1.1	0.000817	2318	2429
Decreasing	GATA1	MA0035.5	1.03	0.000817	9635	10748
Decreasing	Arid3b	MA0601.2	1.03	0.000835	9273	10329
Decreasing	SIX2	MA1119.2	1.01	0.00087	13901	15790
Decreasing	POU6F2	MA0793.2	1.02	0.000884	11469	12891
Decreasing	Stat6	MA0520.2	1.06	0.000884	4879	5300
Decreasing	POU6F1	MA1549.2	1.02	0.000925	12998	14702
Decreasing	HOXA7	MA1498.3	1.01	0.001	13582	15405
Decreasing	THRB	MA1574.2	1.04	0.00106	7901	8753
Decreasing	GRHL1	MA0647.2	1.21	0.00112	596	565
Decreasing	DMRTC2	MA1479.2	1.02	0.00115	11494	12927
Decreasing	CREM	MA0609.3	1.07	0.00123	3678	3955
Decreasing	VAX1	MA0722.2	1.01	0.00123	14020	15941
Decreasing	SCRT1	MA0743.3	1.13	0.00138	1259	1277
Decreasing	SREBF2	MA0596.1	1.06	0.00141	4484	4866
Decreasing	MSC	MA0665.1	1.06	0.00147	4467	4848
Decreasing	POU3F4	MA0789.1	1.03	0.00152	10057	11256
Decreasing	Nfatc2	MA0152.3	1.01	0.00154	14133	16083
Decreasing	FOSB::JUNB	MA1136.1	1.11	0.00154	1568	1616
Decreasing	BARHL1	MA0877.4	1.02	0.00154	12365	13961
Decreasing	NKX2-4	MA2003.2	1.26	0.0017	382	347
Decreasing	ZNF667	MA1984.2	1.02	0.00171	11709	13190
Decreasing	TFEB	MA0692.2	1.2	0.00177	613	588
Decreasing	BACH2	MA1101.3	1.27	0.00179	360	325
Decreasing	OSR2	MA1646.2	1.05	0.00185	4821	5255
Decreasing	MAFF	MA0495.4	1.01	0.00185	13546	15373
Decreasing	NFIA	MA0670.2	1.27	0.00203	357	323
Decreasing	NFIX	MA0671.2	1.27	0.00203	357	323
Decreasing	Sox5	MA0087.3	1.04	0.00209	6984	7722
Decreasing	KLF16	MA0741.1	11.5	0.00213	9	0
Decreasing	FOS	MA1951.2	1.07	0.00222	3495	3765
Decreasing	Atf3	MA1988.2	1.02	0.00229	10819	12156
Decreasing	PITX3	MA0714.2	1.01	0.00235	13968	15888
Decreasing	GATA1::TAL1	MA0140.3	1.13	0.00239	1151	1169
Decreasing	RAX2	MA0717.2	1.01	0.00245	13464	15280
Decreasing	MAX	MA0058.4	1.16	0.00251	797	788
Decreasing	CREB3L4	MA1474.2	1.08	0.00255	2454	2605
Decreasing	RFX4	MA0799.3	1.13	0.00269	1105	1121
Decreasing	MEIS1	MA1639.2	1.02	0.00287	11142	12540
Decreasing	TP63	MA0525.2	1.7	0.00287	79	53
Decreasing	Arid5a	MA0602.2	1.02	0.00289	11602	13079
Decreasing	JUND	MA0492.2	1.19	0.00319	579	559
Decreasing	Ppara	MA2338.1	1.01	0.00329	14034	15974
Decreasing	CEBPA	MA0102.5	1.01	0.00337	12642	14308
Decreasing	ZNF680	MA1729.2	1.02	0.00337	10592	11903
Decreasing	STAT3	MA0144.3	1.02	0.00337	9658	10818
Decreasing	MAFA	MA1521.2	1.01	0.00337	13630	15486
Decreasing	Tcf21	MA0832.2	1.27	0.00369	304	274
Decreasing	POU2F1::SOX2	MA1962.1	1.06	0.00378	3871	4203
Decreasing	USF1	MA0093.4	1.02	0.00396	10749	12091
Decreasing	OTX2	MA0712.3	1.01	0.00396	14019	15959
Decreasing	HOXA6	MA1497.2	1.01	0.00409	14203	16184
Decreasing	PROX1	MA0794.1	1.1	0.00418	1713	1795
Decreasing	Dlx4	MA0881.2	1.01	0.00419	13805	15701
Decreasing	ETV2::FOXI1	MA1942.2	1.02	0.00419	9517	10662
Decreasing	BSX	MA0876.2	1.02	0.00422	12315	13928
Decreasing	LHX2	MA0700.3	1.02	0.00425	11906	13447
Decreasing	RELA	MA0107.1	1.07	0.00428	2542	2716
Decreasing	ESRRA	MA0592.4	1.01	0.00429	12920	14644
Decreasing	FOSL2::JUN	MA1130.2	1.03	0.00481	7785	8669
Decreasing	BCL6	MA0463.3	1.03	0.00572	7647	8516
Decreasing	Pax7	MA0680.3	1.02	0.00573	9242	10354
Decreasing	Lhx1	MA1518.3	1.01	0.00574	12466	14114
Decreasing	Elf5	MA0136.4	1.01	0.00607	13499	15341
Decreasing	MEOX1	MA0661.2	1.01	0.00671	12972	14716
Decreasing	Nkx3-2	MA0122.4	1.03	0.00739	7009	7793
Decreasing	Dlx5	MA1476.3	1.01	0.00753	13299	15107
Decreasing	SREBF1	MA0829.3	1.28	0.00796	240	215
Decreasing	DLX6	MA0882.2	1.01	0.00799	13907	15836
Decreasing	TEAD4	MA0809.3	1.01	0.00805	14339	16361
Decreasing	NFIB	MA1643.2	1.58	0.00811	80	58
Decreasing	MEOX2	MA0706.2	1.01	0.00819	14039	15996
Decreasing	JUND	MA0491.3	1.09	0.00821	1489	1562
Decreasing	GSX1	MA0892.2	1.01	0.00821	12834	14558
Decreasing	THRB	MA1576.2	1.34	0.00839	172	147
Decreasing	EN1	MA0027.3	1.01	0.0092	12171	13780
Decreasing	ZNF75D	MA1601.2	1.04	0.0092	5909	6544
Decreasing	NFATC4	MA1525.3	1.29	0.0093	218	194
Decreasing	ASCL1	MA1631.2	1.08	0.00956	2082	2223
Decreasing	MAF	MA1520.2	1.01	0.00971	12361	14005
Decreasing	MYBL1	MA0776.1	1.09	0.00984	1622	1713
Decreasing	FOSL1::JUND	MA1142.2	1.02	0.00984	11551	13056
Decreasing	SREBF2	MA0828.3	1.17	0.0103	521	512
Decreasing	EGR2	MA0472.2	2.1	0.0107	32	17
Decreasing	MYC	MA0147.4	1.13	0.0109	812	826
Decreasing	Dlx3	MA0880.2	1.01	0.011	13789	15701
Decreasing	TCF4	MA0830.3	1.23	0.011	305	285
Decreasing	SREBF1	MA0595.1	1.08	0.0125	1746	1856
Decreasing	ISL2	MA0914.2	1.01	0.0127	12774	14499
Decreasing	NFE2	MA0841.2	1.19	0.0134	388	374
Decreasing	MLXIPL	MA0664.2	1.21	0.0135	328	311
Decreasing	Arnt	MA0004.1	1.16	0.0143	503	497
Decreasing	Mlxip	MA0622.2	1.16	0.0143	503	497
Decreasing	MNT	MA0825.2	1.16	0.0143	503	497
Decreasing	NFKB2	MA0778.2	1.62	0.0143	61	43
Decreasing	Hand1::Tcf3	MA0092.2	1.01	0.0145	13965	15918
Decreasing	SPIB	MA0081.3	1.01	0.0153	12693	14409
Decreasing	TFEC	MA0871.3	1.2	0.0155	338	323
Decreasing	TP73	MA0861.2	1.11	0.0159	961	995
Decreasing	PPARA::RXRA	MA1148.2	1.02	0.0165	8702	9770
Decreasing	NFIC::TLX1	MA0119.1	1.54	0.0169	70	52
Decreasing	ZNF547	MA2334.1	1.02	0.0179	8313	9325
Decreasing	ARNT2	MA1464.2	1.24	0.018	233	215
Decreasing	REL	MA0101.1	1.09	0.0181	1313	1385
Dip and recovery	ZBED4	MA2328.1	1.97	4.57e-243	3376	3630
Dip and recovery	KLF15	MA1513.2	1.76	1.98e-222	3863	4653
Dip and recovery	ZNF610	MA1713.2	1.68	4.93e-173	3591	4530
Dip and recovery	ELK3	MA0759.3	1.48	6.99e-173	4697	6715
Dip and recovery	TFDP1	MA1122.2	1.48	2.85e-167	4630	6629
Dip and recovery	EGR4	MA0733.2	1.58	1.65e-155	3849	5175
Dip and recovery	ETV4	MA0764.4	1.36	5.79e-153	5402	8431
Dip and recovery	ZBTB14	MA1650.2	1.58	3.63e-152	3785	5083
Dip and recovery	ETV5	MA0765.4	1.39	5.77e-151	5060	7701
Dip and recovery	HINFP	MA0131.3	1.75	5.77e-151	3002	3641
Dip and recovery	EGR1	MA0162.5	1.56	9.66e-145	3743	5072
Dip and recovery	SP5	MA1965.2	1.42	6.64e-136	4582	6843
Dip and recovery	E2F8	MA0865.3	1.46	1.28e-132	4186	6066
Dip and recovery	ZBTB7A	MA0750.3	1.33	9.17e-132	5322	8479
Dip and recovery	SP2	MA0516.3	1.54	1.58e-131	3687	5092
Dip and recovery	PATZ1	MA1961.2	1.72	1.33e-130	2786	3429
Dip and recovery	SP1	MA0079.5	1.44	3.08e-130	4297	6317
Dip and recovery	SP4	MA0685.2	1.56	2.99e-129	3523	4800
Dip and recovery	Gmeb1	MA0615.2	1.47	6.41e-129	4036	5805
Dip and recovery	KLF2	MA1515.2	1.43	1.32e-128	4345	6433
Dip and recovery	ZBTB33	MA0527.2	1.52	1.66e-128	3710	5168
Dip and recovery	KLF1	MA0493.3	1.42	3.71e-126	4373	6517
Dip and recovery	EGR3	MA0732.2	1.66	3.03e-123	2898	3696
Dip and recovery	EGR2	MA0472.2	1.49	1.58e-121	3766	5349
Dip and recovery	ELK1	MA0028.3	1.31	1.61e-121	5392	8752
Dip and recovery	Nrf1	MA0506.3	1.43	2.81e-121	4250	6319
Dip and recovery	FEV	MA0156.4	1.32	7.2e-119	5174	8300
Dip and recovery	KLF7	MA1959.2	1.4	1.75e-117	4402	6673
Dip and recovery	ZNF148	MA1653.2	1.35	2.45e-116	4838	7602
Dip and recovery	Zbtb2	MA2340.1	1.25	1.69e-115	6002	10223
Dip and recovery	ZFP57	MA1583.2	1.36	2.96e-115	4669	7256
Dip and recovery	E2F6	MA0471.3	1.45	9.93e-114	3905	5708
Dip and recovery	ZBTB11	MA2329.1	1.41	2.47e-113	4219	6345
Dip and recovery	ZNF454	MA1712.2	1.64	2.45e-109	2738	3538
Dip and recovery	SP9	MA1564.2	1.55	2.33e-108	3135	4278
Dip and recovery	ZNF460	MA1596.1	1.4	1.56e-107	4146	6263
Dip and recovery	ZNF93	MA1721.2	1.75	2.03e-103	2228	2694
Dip and recovery	MAZ	MA1522.2	1.53	3.6e-103	3138	4338
Dip and recovery	TCFL5	MA0632.3	1.62	7.84e-101	2645	3453
Dip and recovery	PAX5	MA0014.4	1.48	2.44e-99	3364	4810
Dip and recovery	Foxn1	MA1684.1	1.8	8.04e-99	2008	2360
Dip and recovery	HIF1A	MA1106.2	1.39	1.12e-98	4077	6228
Dip and recovery	KLF12	MA0742.2	1.88	2.42e-94	1762	1989
Dip and recovery	ELK1::SREBF2	MA1933.2	1.53	7.42e-92	2924	4059
Dip and recovery	KLF3	MA1516.2	1.36	5.42e-90	4134	6452
Dip and recovery	ELF4	MA0641.1	1.42	4.94e-89	3595	5381
Dip and recovery	CREB3L4	MA1474.2	1.32	8.01e-87	4497	7246
Dip and recovery	HES2	MA0616.3	1.49	3.15e-85	2963	4207
Dip and recovery	KLF6	MA1517.2	1.3	5.58e-85	4618	7526
Dip and recovery	ELF2	MA1483.3	1.4	1.42e-84	3626	5498
Dip and recovery	PAX2	MA0067.3	1.47	3.61e-83	3062	4419
Dip and recovery	KLF10	MA1511.2	1.67	1.62e-82	2108	2681
Dip and recovery	HES1	MA1099.3	1.51	4.05e-82	2810	3956
Dip and recovery	ETS1	MA0098.4	1.28	1.86e-80	4740	7848
Dip and recovery	HEY1	MA0823.1	1.33	1.94e-78	4142	6622
Dip and recovery	FLI1	MA0475.3	1.28	2.94e-78	4703	7800
Dip and recovery	E2F1	MA0024.3	1.37	3.09e-78	3691	5710
Dip and recovery	KLF14	MA0740.2	2.04	3.84e-78	1249	1298
Dip and recovery	ARNT::HIF1A	MA0259.2	1.28	8.14e-78	4668	7732
Dip and recovery	HES5	MA0821.2	1.52	9.49e-78	2598	3613
Dip and recovery	YY2	MA0748.3	1.37	7.71e-77	3670	5687
Dip and recovery	PAX8	MA2094.1	1.39	2.18e-75	3409	5189
Dip and recovery	EPAS1	MA2325.1	1.29	2.8e-75	4465	7339
Dip and recovery	SP3	MA0746.3	1.47	5.18e-74	2809	4051
Dip and recovery	ETS2	MA1484.2	1.28	3.37e-73	4564	7578
Dip and recovery	ELK4	MA0076.3	1.31	4.54e-73	4107	6626
Dip and recovery	Atf1	MA0604.1	1.38	1.92e-72	3469	5347
Dip and recovery	KLF11	MA1512.2	1.32	1.73e-69	3982	6421
Dip and recovery	Wt1	MA1627.2	1.44	1.73e-69	2907	4294
Dip and recovery	ETV6	MA0645.2	1.21	5.36e-68	5353	9368
Dip and recovery	TFAP2B	MA0811.2	1.26	2.74e-66	4624	7809
Dip and recovery	Ahr::Arnt	MA0006.2	1.53	8.76e-66	2278	3166
Dip and recovery	ETV7	MA1708.2	1.22	7.57e-65	5189	9054
Dip and recovery	TFAP2C	MA0814.3	1.33	5.51e-64	3624	5776
Dip and recovery	TFAP2B	MA0812.2	1.37	6.1e-64	3241	5016
Dip and recovery	TFAP2A	MA0810.2	1.24	7.1e-64	4729	8071
Dip and recovery	KLF16	MA0741.1	1.3	7.45e-64	3936	6411
Dip and recovery	TFAP4::ETV1	MA1966.2	1.24	1.92e-63	4708	8033
Dip and recovery	ZNF213	MA2121.1	1.22	4.67e-63	5033	8741
Dip and recovery	ZNF281	MA1630.3	1.32	3.18e-62	3652	5859
Dip and recovery	CREB3L4	MA1475.2	1.3	5.5e-62	3849	6262
Dip and recovery	ERF	MA0760.2	1.17	6.21e-62	5844	10572
Dip and recovery	TFAP2C	MA0524.3	1.25	6.83e-61	4461	7549
Dip and recovery	OVOL2	MA1545.2	1.45	1.23e-59	2522	3695
Dip and recovery	E2F2	MA0864.3	1.31	1.68e-59	3710	6018
Dip and recovery	ZNF692	MA1986.2	1.35	1.91e-59	3309	5216
Dip and recovery	ZNF669	MA1985.1	1.41	3.99e-59	2725	4086
Dip and recovery	SPDEF	MA0686.2	1.35	2.42e-58	3184	4986
Dip and recovery	ETV2	MA0762.2	1.24	1.23e-56	4473	7644
Dip and recovery	ZNF263	MA0528.3	1.44	9.1e-56	2418	3552
Dip and recovery	IKZF2	MA2326.1	1.25	1.88e-55	4304	7308
Dip and recovery	ELK1::HOXB13	MA1932.2	1.51	3.24e-54	2011	2822
Dip and recovery	ZNF740	MA0753.3	1.34	2.49e-52	3082	4877
Dip and recovery	KLF4	MA0039.5	1.14	2.52e-52	6153	11443
Dip and recovery	SOHLH2	MA1560.2	1.36	5.94e-52	2922	4570
Dip and recovery	ETV2::FIGLA	MA1941.2	1.22	1.19e-51	4631	8065
Dip and recovery	TFAP2E	MA1569.2	1.58	1.65e-50	1623	2174
Dip and recovery	ARNT2	MA1464.2	1.38	4e-50	2617	4009
Dip and recovery	PRDM9	MA1723.2	1.32	1.97e-49	3171	5099
Dip and recovery	Arnt	MA0004.1	1.4	2.8e-49	2475	3751
Dip and recovery	ZNF770	MA2099.1	1.26	2.86e-49	3834	6439
Dip and recovery	ZBED2	MA1971.2	1.12	6.62e-49	6435	12165
Dip and recovery	ZNF530	MA1981.2	1.27	4.2e-48	3743	6273
Dip and recovery	E2F4	MA0470.3	1.35	1.11e-45	2722	4280
Dip and recovery	ETV3	MA0763.2	1.51	5.73e-44	1681	2357
Dip and recovery	CREB3	MA0638.2	1.37	3.48e-43	2463	3821
Dip and recovery	XBP1	MA0844.2	1.91	1.36e-42	818	907
Dip and recovery	ZNF320	MA1976.2	1.21	2.3e-42	4269	7469
Dip and recovery	ZNF701	MA1987.2	1.17	4.86e-42	5015	9071
Dip and recovery	KLF9	MA1107.3	1.21	4.51e-41	4287	7532
Dip and recovery	Erg	MA0474.4	1.38	8.18e-41	2270	3491
Dip and recovery	EHF	MA0598.4	1.45	1.57e-40	1849	2709
Dip and recovery	Creb3l2	MA0608.1	1.43	8.53e-40	1891	2797
Dip and recovery	ZNF682	MA1599.2	1.23	3.86e-39	3718	6387
Dip and recovery	TFAP2A	MA0003.5	1.27	4.19e-39	3247	5431
Dip and recovery	Neurod2	MA1993.2	1.3	9.46e-39	2881	4709
Dip and recovery	Olig2	MA1997.2	1.3	9.46e-39	2881	4709
Dip and recovery	Twist2	MA0633.3	1.3	9.46e-39	2881	4709
Dip and recovery	GMEB2	MA0862.1	1.49	1.59e-38	1584	2255
Dip and recovery	Npas4	MA1995.2	1.2	1.64e-38	4273	7554
Dip and recovery	ZFP14	MA1972.1	1.25	9.05e-38	3340	5644
Dip and recovery	KLF5	MA0599.1	2.01	1.29e-37	648	685
Dip and recovery	MAX	MA0058.4	1.7	9.47e-37	977	1220
Dip and recovery	ZNF343	MA1711.2	1.42	1.15e-36	1811	2696
Dip and recovery	RFX7	MA1554.2	1.12	1.31e-36	6008	11394
Dip and recovery	HEY2	MA0649.2	1.36	1.47e-36	2214	3454
Dip and recovery	Zfx	MA0146.3	1.3	1.5e-36	2734	4460
Dip and recovery	Zfp961	MA2126.1	1.16	1.9e-35	4997	9167
Dip and recovery	ETV5::FIGLA	MA1945.2	1.17	2.21e-35	4636	8390
Dip and recovery	HOXB2::ELK1	MA1957.1	1.72	1e-33	870	1074
Dip and recovery	BHLHE40	MA0464.3	1.19	7.76e-32	4043	7213
Dip and recovery	KLF17	MA1514.2	1.13	6.56e-31	5329	9993
Dip and recovery	ETV1	MA0761.3	1.4	8.76e-31	1672	2530
Dip and recovery	ERF::FOXI1	MA1935.2	1.85	2e-29	617	706
Dip and recovery	FOSL1::JUND	MA1143.2	1.4	3.16e-29	1632	2481
Dip and recovery	ETV2::FOXI1	MA1942.2	1.47	1.18e-28	1268	1825
Dip and recovery	Arntl	MA0603.2	1.31	2.39e-28	2180	3535
Dip and recovery	SP8	MA0747.2	1.53	6e-28	1071	1485
Dip and recovery	ZNF257	MA1710.2	1.11	1.44e-27	5786	11086
Dip and recovery	VEZF1	MA1578.2	1.44	3.76e-27	1332	1963
Dip and recovery	MEIS1	MA0498.3	1.14	6.18e-27	4699	8718
Dip and recovery	ERF::FIGLA	MA1934.2	1.29	8.77e-27	2258	3717
Dip and recovery	GABPA	MA0062.4	1.46	4.69e-26	1220	1777
Dip and recovery	FEZF2	MA2341.1	1.09	1.08e-25	6062	11753
Dip and recovery	FOXJ2::ELF1	MA1952.2	1.48	1.36e-25	1127	1617
Dip and recovery	ELK1::HOXA1	MA1931.1	2.12	1.57e-25	389	389
Dip and recovery	TFAP2C	MA0815.1	1.4	2.67e-25	1406	2128
Dip and recovery	BHLHE22	MA1635.2	1.24	3.76e-25	2653	4529
Dip and recovery	SMAD2	MA1964.2	1.29	4.27e-25	2161	3563
Dip and recovery	ZNF135	MA1587.1	1.17	3.9e-24	3771	6829
Dip and recovery	CREM	MA0609.3	1.31	7.5e-24	1845	2979
Dip and recovery	ZKSCAN5	MA1652.2	1.14	1.32e-23	4607	8606
Dip and recovery	ZNF417	MA1727.2	1.13	3.47e-23	4656	8722
Dip and recovery	JUNB	MA1140.3	1.49	4.23e-23	996	1420
Dip and recovery	ZNF574	MA1982.2	1.17	1.95e-22	3652	6626
Dip and recovery	ZNF175	MA2332.1	1.31	4.14e-22	1751	2834
Dip and recovery	ZNF816	MA1719.2	1.17	5.37e-21	3503	6356
Dip and recovery	TFAP2B	MA0813.1	1.31	7.75e-21	1670	2705
Dip and recovery	ELF1	MA0473.4	1.38	3.28e-20	1232	1894
Dip and recovery	MAFA	MA1521.2	1.15	3.99e-20	3883	7170
Dip and recovery	TFAP2A	MA0872.1	1.51	4.34e-20	817	1147
Dip and recovery	Thap11	MA1573.2	5.09	1.01e-19	95	39
Dip and recovery	BHLHE41	MA0636.1	1.52	1.16e-19	773	1076
Dip and recovery	ZNF524	MA2096.1	1.15	4.67e-19	3798	7023
Dip and recovery	PLAG1	MA0163.1	1.24	4.93e-19	2214	3802
Dip and recovery	Spi1	MA0080.7	1.17	6.9e-19	3222	5836
Dip and recovery	CREB3L1	MA0839.2	1.34	3.62e-18	1312	2081
Dip and recovery	MYC	MA0147.4	1.41	3.91e-18	1009	1521
Dip and recovery	SPIB	MA0081.3	1.1	1.45e-17	5057	9747
Dip and recovery	FLI1::DRGX	MA1949.2	1.42	4.5e-17	910	1359
Dip and recovery	MLX	MA0663.1	1.28	1.86e-16	1549	2567
Dip and recovery	MNT	MA0825.2	1.24	3.6e-16	1856	3169
Dip and recovery	PAX1	MA0779.2	1.44	8.59e-16	779	1144
Dip and recovery	NR2C2	MA0504.2	1.13	9.05e-16	3890	7316
Dip and recovery	PAX3	MA1546.2	1.15	1.37e-15	3184	5855
Dip and recovery	FOXO1::ELK1	MA1954.2	1.99	1.62e-15	266	283
Dip and recovery	FOS	MA1951.2	1.71	1.75e-15	405	503
Dip and recovery	FOS::JUN	MA1126.2	1.58	2.19e-15	525	705
Dip and recovery	NFYB	MA0502.3	1.75	8.09e-15	357	432
Dip and recovery	ATF7	MA0834.2	1.44	3.47e-14	712	1050
Dip and recovery	ETV5::FOXI1	MA1946.2	1.08	3.64e-14	5622	11090
Dip and recovery	FLI1::FOXI1	MA1950.2	1.48	5.01e-14	624	896
Dip and recovery	OSR1	MA1542.2	1.07	6.3e-14	5720	11314
Dip and recovery	NFYC	MA1644.2	1.58	6.9e-14	472	634
Dip and recovery	SMAD5	MA1557.1	1.28	9.57e-14	1312	2175
Dip and recovery	JDP2	MA0656.2	1.47	1.2e-13	615	886
Dip and recovery	IKZF1	MA1508.2	1.63	1.28e-13	412	536
Dip and recovery	Creb5	MA0840.2	1.35	2.68e-13	911	1429
Dip and recovery	FOXO1::ELK3	MA1955.2	2.01	2.84e-13	220	232
Dip and recovery	Zfp335	MA2002.2	1.06	3.1e-13	6264	12548
Dip and recovery	ZNF449	MA1656.2	1.09	1e-12	4566	8853
Dip and recovery	TGIF2LY	MA1572.1	1.17	2.49e-12	2277	4113
Dip and recovery	NFYA	MA0060.4	1.42	2.64e-12	651	972
Dip and recovery	MYB	MA0100.4	1.21	3.24e-12	1760	3086
Dip and recovery	ERF::FOXO1	MA1936.2	1.43	5.13e-12	616	914
Dip and recovery	ZBED1	MA0749.2	1.73	8.9e-12	289	354
Dip and recovery	ZFP42	MA1651.2	1.52	9.28e-12	454	632
Dip and recovery	PROX1	MA0794.1	1.19	1.22e-11	1943	3466
Dip and recovery	RUNX2	MA0511.2	1.06	1.55e-11	5824	11627
Dip and recovery	GLIS2	MA0736.1	1.43	2.23e-11	586	871
Dip and recovery	RARB	MA1552.2	1.09	2.69e-11	4242	8218
Dip and recovery	Gli2	MA0734.4	1.05	5.5e-11	6265	12626
Dip and recovery	NR1I2	MA1533.2	1.11	9.47e-11	3466	6608
Dip and recovery	TFE3	MA0831.3	2.94	1.69e-10	85	61
Dip and recovery	FOSB::JUN	MA1127.1	2.07	1.7e-10	159	163
Dip and recovery	NFATC3	MA0625.3	1.79	2.22e-10	229	272
Dip and recovery	FOXO1::ELF1	MA1953.2	1.48	2.59e-10	452	650
Dip and recovery	TGIF2LX	MA1571.1	1.06	6.68e-10	5617	11235
Dip and recovery	ZKSCAN3	MA1973.2	1.09	1.09e-09	3901	7563
Dip and recovery	KLF13	MA0657.2	1.68	1.57e-09	253	320
Dip and recovery	TFEB	MA0692.2	2.11	1.6e-09	137	138
Dip and recovery	FOSL1::JUN	MA1129.1	2.47	2.07e-09	99	85
Dip and recovery	TFEC	MA0871.3	1.88	2.39e-09	177	200
Dip and recovery	JUN::JUNB	MA1133.2	1.1	2.61e-09	3543	6828
Dip and recovery	INSM1	MA0155.1	1.09	4.61e-09	4026	7854
Dip and recovery	TCF12	MA1648.2	1.04	4.86e-09	6721	13721
Dip and recovery	ETV5::DRGX	MA1944.2	1.38	5.15e-09	546	841
Dip and recovery	MEIS3	MA0775.2	1.1	5.5e-09	3300	6335
Dip and recovery	ERF::HOXB13	MA1937.2	1.03	5.92e-09	6971	14293
Dip and recovery	SREBF1	MA0595.1	1.09	6.38e-09	3658	7086
Dip and recovery	RXRG	MA1556.1	1.27	1.11e-08	849	1414
Dip and recovery	ETV5::HOXA2	MA1948.2	1.17	1.37e-08	1634	2950
Dip and recovery	ATF6	MA1466.2	1.65	1.37e-08	236	303
Dip and recovery	HES6	MA1493.1	1.21	1.42e-08	1223	2139
Dip and recovery	FOXO1::FLI1	MA1956.2	1.98	1.6e-08	139	149
Dip and recovery	USF2	MA0526.5	2.1	1.75e-08	120	121
Dip and recovery	Ikzf3	MA1992.2	1.02	2.24e-08	7444	15410
Dip and recovery	SPIC	MA0687.2	1.13	2.24e-08	2425	4556
Dip and recovery	MLXIPL	MA0664.2	1.2	5.19e-08	1233	2176
Dip and recovery	TP73	MA0861.2	1.16	5.69e-08	1686	3076
Dip and recovery	ERF::NHLH1	MA1938.2	1.34	6.04e-08	562	892
Dip and recovery	FOSB::JUNB	MA1136.1	2.32	6.51e-08	90	82
Dip and recovery	MITF	MA0620.4	1.85	8.79e-08	149	171
Dip and recovery	GCM2	MA0767.2	1.07	1.25e-07	4331	8568
Dip and recovery	Elf5	MA0136.4	1.13	1.27e-07	2218	4165
Dip and recovery	ETV2::DRGX	MA1940.2	1.24	1.65e-07	872	1489
Dip and recovery	SREBF2	MA0828.3	1.55	1.67e-07	255	349
Dip and recovery	Mlxip	MA0622.2	1.81	1.98e-07	150	176
Dip and recovery	CLOCK	MA0819.3	1.18	2.33e-07	1335	2399
Dip and recovery	TBX4	MA0806.1	1.02	2.95e-07	7725	16114
Dip and recovery	ZBTB24	MA2330.1	1.14	3.14e-07	1909	3554
Dip and recovery	ZBTB7B	MA0694.2	1.18	3.49e-07	1292	2320
Dip and recovery	ZNF708	MA1730.2	1.05	8.28e-07	5158	10380
Dip and recovery	ZIC4	MA0751.2	1.05	1.53e-06	5534	11207
Dip and recovery	MAF	MA1520.2	1.06	1.75e-06	4338	8642
Dip and recovery	ELF3	MA0640.3	1.34	2.52e-06	425	673
Dip and recovery	EBF3	MA1637.2	1.03	2.84e-06	6520	13383
Dip and recovery	NFIB	MA1643.2	1.1	3.28e-06	2619	5053
Dip and recovery	THRB	MA1575.2	1.25	3.66e-06	675	1148
Dip and recovery	ATF3	MA0605.3	1.56	5.47e-06	192	262
Dip and recovery	FOSL2::JUND	MA1145.2	1.11	6.02e-06	2138	4077
Dip and recovery	FOSL2::JUNB	MA1139.2	1.13	6.04e-06	1793	3374
Dip and recovery	MGA	MA0801.1	1.02	7.27e-06	7415	15421
Dip and recovery	REST	MA0138.3	1.13	7.32e-06	1686	3161
Dip and recovery	ZNF76	MA1716.2	2.94	8.37e-06	42	30
Dip and recovery	ERF::SREBF2	MA1939.2	1.68	8.66e-06	138	174
Dip and recovery	RXRB	MA1555.1	1.1	1.06e-05	2454	4739
Dip and recovery	Zic1::Zic2	MA1628.2	1.03	1.53e-05	6755	13940
Dip and recovery	MYBL2	MA0777.1	1.12	1.82e-05	1685	3177
Dip and recovery	IRF5	MA1420.1	1.08	2.25e-05	3012	5914
Dip and recovery	RFX4	MA0799.3	1.23	2.68e-05	621	1069
Dip and recovery	ZNF768	MA1731.2	1.02	3.23e-05	7292	15163
Dip and recovery	CREB1	MA0018.5	2.06	3.95e-05	68	70
Dip and recovery	HOXD12::ELK1	MA1958.2	1.42	4.51e-05	233	348
Dip and recovery	Ebf2	MA1604.2	1.02	6.63e-05	7369	15351
Dip and recovery	NR2F1	MA1538.1	1.1	6.72e-05	2024	3897
Dip and recovery	TBX18	MA1565.2	1.02	7.63e-05	7430	15493
Dip and recovery	NR2C2	MA1536.2	1.02	8.19e-05	6825	14131
Dip and recovery	USF1	MA0093.4	1.44	9.82e-05	200	295
Dip and recovery	Tfcp2l1	MA0145.2	1.05	0.000102	4530	9156
Dip and recovery	ETV5::FOXO1	MA1947.2	1.11	0.000105	1620	3082
Dip and recovery	RARA::RXRG	MA1149.2	1.19	0.000111	747	1334
Dip and recovery	JUND	MA0492.2	1.43	0.000116	206	307
Dip and recovery	HAND2	MA1638.2	1.08	0.000136	2481	4857
Dip and recovery	TFCP2	MA1968.2	1.18	0.000162	773	1391
Dip and recovery	HES7	MA0822.1	1.53	0.000172	143	199
Dip and recovery	FOSL2::JUN	MA1131.2	1.09	0.000203	2238	4365
Dip and recovery	DBP	MA0639.2	1.16	0.000271	903	1657
Dip and recovery	CEBPG	MA0838.1	1.36	0.000274	237	370
Dip and recovery	THAP1	MA0597.3	1.03	0.000296	5549	11373
Dip and recovery	GLI3	MA1491.3	1.38	0.00043	208	321
Dip and recovery	MYOG	MA0500.3	1.06	0.000438	3083	6144
Dip and recovery	HOXA9	MA0594.3	1.23	0.000495	459	795
Dip and recovery	ZIC5	MA1584.2	1.09	0.00055	1815	3520
Dip and recovery	ZNF143	MA0088.2	2.9	0.00073	25	18
Dip and recovery	Zic2	MA1629.2	1.03	0.000752	5835	12019
Dip and recovery	FERD3L	MA1485.1	1.1	0.000752	1695	3282
Dip and recovery	PAX9	MA0781.2	1.46	0.00091	135	196
Dip and recovery	NFIX	MA0671.2	1.12	0.000977	1221	2322
Dip and recovery	JUN	MA0488.2	1.37	0.00104	189	294
Dip and recovery	Zic3	MA0697.3	1.02	0.00113	7090	14780
Dip and recovery	PBX3	MA1114.2	1.03	0.00129	5522	11360
Dip and recovery	RREB1	MA0073.2	1.09	0.00152	1684	3278
Dip and recovery	MTF1	MA0863.1	1.51	0.0017	104	146
Dip and recovery	GLIS1	MA0735.2	3.47	0.00178	17	10
Dip and recovery	GLIS3	MA0737.1	1.16	0.00185	659	1207
Dip and recovery	TBX5	MA0807.1	1.01	0.00244	7650	16057
Dip and recovery	ATF2	MA1632.2	1.53	0.00245	94	131
Dip and recovery	NR1H4::RXRA	MA1146.2	1.02	0.00266	7177	14994
Dip and recovery	Prdm5	MA1999.2	1.01	0.00307	7756	16305
Dip and recovery	MYCN	MA0104.5	1.02	0.00388	6407	13312
Dip and recovery	E2F3	MA0469.4	2.12	0.00623	29	29
Dip and recovery	CEBPB	MA0466.4	1.38	0.0068	121	186
Dip and recovery	NR4A2::RXRA	MA1147.2	1.03	0.00735	4450	9129
Dip and recovery	HSF4	MA0771.1	1.04	0.00858	3828	7816
Dip and recovery	RFX2	MA0600.3	1.48	0.00995	78	112
Dip and recovery	JUN::JUNB	MA1132.2	3.64	0.0105	11	6
Dip and recovery	NFIC	MA0161.3	1.01	0.0108	7884	16622
Dip and recovery	Yy1	MA0095.4	1.18	0.0126	346	622
Dip and recovery	ZNF331	MA1726.2	1.27	0.0154	167	279
Dip and recovery	MYBL1	MA0776.1	1.34	0.0154	115	182
Dip and recovery	PKNOX1	MA0782.3	1.33	0.0165	119	190
Dip and recovery	TCF7	MA0769.3	1.2	0.017	273	484
Dip and recovery	TCF4	MA0830.3	1.03	0.0171	4731	9763
Dip and recovery	ZNF549	MA1728.2	1.02	0.0174	6329	13194
Dip and recovery	Nr1H4	MA1110.3	1.01	0.018	6773	14160
Dip and recovery	NFATC4	MA1525.3	1.27	0.0201	159	267
Late Increasing	GABPA	MA0062.4	1.79	3e-164	3263	3452
Late Increasing	Erg	MA0474.4	1.81	3e-164	3181	3325
Late Increasing	ETV1	MA0761.3	1.58	9.52e-153	4067	4864
Late Increasing	ETS1	MA0098.4	1.42	6.68e-151	5217	6933
Late Increasing	ETS2	MA1484.2	1.56	9.1e-143	4033	4896
Late Increasing	Ikzf3	MA1992.2	1.75	1.44e-138	2987	3220
Late Increasing	ZNF175	MA2332.1	1.84	2.71e-138	2669	2734
Late Increasing	ETV2	MA0762.2	1.6	1.62e-135	3608	4247
Late Increasing	EHF	MA0598.4	1.67	2.32e-134	3272	3708
Late Increasing	ELF3	MA0640.3	1.66	3.82e-130	3231	3678
Late Increasing	FLI1	MA0475.3	1.62	9.6e-129	3381	3934
Late Increasing	ELK4	MA0076.3	1.54	4.5e-126	3805	4665
Late Increasing	ELF1	MA0473.4	1.79	7.93e-124	2595	2733
Late Increasing	ETV2::FOXI1	MA1942.2	1.43	5.59e-108	4227	5579
Late Increasing	ELF2	MA1483.3	1.33	4.45e-106	5193	7363
Late Increasing	ERF	MA0760.2	1.57	2.31e-102	3138	3781
Late Increasing	ETV4	MA0764.4	1.33	4.78e-99	5087	7247
Late Increasing	TBX2	MA0688.2	1.44	6.64e-96	3872	5090
Late Increasing	ETV6	MA0645.2	1.51	6.36e-93	3245	4054
Late Increasing	Spi1	MA0080.7	1.56	1.82e-90	2888	3491
Late Increasing	TBX3	MA1566.3	1.39	2.16e-89	4138	5633
Late Increasing	ETV7	MA1708.2	1.47	8.15e-86	3327	4269
Late Increasing	IKZF1	MA1508.2	1.67	9.52e-84	2273	2578
Late Increasing	IKZF2	MA2326.1	1.42	1.32e-83	3657	4859
Late Increasing	ZBTB11	MA2329.1	1.48	9.62e-83	3212	4110
Late Increasing	Tbx6	MA1567.3	2.1	2.5e-82	1302	1169
Late Increasing	Elf5	MA0136.4	1.34	4.63e-82	4395	6185
Late Increasing	FLI1::FOXI1	MA1950.2	1.48	1.32e-81	3166	4046
Late Increasing	TBX4	MA0806.1	1.53	1.76e-81	2829	3489
Late Increasing	FEV	MA0156.4	1.52	4.56e-81	2889	3592
Late Increasing	ELK1	MA0028.3	1.34	6.02e-81	4379	6171
Late Increasing	TBX5	MA0807.1	1.73	5.11e-80	1973	2153
Late Increasing	Runx1	MA0002.3	1.44	5.75e-80	3433	4518
Late Increasing	SPIB	MA0081.3	1.65	1.94e-79	2212	2525
Late Increasing	EOMES	MA0800.2	1.28	1.58e-77	5043	7441
Late Increasing	TBX21	MA0690.3	2.3	1.68e-76	1024	839
Late Increasing	TBR1	MA0802.2	1.26	2.83e-76	5317	7977
Late Increasing	TBX1	MA0805.1	1.52	4.51e-76	2728	3383
Late Increasing	ETV5	MA0765.4	1.37	7.17e-74	3785	5204
Late Increasing	FOXJ2::ELF1	MA1952.2	1.5	1.07e-73	2816	3554
Late Increasing	ERF::FOXI1	MA1935.2	1.43	1.91e-71	3229	4273
Late Increasing	ZBTB7A	MA0750.3	1.44	2.4e-70	3099	4066
Late Increasing	FOXO1::ELK1	MA1954.2	1.34	2.71e-70	4041	5705
Late Increasing	MGA	MA0801.1	2.1	2.19e-69	1108	994
Late Increasing	FOXO1::ELF1	MA1953.2	1.63	3.92e-64	1916	2215
Late Increasing	TBX15	MA0803.1	1.97	5.66e-63	1171	1125
Late Increasing	ELK1::HOXB13	MA1932.2	1.43	5.41e-61	2830	3729
Late Increasing	ELF4	MA0641.1	1.52	1.25e-60	2275	2820
Late Increasing	TBX20	MA0689.1	1.65	6.61e-60	1753	2006
Late Increasing	RUNX2	MA0511.2	1.28	4.73e-55	4187	6189
Late Increasing	Bcl11B	MA1989.2	1.55	2.47e-51	1874	2285
Late Increasing	SPDEF	MA0686.2	1.24	3.46e-51	4554	6924
Late Increasing	ETV3	MA0763.2	1.35	8.59e-51	3099	4326
Late Increasing	MEIS1	MA0498.3	1.25	2.14e-49	4273	6437
Late Increasing	HOXB2::ELK1	MA1957.1	1.27	5.88e-49	4047	6033
Late Increasing	KLF9	MA1107.3	1.23	4.88e-44	4339	6650
Late Increasing	KLF5	MA0599.1	1.27	5.22e-43	3637	5395
Late Increasing	TBX18	MA1565.2	1.18	1.84e-41	5217	8342
Late Increasing	MEIS3	MA0775.2	1.29	1.98e-38	3211	4718
Late Increasing	Zbtb2	MA2340.1	1.16	1.22e-36	5385	8757
Late Increasing	RUNX3	MA0684.3	1.39	4.45e-36	2100	2850
Late Increasing	ELK3	MA0759.3	1.2	5.6e-35	4318	6782
Late Increasing	KLF4	MA0039.5	1.18	1.27e-34	4722	7541
Late Increasing	KLF14	MA0740.2	1.27	2.04e-34	3143	4670
Late Increasing	FLI1::DRGX	MA1949.2	1.2	7.53e-34	4197	6582
Late Increasing	ELK1::HOXA1	MA1931.1	1.38	2.38e-33	2057	2820
Late Increasing	FOXO1::ELK3	MA1955.2	1.57	5.21e-32	1161	1393
Late Increasing	ETV5::DRGX	MA1944.2	1.16	9.11e-31	4907	7971
Late Increasing	KLF11	MA1512.2	1.16	2.86e-29	4945	8076
Late Increasing	KLF2	MA1515.2	1.19	5.29e-29	4130	6561
Late Increasing	KLF1	MA0493.3	1.3	2.18e-27	2342	3404
Late Increasing	ERF::FOXO1	MA1936.2	1.34	7.57e-26	1897	2674
Late Increasing	KLF7	MA1959.2	1.25	3.32e-25	2704	4076
Late Increasing	ETV5::FOXI1	MA1946.2	1.16	1.05e-24	4423	7203
Late Increasing	ZKSCAN5	MA1652.2	1.3	3.26e-23	1997	2891
Late Increasing	SP3	MA0746.3	1.27	8.65e-23	2317	3450
Late Increasing	KLF10	MA1511.2	1.24	1.01e-22	2703	4127
Late Increasing	ELK1::SREBF2	MA1933.2	1.21	2.24e-22	3014	4687
Late Increasing	FOSL2::JUND	MA1144.2	1.17	7.85e-21	3735	6029
Late Increasing	MEIS2	MA0774.1	1.17	2.29e-20	3601	5796
Late Increasing	ARNT::HIF1A	MA0259.2	1.07	3.97e-20	7288	12899
Late Increasing	FOXO1::FLI1	MA1956.2	1.91	7.99e-20	405	400
Late Increasing	KLF16	MA0741.1	1.15	8.34e-19	3881	6351
Late Increasing	ZNF75D	MA1601.2	1.14	5.69e-18	4205	6974
Late Increasing	FOS::JUND	MA1141.2	1.15	6.14e-18	3914	6436
Late Increasing	ATF2	MA1632.2	1.19	3.3e-17	2826	4477
Late Increasing	SREBF1	MA0595.1	1.13	2.36e-16	4215	7040
Late Increasing	PKNOX1	MA0782.3	1.1	2.74e-16	5540	9549
Late Increasing	Ahr::Arnt	MA0006.2	1.07	1.03e-15	6553	11540
Late Increasing	ZNF740	MA0753.3	1.11	1.2e-15	5036	8606
Late Increasing	SP9	MA1564.2	1.15	2.26e-15	3479	5711
Late Increasing	ZNF263	MA0528.3	1.09	4.59e-15	5764	10019
Late Increasing	ETV2::DRGX	MA1940.2	1.14	6.64e-15	3783	6284
Late Increasing	KLF6	MA1517.2	1.43	7.82e-15	813	1073
Late Increasing	RREB1	MA0073.2	1.29	1.28e-14	1391	2032
Late Increasing	FOSL2::JUND	MA1145.2	1.15	2.09e-14	3406	5607
Late Increasing	ERF::HOXB13	MA1937.2	1.09	2.18e-14	5723	9962
Late Increasing	NR2C1	MA1535.2	1.08	9.28e-14	5911	10346
Late Increasing	CREM	MA0609.3	1.09	1.81e-13	5250	9085
Late Increasing	FOS::JUN	MA0099.4	1.17	2.85e-13	2724	4404
Late Increasing	FOSL2::JUN	MA1130.2	1.11	3.17e-13	4280	7262
Late Increasing	CREB1	MA0018.5	1.13	8.23e-13	3685	6171
Late Increasing	PBX3	MA1114.2	1.07	9.51e-13	6175	10893
Late Increasing	Nkx3-1	MA0124.3	1.1	1.13e-12	4724	8115
Late Increasing	SPIC	MA0687.2	1.08	1.52e-12	5828	10227
Late Increasing	FOSL2::JUN	MA1131.2	1.13	5.24e-12	3479	5819
Late Increasing	MGA::EVX1	MA1960.2	1.7	5.24e-12	334	371
Late Increasing	SP8	MA0747.2	1.09	1.34e-11	4784	8267
Late Increasing	FOSL2::JUNB	MA1139.2	1.11	4.9e-11	3814	6472
Late Increasing	HOXD12::ELK1	MA1958.2	1.37	7.71e-11	744	1028
Late Increasing	FOSL1::JUN	MA1128.2	1.15	9.08e-11	2592	4245
Late Increasing	SP2	MA0516.3	1.11	1.37e-10	3868	6589
Late Increasing	NKX2-3	MA0672.2	1.11	2.53e-10	3610	6121
Late Increasing	JUN	MA0488.2	1.26	2.6e-10	1205	1812
Late Increasing	ZNF75A	MA2097.1	1.42	4.59e-10	567	755
Late Increasing	BNC2	MA1928.2	1.16	5.04e-10	2264	3680
Late Increasing	RORC	MA1151.2	2.03	5.41e-10	168	156
Late Increasing	SP4	MA0685.2	1.08	5.63e-10	4934	8614
Late Increasing	Atf1	MA0604.1	1.08	5.63e-10	5071	8874
Late Increasing	Atf3	MA1988.2	1.16	1.43e-09	2280	3724
Late Increasing	GATA5	MA0766.3	1.18	1.49e-09	1924	3089
Late Increasing	Wt1	MA1627.2	1.22	2.4e-09	1338	2066
Late Increasing	PRDM9	MA1723.2	1.06	3.6e-09	5789	10280
Late Increasing	RORB	MA1150.2	2.26	3.95e-09	121	101
Late Increasing	BATF3	MA0835.3	1.14	4.38e-09	2421	3995
Late Increasing	FOSL2::JUNB	MA1138.2	1.15	4.41e-09	2271	3725
Late Increasing	BATF::JUN	MA0462.3	1.12	6.92e-09	2955	4973
Late Increasing	BATF	MA1634.2	1.11	6.92e-09	3195	5413
Late Increasing	FOSB::JUN	MA1127.1	1.06	1.24e-08	5925	10565
Late Increasing	KLF12	MA0742.2	1.08	1.26e-08	4804	8425
Late Increasing	MXI1	MA1108.3	1.06	1.62e-08	5628	9999
Late Increasing	CREB3L4	MA1475.2	1.05	3.62e-08	6325	11359
Late Increasing	TGIF2LX	MA1571.1	1.15	3.8e-08	2004	3279
Late Increasing	RORA	MA0072.2	1.59	4.19e-08	270	320
Late Increasing	BACH1	MA1633.2	1.19	4.35e-08	1492	2372
Late Increasing	PGR	MA2327.1	1.21	5.48e-08	1229	1915
Late Increasing	FOXO6	MA0849.1	1.22	7.31e-08	1178	1830
Late Increasing	XBP1	MA0844.2	1.12	7.72e-08	2607	4380
Late Increasing	JUN::JUNB	MA1133.2	1.17	8.69e-08	1694	2739
Late Increasing	FOSL1::JUN	MA1129.1	1.11	9.09e-08	3101	5287
Late Increasing	SREBF2	MA0596.1	1.2	1.16e-07	1255	1970
Late Increasing	ZNF354C	MA0130.1	1.07	1.26e-07	4832	8524
Late Increasing	JUN::JUNB	MA1132.2	1.07	2.04e-07	4554	8009
Late Increasing	Nr1h3	MA2337.1	1.32	2.08e-07	603	863
Late Increasing	Nr1H4	MA1110.3	1.32	2.08e-07	603	863
Late Increasing	Nr1H2	MA1996.2	1.32	2.08e-07	603	863
Late Increasing	KLF17	MA1514.2	1.07	4.05e-07	4912	8700
Late Increasing	DMRTA1	MA1707.2	1.08	4.08e-07	4293	7533
Late Increasing	GATA2	MA0036.4	1.16	4.65e-07	1657	2699
Late Increasing	ATF7	MA0834.2	1.23	4.65e-07	971	1495
Late Increasing	MAF::NFE2	MA0501.2	1.12	6.2e-07	2463	4156
Late Increasing	FOS::JUN	MA1126.2	1.13	6.26e-07	2143	3576
Late Increasing	TGIF2LY	MA1572.1	1.06	6.79e-07	5585	9993
Late Increasing	DMRTC2	MA1479.2	1.06	8.37e-07	5357	9562
Late Increasing	JDP2	MA0655.1	1.12	1.27e-06	2377	4013
Late Increasing	KLF3	MA1516.2	1.16	1.34e-06	1480	2401
Late Increasing	FOSB::JUNB	MA1136.1	1.09	1.54e-06	3266	5648
Late Increasing	ZNF281	MA1630.3	1.12	2.44e-06	2215	3731
Late Increasing	FOXI1	MA0042.2	1.23	2.55e-06	826	1266
Late Increasing	RORA	MA0071.1	1.45	2.59e-06	298	388
Late Increasing	LIN54	MA0619.2	1.63	2.64e-06	186	216
Late Increasing	FOXC2	MA0846.2	1.03	3.51e-06	7155	13071
Late Increasing	NR2C2	MA1536.2	1.03	4.55e-06	7887	14530
Late Increasing	FOSL1::JUND	MA1143.2	1.1	5.34e-06	2705	4641
Late Increasing	TGIF2	MA0797.1	1.1	6.5e-06	2724	4680
Late Increasing	FOXB1	MA0845.1	1.03	6.8e-06	7256	13283
Late Increasing	FOXA1	MA0148.5	1.03	7.4e-06	7353	13476
Late Increasing	DMRTA2	MA1478.2	1.03	7.67e-06	7025	12832
Late Increasing	FOS::JUNB	MA1134.2	1.11	1.19e-05	2363	4032
Late Increasing	Sox5	MA0087.3	1.05	1.2e-05	5548	9988
Late Increasing	SP5	MA1965.2	1.05	1.32e-05	5411	9729
Late Increasing	PAX5	MA0014.4	1.04	1.63e-05	6045	10948
Late Increasing	Gfi1B	MA0483.2	1.09	2.07e-05	2827	4895
Late Increasing	FOXP1	MA0481.4	1.22	2.15e-05	741	1146
Late Increasing	ZNF343	MA1711.2	1.14	2.54e-05	1532	2543
Late Increasing	JDP2	MA0656.2	1.31	2.54e-05	420	604
Late Increasing	FOXA2	MA0047.4	1.38	2.56e-05	315	432
Late Increasing	FOXP4	MA2117.1	1.21	2.99e-05	779	1216
Late Increasing	FOSB::JUNB	MA1135.2	1.09	3.34e-05	2741	4748
Late Increasing	ZNF257	MA1710.2	1.14	3.97e-05	1466	2433
Late Increasing	Jun	MA0489.3	1.09	4.97e-05	2611	4518
Late Increasing	FOXK2	MA1103.3	1.23	5e-05	640	983
Late Increasing	MAFG::NFE2L1	MA0089.3	1.06	5.6e-05	4000	7100
Late Increasing	FOXA3	MA1683.2	1.2	5.7e-05	778	1223
Late Increasing	MNX1	MA0707.3	1.05	6.16e-05	4799	8607
Late Increasing	Foxl2	MA1607.2	1.02	6.16e-05	7582	13972
Late Increasing	FOS	MA1951.2	1.1	6.6e-05	2369	4081
Late Increasing	SOX18	MA1563.2	1.04	7.63e-05	5482	9910
Late Increasing	Foxo3	MA0157.4	1.02	8.38e-05	8322	15459
Late Increasing	PAX3	MA1546.2	1.13	9.74e-05	1442	2407
Late Increasing	ZNF766	MA2098.1	1.18	0.000115	849	1357
Late Increasing	FOXP3	MA0850.1	1.23	0.000122	560	857
Late Increasing	ZIM3	MA1709.2	1.06	0.000135	4074	7263
Late Increasing	ZBED2	MA1971.2	1.07	0.000145	3218	5667
Late Increasing	CREB3L1	MA0839.2	1.08	0.000148	2668	4650
Late Increasing	JUNB	MA1140.3	1.14	0.000174	1199	1983
Late Increasing	Foxf1	MA1606.2	1.24	0.000186	526	804
Late Increasing	ETV5::FOXO1	MA1947.2	1.8	0.000223	84	88
Late Increasing	STAT1::STAT2	MA0517.2	1.07	0.00024	3438	6090
Late Increasing	Nkx3-2	MA0122.4	1.03	0.000272	7058	12979
Late Increasing	FOXK1	MA0852.3	1.01	0.00028	8520	15883
Late Increasing	FOSL1::JUNB	MA1137.2	1.07	0.000342	2849	5006
Late Increasing	FOXL1	MA0033.2	1.19	0.000348	708	1127
Late Increasing	ETV2::HOXB13	MA1943.2	1.14	0.000387	1138	1889
Late Increasing	FOXS1	MA2118.1	1.02	0.000455	7320	13503
Late Increasing	E2F6	MA0471.3	1.05	0.000481	4426	7962
Late Increasing	NKX6-3	MA1530.2	1.04	0.000482	5376	9761
Late Increasing	ZNF148	MA1653.2	1.14	0.000515	1029	1700
Late Increasing	FOXD1	MA0031.2	1.03	0.000601	6712	12329
Late Increasing	FOSL1	MA0477.3	1.08	0.000636	2370	4139
Late Increasing	HOXA5	MA0158.2	1.06	0.000645	3795	6786
Late Increasing	Gata3	MA0037.5	1.3	0.000648	300	436
Late Increasing	FOXE1	MA1487.3	1.04	0.000688	4769	8621
Late Increasing	FOXD3	MA0041.3	1.02	0.000777	7604	14073
Late Increasing	JUND	MA0491.3	1.08	0.000839	2528	4438
Late Increasing	NFATC4	MA1525.3	1.66	0.000987	87	99
Late Increasing	NFYA	MA0060.4	1.11	0.000987	1371	2327
Late Increasing	Gli1	MA1990.2	1.11	0.001	1478	2521
Late Increasing	FOSL1::JUND	MA1142.2	1.06	0.00105	3492	6235
Late Increasing	Foxn1	MA1684.1	1.05	0.00113	3906	7012
Late Increasing	FOXF2	MA0030.2	1.05	0.00114	4255	7668
Late Increasing	FOXD2	MA0847.4	1.04	0.00117	5485	9997
Late Increasing	POU6F1	MA1549.2	1.05	0.00118	3961	7117
Late Increasing	DBP	MA0639.2	1.15	0.00126	848	1395
Late Increasing	PRDM1	MA0508.4	1.02	0.00127	7395	13677
Late Increasing	MSANTD3	MA1523.2	1.02	0.00137	7167	13235
Late Increasing	HOXD8	MA0910.3	1.04	0.00144	4676	8470
Late Increasing	Foxo1	MA0480.3	1.16	0.00145	712	1157
Late Increasing	HOXB8	MA1502.2	1.04	0.00148	4713	8541
Late Increasing	FOXN3	MA1489.1	1.03	0.00154	5972	10936
Late Increasing	Nfe2l2	MA0150.3	1.08	0.00154	2292	4021
Late Increasing	POU5F1	MA1115.2	1.09	0.00181	1779	3084
Late Increasing	GATA4	MA0482.3	1.08	0.00183	2019	3524
Late Increasing	TCF7	MA0769.3	1.13	0.00188	986	1649
Late Increasing	CEBPG	MA1636.2	1.09	0.00197	1678	2902
Late Increasing	MAZ	MA1522.2	1.13	0.00198	954	1593
Late Increasing	BARX2	MA1471.2	1.03	0.00198	5936	10876
Late Increasing	USF1	MA0093.4	1.1	0.00236	1350	2310
Late Increasing	CDX1	MA0878.3	4.41	0.00288	13	5
Late Increasing	CREB3L4	MA1474.2	1.03	0.00289	5635	10314
Late Increasing	JUND	MA0492.2	1.4	0.00294	144	194
Late Increasing	FOXG1	MA0613.1	1.12	0.00328	1023	1727
Late Increasing	ATF4	MA0833.3	1.2	0.00339	423	665
Late Increasing	Stat2	MA1623.2	1.03	0.00354	6126	11259
Late Increasing	Creb5	MA0840.2	1.34	0.00384	176	248
Late Increasing	SP1	MA0079.5	1.06	0.00408	2859	5101
Late Increasing	TBX19	MA0804.2	1.09	0.00595	1541	2681
Late Increasing	FOXO4	MA0848.1	1.01	0.00628	7995	14895
Late Increasing	Nfatc2	MA0152.3	1.18	0.00637	450	721
Late Increasing	GRHL1	MA0647.2	1.2	0.00637	366	575
Late Increasing	GATA6	MA1104.3	1.05	0.0065	3135	5631
Late Increasing	FOS	MA0476.2	1.11	0.00696	941	1596
Late Increasing	ZNF211	MA1974.2	1.04	0.00714	4553	8296
Late Increasing	SRY	MA0084.2	1.02	0.0079	7418	13775
Late Increasing	PKNOX2	MA0783.1	1.17	0.00823	479	776
Late Increasing	Foxq1	MA0040.2	1.1	0.00871	1061	1818
Late Increasing	ATF3	MA0605.3	1.46	0.00944	91	118
Late Increasing	FOXH1	MA0479.2	1.08	0.0105	1496	2615
Late Increasing	RXRA::VDR	MA0074.1	1.25	0.0105	224	338
Late Increasing	HOXB6	MA1500.2	1.02	0.0105	6960	12899
Late Increasing	ISL2	MA0914.2	1.02	0.0105	7636	14208
Late Increasing	CEBPA	MA0102.5	1.06	0.0112	2581	4620
Late Increasing	NFE2	MA0841.2	1.22	0.0112	271	419
Late Increasing	INSM1	MA0155.1	1.06	0.0114	2558	4578
Late Increasing	NFATC3	MA0625.3	1.44	0.0118	90	118
Late Increasing	Six3	MA0631.2	1.03	0.0125	5264	9665
Late Increasing	BACH2	MA1101.3	1.11	0.0139	903	1544
Late Increasing	NKX2-8	MA0673.2	1.02	0.0143	6053	11172
Late Increasing	EN1	MA0027.3	1.01	0.0147	7763	14466
Late Increasing	Rhox11	MA0629.2	1.02	0.0149	6883	12764
Late Increasing	GRHL2	MA1105.3	1.08	0.0149	1350	2359
Late Increasing	JUNB	MA0490.3	1.06	0.0149	2154	3839
Late Increasing	RAX	MA0718.2	1.01	0.0152	7807	14553
Late Increasing	MYF6	MA0667.1	1.16	0.0152	428	697
Late Increasing	TRPS1	MA1970.2	1.04	0.0153	3848	7001
Late Increasing	NR2F2	MA1111.2	1.14	0.0157	535	887
Late Increasing	EVX2	MA0888.2	1.01	0.0177	7527	14014
Late Increasing	KLF15	MA1513.2	1.13	0.0181	608	1020
Late Increasing	IRF5	MA1420.1	1.02	0.0188	6043	11165
Late Increasing	Sox1	MA0870.1	1.19	0.0197	289	458
Late Increasing	RARA::RXRA	MA0159.1	5.04	0.0201	7	2
Late Increasing	FOSL2	MA0478.2	1.2	0.0204	261	410
Late Increasing	HOXC8	MA1505.2	1.03	0.0211	5367	9884
Late Increasing	ZNF382	MA1594.1	1.89	0.0214	29	29
Transient	BATF::JUN	MA0462.3	4.21	0	3788	1603
Transient	BATF3	MA0835.3	4.23	0	3773	1589
Transient	FOSL1	MA0477.3	4.66	0	3532	1349
Transient	BATF	MA1634.2	4.17	0	3786	1616
Transient	FOS	MA0476.2	5.76	0	3112	962
Transient	BNC2	MA1928.2	4.98	0	3367	1204
Transient	JUNB	MA0490.3	4.49	0	3574	1417
Transient	Jun	MA0489.3	6.21	0	2947	844
Transient	JUND	MA0491.3	4.66	0	3427	1310
Transient	Atf3	MA1988.2	5.41	0	3102	1020
Transient	FOS::JUNB	MA1134.2	5.91	0	2925	881
Transient	FOSB::JUNB	MA1135.2	5.54	0	3021	970
Transient	FOSL2::JUNB	MA1138.2	5.41	0	3062	1008
Transient	FOSL2::JUND	MA1144.2	4.85	0	3244	1191
Transient	FOSL1::JUN	MA1128.2	5.95	0	2826	846
Transient	FOSL1::JUND	MA1142.2	3.66	0	3854	1873
Transient	BACH1	MA1633.2	6.38	0	2712	757
Transient	FOS::JUND	MA1141.2	6.62	0	2651	713
Transient	FOSL1::JUNB	MA1137.2	4.81	0	3123	1157
Transient	FOS::JUN	MA0099.4	5.84	0	2781	848
Transient	FOSL2::JUN	MA1130.2	5.93	0	2727	818
Transient	JUN::JUNB	MA1132.2	3.47	0	3870	1986
Transient	JDP2	MA0655.1	4.5	0	3027	1198
Transient	FOSL2	MA0478.2	6.62	0	2362	635
Transient	BACH2	MA1101.3	6.19	0	2198	632
Transient	NFE2	MA0841.2	4.19	0	2713	1154
Transient	MAFK	MA0496.4	2.38	0	3940	2950
Transient	MAFG::NFE2L1	MA0089.3	2.77	0	3041	1953
Transient	Nfe2l2	MA0150.3	1.97	1.53e-274	4049	3665
Transient	MAF::NFE2	MA0501.2	2.88	2.04e-263	2316	1434
Transient	Mafg	MA0659.4	1.72	4.13e-167	3680	3817
Transient	FOSL1::JUND	MA1143.2	1.55	6.35e-138	4106	4721
Transient	Bach1::Mafk	MA0591.2	1.74	9.06e-121	2787	2847
Transient	Nr2e1	MA0676.1	1.38	5.37e-97	4571	5898
Transient	HOXB2	MA0902.3	1.23	8.22e-91	6524	9463
Transient	EMX2	MA0886.2	1.23	8.32e-88	6379	9228
Transient	PBX2	MA1113.3	1.23	2.11e-80	6116	8835
Transient	MEIS1	MA1639.2	1.3	2.44e-75	4842	6627
Transient	POU6F1	MA1549.2	1.16	2.22e-71	7380	11372
Transient	PKNOX1	MA0782.3	1.21	2.94e-71	6284	9271
Transient	MEIS2	MA1640.2	1.21	2.01e-65	5978	8790
Transient	POU6F1	MA0628.2	1.18	1.17e-61	6476	9769
Transient	MSANTD3	MA1523.2	1.11	4.52e-59	8018	12830
Transient	HNF1B	MA0153.2	1.28	2.37e-58	4529	6326
Transient	VAX2	MA0723.3	1.13	1.08e-57	7664	12129
Transient	MEIS1	MA0498.3	1.1	1.96e-57	8383	13619
Transient	HOXB8	MA1502.2	1.2	3.98e-55	5792	8609
Transient	HNF1A	MA0046.3	1.25	6.89e-54	4735	6751
Transient	HOXA5	MA0158.2	1.25	1.03e-53	4746	6773
Transient	HOXD8	MA0910.3	1.2	2.82e-53	5692	8458
Transient	POU4F3	MA0791.2	1.14	4.75e-52	7069	11046
Transient	DRGX	MA1481.2	1.13	4.3e-51	7369	11644
Transient	CEBPG	MA1636.2	1.14	1.11e-50	7018	10970
Transient	POU6F2	MA0793.2	1.2	9.4e-50	5558	8275
Transient	Lhx4	MA0704.2	1.11	4.06e-48	7693	12331
Transient	CEBPA	MA0102.5	1.16	5.27e-48	6469	9975
Transient	POU3F2	MA0787.1	1.14	6.34e-48	6768	10539
Transient	POU3F3	MA0788.1	1.12	2.17e-44	7328	11673
Transient	ZNF24	MA1124.1	1.29	4.71e-44	3564	4917
Transient	DMRTC2	MA1479.2	1.16	5.76e-44	6221	9585
Transient	MEOX2	MA0706.2	1.14	3.65e-43	6726	10542
Transient	PHOX2A	MA0713.1	1.12	5.12e-43	7212	11472
Transient	MEIS3	MA0775.2	1.34	1.6e-42	2915	3875
Transient	FOXB1	MA0845.1	1.1	4.14e-42	7851	12743
Transient	ZNF354A	MA1978.2	1.12	8.41e-42	7099	11276
Transient	Pou5f1::Sox2	MA0142.1	1.12	1.47e-41	7236	11544
Transient	PHOX2B	MA0681.3	1.17	1.63e-41	5758	8783
Transient	HOXA1	MA1495.2	1.29	1.63e-41	3428	4733
Transient	HOXB3	MA0903.2	1.11	4.44e-41	7547	12158
Transient	ESX1	MA0644.3	1.1	1.27e-40	7814	12694
Transient	SHOX	MA0630.2	1.09	3.89e-40	8152	13384
Transient	POU3F1	MA0786.2	1.09	4.24e-40	8001	13078
Transient	ATF2	MA1632.2	1.27	9.7e-40	3613	5072
Transient	EVX2	MA0888.2	1.11	1.82e-39	7387	11874
Transient	SREBF2	MA0596.1	1.19	2.62e-39	5059	7573
Transient	FOSL2::JUND	MA1145.2	1.11	3.74e-39	7382	11870
Transient	NKX2-5	MA0063.3	1.14	5.95e-39	6294	9814
Transient	BARX2	MA1471.2	1.15	5.95e-39	6216	9670
Transient	EVX1	MA0887.2	1.12	7.1e-39	7120	11370
Transient	ZNF652	MA1657.2	1.13	1.54e-38	6551	10300
Transient	PBX3	MA1114.2	1.07	3.99e-38	8492	14120
Transient	ATF4	MA0833.3	1.15	4.98e-38	6031	9348
Transient	MNX1	MA0707.3	1.17	6.72e-38	5361	8138
Transient	FOSL2::JUNB	MA1139.2	1.23	1.23e-37	4180	6073
Transient	HMBOX1	MA0895.2	1.12	1.75e-37	6930	11034
Transient	Hoxa11	MA0911.2	1.14	1.75e-37	6274	9806
Transient	FOSL2::JUN	MA1131.2	1.11	3.31e-37	7057	11281
Transient	Arid3a	MA0151.1	1.1	6.52e-37	7557	12252
Transient	HLF	MA0043.4	1.13	8.01e-37	6617	10457
Transient	NKX6-2	MA0675.2	1.09	2.24e-36	7681	12505
Transient	LHX6	MA0658.2	1.16	7.35e-36	5520	8464
Transient	ISX	MA0654.2	1.15	1.66e-35	5952	9254
Transient	Mafb	MA0117.3	1.13	1.73e-35	6499	10263
Transient	VAX1	MA0722.2	1.16	2.23e-35	5600	8618
Transient	Bcl11B	MA1989.2	1.23	2.82e-35	3996	5803
Transient	DPRX	MA1480.2	1.07	2.97e-35	8350	13870
Transient	Pax7	MA0680.3	1.18	4.53e-35	4864	7313
Transient	HOXA6	MA1497.2	1.12	4.71e-35	6731	10706
Transient	NFIL3	MA0025.3	1.14	9.69e-35	6130	9596
Transient	RAX	MA0718.2	1.09	9.73e-35	7837	12843
Transient	VSX2	MA0726.2	1.08	1.88e-34	8021	13215
Transient	EN1	MA0027.3	1.11	7.8e-34	7033	11301
Transient	TCF7	MA0769.3	1.07	7.86e-34	8392	13980
Transient	FOXC1	MA0032.2	1.08	8e-34	8156	13498
Transient	MEOX1	MA0661.2	1.17	8.73e-34	5090	7739
Transient	POU2F1::SOX2	MA1962.1	1.3	1.38e-33	2794	3825
Transient	HOXC10	MA0905.2	1.19	1.53e-33	4528	6756
Transient	NOTO	MA0710.2	1.2	3.25e-33	4359	6469
Transient	DMRTA1	MA1707.2	1.16	3.51e-33	5422	8344
Transient	JUN::JUNB	MA1133.2	1.18	4.73e-33	4872	7369
Transient	PROP1	MA0715.1	1.2	6.92e-33	4415	6573
Transient	DLX6	MA0882.2	1.11	8.21e-33	7073	11398
Transient	POU2F1	MA0785.2	1.09	3.11e-32	7741	12700
Transient	ONECUT1	MA0679.3	1.13	3.37e-32	6043	9490
Transient	HOXA4	MA1496.2	1.2	5.54e-32	4198	6216
Transient	Hmga1	MA2124.1	1.09	6.12e-32	7541	12315
Transient	SATB1	MA1963.2	1.08	7.1e-32	7769	12762
Transient	FOS::JUN	MA1126.2	1.22	1.07e-31	3769	5487
Transient	GSC	MA0648.2	1.06	1.27e-31	8753	14773
Transient	FOSB::JUN	MA1127.1	1.14	2.21e-31	5949	9336
Transient	MIXL1	MA0662.2	1.1	2.26e-31	7276	11815
Transient	POU4F1	MA0790.2	1.22	2.29e-31	3755	5470
Transient	HOXA9	MA0594.3	1.15	6.31e-31	5539	8603
Transient	Msx3	MA0709.2	1.08	1.37e-30	7710	12671
Transient	SRY	MA0084.2	1.07	2.05e-30	8229	13706
Transient	EMX1	MA0612.3	1.22	5.4e-30	3768	5520
Transient	POU5F1B	MA0792.1	1.07	1.07e-29	8236	13733
Transient	CEBPD	MA0836.3	1.12	1.18e-29	6285	9990
Transient	LHX5	MA1519.2	1.19	4.15e-29	4212	6301
Transient	Dlx4	MA0881.2	1.1	4.6e-29	7182	11683
Transient	Dux	MA0611.3	1.26	5.61e-29	2918	4113
Transient	FOXC2	MA0846.2	1.1	5.94e-29	7105	11539
Transient	PRRX1	MA0716.2	1.09	8.58e-29	7279	11874
Transient	HOXA7	MA1498.3	1.07	9.86e-29	8188	13654
Transient	VSX1	MA0725.2	1.06	1.05e-28	8658	14618
Transient	FOSL1::JUN	MA1129.1	1.17	1.3e-28	4799	7337
Transient	POU3F4	MA0789.1	1.1	1.31e-28	6866	11095
Transient	HOXB9	MA1503.2	1.46	1.32e-28	1415	1727
Transient	HOXB1	MA2093.1	1.08	1.6e-28	7571	12442
Transient	HOXC8	MA1505.2	1.15	3e-28	5209	8072
Transient	Gata3	MA0037.5	1.09	3.07e-28	7362	12045
Transient	GATA6	MA1104.3	1.09	4.02e-28	7445	12207
Transient	CUX2	MA0755.2	1.1	4.39e-28	6881	11135
Transient	Lhx8	MA0705.2	1.16	6.89e-28	4956	7631
Transient	HOXB6	MA1500.2	1.08	8.33e-28	7653	12616
Transient	LHX2	MA0700.3	1.09	1.87e-27	7312	11966
Transient	Lhx1	MA1518.3	1.06	1.93e-27	8241	13785
Transient	DLX1	MA0879.3	1.12	2e-27	6048	9606
Transient	POU2F3	MA0627.3	1.1	2.96e-27	6726	10863
Transient	FOXD3	MA0041.3	1.06	5.15e-27	8531	14383
Transient	GSC2	MA0891.2	1.08	1.31e-26	7703	12738
Transient	FOSB::JUNB	MA1136.1	1.23	1.39e-26	3298	4796
Transient	TCF7L2	MA0523.2	1.1	1.78e-26	6724	10877
Transient	TBX20	MA0689.1	1.14	3.22e-26	5406	8472
Transient	ISL2	MA0914.2	1.1	4.18e-26	6661	10768
Transient	TRPS1	MA1970.2	1.06	9.75e-26	8308	13952
Transient	SOX18	MA1563.2	1.09	2.34e-25	6944	11315
Transient	GSX1	MA0892.2	1.13	2.82e-25	5680	8988
Transient	TBX2	MA0688.2	1.23	8.7e-24	2998	4352
Transient	SOX8	MA0868.3	1.08	1.01e-23	7441	12295
Transient	SOX13	MA1120.2	1.08	1.17e-23	7254	11940
Transient	GBX2	MA0890.2	1.23	1.27e-23	2988	4339
Transient	LBX2	MA0699.2	1.18	1.48e-23	3915	5915
Transient	TEF	MA0843.2	1.25	4.01e-23	2594	3695
Transient	MGA::EVX1	MA1960.2	1.13	4.94e-23	5212	8203
Transient	BSX	MA0876.2	1.06	5.32e-23	8072	13536
Transient	Arid3b	MA0601.2	1.11	1.19e-22	6086	9791
Transient	FOXD1	MA0031.2	1.07	2.04e-22	7537	12509
Transient	Shox2	MA0720.2	1.11	3.52e-22	5906	9475
Transient	Dlx5	MA1476.3	1.06	4.01e-22	8090	13590
Transient	HOXC12	MA0906.2	1.17	9.34e-22	3842	5833
Transient	Dlx3	MA0880.2	1.1	9.66e-22	6242	10100
Transient	Foxl2	MA1607.2	1.05	9.9e-22	8637	14696
Transient	Dmrt1	MA1603.2	1.1	1.1e-21	6452	10488
Transient	MSX1	MA0666.3	1.1	1.12e-21	6193	10012
Transient	HOXB13	MA0901.3	1.1	1.25e-21	6177	9984
Transient	ALX3	MA0634.2	1.09	1.41e-21	6674	10902
Transient	NFKB2	MA0778.2	2.1	1.58e-21	354	300
Transient	Nkx3-2	MA0122.4	1.13	1.69e-21	4950	7777
Transient	BARX1	MA0875.2	1.08	1.79e-21	7184	11860
Transient	GATA1	MA0035.5	1.11	2.22e-21	5721	9161
Transient	SOX2	MA0143.5	1.09	5.19e-21	6830	11207
Transient	MSX2	MA0708.3	1.1	5.52e-21	6404	10418
Transient	NKX6-3	MA1530.2	1.17	7.81e-21	3758	5712
Transient	DBP	MA0639.2	1.32	8.65e-21	1705	2300
Transient	MAFF	MA0495.4	1.04	8.65e-21	8727	14899
Transient	HOXB5	MA0904.3	1.22	8.89e-21	2808	4102
Transient	FOXE1	MA1487.3	1.09	9.03e-21	6606	10797
Transient	HOXB4	MA1499.2	1.18	1.18e-20	3505	5283
Transient	POU5F1	MA1115.2	1.07	1.36e-20	7364	12223
Transient	PDX1	MA0132.3	1.14	2.19e-20	4725	7409
Transient	Runx1	MA0002.3	1.69	2.73e-20	591	624
Transient	FOXA2	MA0047.4	1.08	3.45e-20	6925	11406
Transient	UNCX	MA0721.2	1.09	5.41e-20	6315	10281
Transient	HOXA10	MA0899.2	1.14	5.45e-20	4615	7226
Transient	RORA	MA0071.1	1.11	5.65e-20	5445	8702
Transient	SREBF1	MA0595.1	1.24	6.86e-20	2454	3534
Transient	HOXB7	MA1501.2	1.09	7.03e-20	6598	10806
Transient	Dlx2	MA0885.3	1.05	7.06e-20	8541	14537
Transient	HOXD11	MA0908.2	1.18	8.56e-20	3382	5095
Transient	Nobox	MA0125.2	1.11	8.78e-20	5762	9279
Transient	ZNF211	MA1974.2	1.13	9.45e-20	4694	7372
Transient	BARHL2	MA0635.2	1.06	1.31e-19	7894	13264
Transient	HOXD10	MA1506.2	1.23	1.32e-19	2540	3683
Transient	HOXD3	MA0912.2	1.18	1.37e-19	3479	5266
Transient	MEF2A	MA0052.5	1.1	1.76e-19	6105	9911
Transient	PBX1	MA0070.2	1.12	1.76e-19	5060	8028
Transient	RAX2	MA0717.2	1.09	2.2e-19	6415	10482
Transient	GSX2	MA0893.3	1.05	2.53e-19	8334	14134
Transient	TBX3	MA1566.3	1.18	2.93e-19	3264	4908
Transient	FOXO4	MA0848.1	1.05	3.25e-19	8371	14210
Transient	SOX9	MA0077.2	1.07	5.83e-19	7164	11887
Transient	RUNX3	MA0684.3	1.08	6.2e-19	6714	11047
Transient	TBR1	MA0802.2	1.05	7.74e-19	8383	14242
Transient	JUN	MA0488.2	1.34	8.05e-19	1438	1914
Transient	CDX2	MA0465.3	1.06	8.05e-19	7739	12984
Transient	Hmx2	MA0897.2	1.1	9.18e-19	6073	9873
Transient	HOXD12	MA0873.2	1.2	1.07e-18	2867	4251
Transient	Arid5a	MA0602.2	1.27	1.07e-18	1921	2688
Transient	TBX21	MA0690.3	1.31	1.07e-18	1636	2230
Transient	EOMES	MA0800.2	1.29	1.07e-18	1751	2414
Transient	PITX1	MA0682.3	1.11	1.16e-18	5405	8668
Transient	DMRTA2	MA1478.2	1.09	1.25e-18	6545	10743
Transient	GATA5	MA0766.3	1.15	1.4e-18	4118	6396
Transient	NRL	MA0842.3	1.36	1.43e-18	1315	1726
Transient	GATA2	MA0036.4	1.04	1.53e-18	8737	14963
Transient	PAX4	MA0068.2	1.1	1.59e-18	5790	9366
Transient	NFYC	MA1644.2	1.05	1.62e-18	8216	13919
Transient	Isl1	MA1608.2	1.03	2.18e-18	8988	15488
Transient	HESX1	MA0894.2	1.08	4.64e-18	6631	10918
Transient	OTX2	MA0712.3	1.04	6.59e-18	8496	14488
Transient	Irf1	MA0050.4	1.14	7.24e-18	4208	6573
Transient	GATA4	MA0482.3	1.07	8.53e-18	7162	11915
Transient	FOXS1	MA2118.1	1.05	9.1e-18	8285	14072
Transient	HOXA3	MA2119.1	1.21	9.85e-18	2572	3781
Transient	TEAD4	MA0809.3	1.11	1.22e-17	5159	8258
Transient	CREB1	MA0018.5	1.27	1.52e-17	1796	2510
Transient	TGIF2LX	MA1571.1	1.09	1.54e-17	5994	9765
Transient	SOX10	MA0442.3	1.07	1.58e-17	6955	11535
Transient	IRF6	MA1509.1	1.14	1.83e-17	4129	6447
Transient	TGIF2LY	MA1572.1	1.1	1.97e-17	5796	9409
Transient	EN2	MA0642.3	1.05	2.64e-17	8194	13904
Transient	Nr1H2	MA1996.2	1.11	5.1e-17	5157	8273
Transient	USF1	MA0093.4	1.06	5.24e-17	7497	12569
Transient	DUXA	MA0884.2	1.3	5.84e-17	1562	2146
Transient	SIX1	MA1118.2	1.14	8.17e-17	4024	6283
Transient	FOXP4	MA2117.1	1.08	1.31e-16	6509	10735
Transient	Lef1	MA0768.3	1.04	1.47e-16	8680	14887
Transient	RELA	MA0107.1	1.95	1.85e-16	315	288
Transient	Six4	MA2001.2	1.16	2.4e-16	3316	5075
Transient	HOXA2	MA0900.3	1.18	2.76e-16	2852	4288
Transient	POU1F1	MA0784.3	1.28	3.74e-16	1603	2228
Transient	GBX1	MA0889.2	1.11	3.94e-16	5200	8377
Transient	Nfat5	MA0606.3	1.06	5.44e-16	7240	12112
Transient	Sox17	MA0078.3	1.04	6.46e-16	8326	14196
Transient	TGIF2	MA0797.1	1.17	7.25e-16	3073	4674
Transient	Hoxa13	MA0650.4	1.07	7.3e-16	7050	11760
Transient	FOXA3	MA1683.2	1.08	8.16e-16	6285	10348
Transient	MEIS2	MA0774.1	1.15	1.01e-15	3614	5605
Transient	TBP	MA0108.3	1.12	1.19e-15	4517	7181
Transient	Sox5	MA0087.3	1.05	1.39e-15	7896	13369
Transient	RORA	MA0072.2	1.29	1.85e-15	1508	2090
Transient	IRF7	MA0772.2	1.14	1.91e-15	3826	5980
Transient	Hnf1A	MA1991.2	1.06	2.34e-15	7439	12505
Transient	TEAD2	MA1121.2	1.03	5.64e-15	8780	15123
Transient	NFKB1	MA0105.4	1.74	5.64e-15	389	399
Transient	Hoxd13	MA0909.4	1.08	7.46e-15	6344	10486
Transient	FOXP1	MA0481.4	1.08	1.05e-14	6414	10619
Transient	Foxj3	MA0851.2	1.07	1.59e-14	6893	11508
Transient	ZIM3	MA1709.2	1.06	1.98e-14	7278	12229
Transient	ARGFX	MA1463.2	1.11	2.15e-14	4500	7191
Transient	Lhx3	MA0135.2	1.17	2.39e-14	2940	4491
Transient	MITF	MA0620.4	1.12	2.87e-14	4262	6777
Transient	Sox3	MA0514.3	1.12	4.2e-14	4353	6942
Transient	MAF	MA1520.2	1.41	4.61e-14	805	1015
Transient	Sox7	MA2095.1	1.07	5.4e-14	6790	11334
Transient	JDP2	MA0656.2	1.38	7.02e-14	883	1137
Transient	FOXK2	MA1103.3	1.07	1.14e-13	6483	10779
Transient	Stat2	MA1623.2	1.05	1.26e-13	7844	13323
Transient	POU2F2	MA0507.3	1.32	1.33e-13	1133	1531
Transient	FOXA1	MA0148.5	1.08	1.48e-13	5723	9400
Transient	Tbx6	MA1567.3	1.11	1.82e-13	4546	7303
Transient	MAFA	MA1521.2	1.75	1.95e-13	337	343
Transient	BARHL1	MA0877.4	1.06	2.23e-13	7312	12325
Transient	FOXI1	MA0042.2	1.08	2.27e-13	5808	9560
Transient	FOXD2	MA0847.4	1.08	3.23e-13	6182	10244
Transient	DMRT3	MA0610.2	1.21	3.55e-13	1958	2876
Transient	RUNX2	MA0511.2	1.44	3.85e-13	675	833
Transient	PGR	MA2327.1	1.07	4.53e-13	6325	10510
Transient	Nfatc2	MA0152.3	1.07	6.46e-13	6373	10603
Transient	HOXC9	MA0485.3	1.32	9.46e-13	1045	1409
Transient	PRRX2	MA0075.4	1.12	1.19e-12	4046	6453
Transient	HOXC4	MA1504.2	1.15	1.37e-12	2930	4527
Transient	Foxf1	MA1606.2	1.08	1.45e-12	5845	9655
Transient	SREBF1	MA0829.3	1.14	1.58e-12	3236	5053
Transient	Foxq1	MA0040.2	1.11	3.37e-12	4395	7081
Transient	TCF7L1	MA1421.1	1.2	3.86e-12	2021	3008
Transient	HOXD4	MA1507.2	1.14	3.98e-12	3081	4800
Transient	Gfi1B	MA0483.2	1.17	4.57e-12	2370	3594
Transient	SOX4	MA0867.3	1.07	7.27e-12	6151	10235
Transient	REL	MA0101.1	1.62	7.42e-12	378	416
Transient	FOXL1	MA0033.2	1.06	8.46e-12	6654	11157
Transient	Nkx2-1	MA1994.2	1.16	8.52e-12	2645	4067
Transient	ATF7	MA0834.2	1.29	8.9e-12	1106	1525
Transient	MEF2C	MA0497.2	1.11	1.33e-11	4066	6525
Transient	Npas4	MA1995.2	1.05	1.42e-11	7770	13244
Transient	LHX9	MA0701.3	1.12	1.79e-11	3739	5959
Transient	PAX6	MA0069.1	1.21	1.88e-11	1718	2525
Transient	TBX1	MA0805.1	1.48	2.31e-11	510	613
Transient	Npas2	MA0626.2	1.1	3e-11	4411	7144
Transient	Hmx3	MA0898.2	1.09	3.06e-11	4779	7795
Transient	ZNF766	MA2098.1	1.09	3.58e-11	4624	7523
Transient	HOXC11	MA0651.3	1.23	4.38e-11	1453	2100
Transient	FOXK1	MA0852.3	1.06	4.4e-11	6746	11352
Transient	OTX1	MA0711.2	1.08	4.48e-11	5526	9135
Transient	NR2F2	MA1111.2	1.06	4.62e-11	6950	11729
Transient	RORB	MA1150.2	1.14	6.36e-11	2967	4645
Transient	PAX3	MA0780.1	1.15	1.96e-10	2489	3846
Transient	PAX3	MA1546.2	1.1	2.6e-10	4173	6761
Transient	Nfatc1	MA0624.3	1.39	3.01e-10	616	789
Transient	Foxo1	MA0480.3	1.07	3.76e-10	5685	9457
Transient	MXI1	MA1108.3	1.07	3.76e-10	5802	9668
Transient	FOXP3	MA0850.1	1.04	4.03e-10	7966	13662
Transient	PPARA::RXRA	MA1148.2	1.08	4.6e-10	5179	8553
Transient	STAT3	MA0144.3	1.06	5.36e-10	6384	10730
Transient	FOXF2	MA0030.2	1.08	5.45e-10	5212	8615
Transient	ZNF8	MA1718.1	1.3	6.22e-10	864	1180
Transient	Arx	MA0874.2	1.1	7.26e-10	3993	6463
Transient	CDX4	MA1473.2	1.23	7.34e-10	1342	1950
Transient	Nr1H4	MA1110.3	1.05	8.12e-10	6689	11295
Transient	ZNF75A	MA2097.1	1.16	1.02e-09	2199	3379
Transient	RORC	MA1151.2	1.06	1.04e-09	6188	10385
Transient	TLX2	MA1577.2	1.15	1.45e-09	2254	3477
Transient	FOXG1	MA0613.1	1.08	2.07e-09	4967	8202
Transient	POU4F2	MA0683.2	1.19	2.18e-09	1683	2525
Transient	ZBTB17	MA2102.1	1.08	2.97e-09	4618	7589
Transient	TBX4	MA0806.1	1.49	3.1e-09	395	473
Transient	TEAD1	MA0090.4	1.06	4.43e-09	5809	9725
Transient	Hmx1	MA0896.2	1.09	4.43e-09	4494	7377
Transient	NFYA	MA0060.4	1.03	5.89e-09	8439	14603
Transient	TBX18	MA1565.2	1.03	7e-09	8576	14870
Transient	NKX6-1	MA0674.2	1.11	7.42e-09	3314	5320
Transient	MGA	MA0801.1	1.55	7.78e-09	320	369
Transient	PITX3	MA0714.2	1.06	8.06e-09	6242	10520
Transient	Six3	MA0631.2	1.14	9.84e-09	2409	3769
Transient	JUND	MA0492.2	1.62	1.07e-08	262	288
Transient	SIX2	MA1119.2	1.16	1.08e-08	1892	2896
Transient	ZNF274	MA1592.2	1.13	1.55e-08	2560	4034
Transient	Crx	MA0467.3	1.05	1.66e-08	6697	11363
Transient	FOXN3	MA1489.1	1.04	1.76e-08	7274	12426
Transient	Stat6	MA0520.2	1.11	2.19e-08	3323	5355
Transient	NFATC3	MA0625.3	1.29	3.37e-08	758	1049
Transient	ZBTB32	MA1580.1	1.23	3.48e-08	1037	1497
Transient	PRDM1	MA0508.4	1.06	3.52e-08	5534	9270
Transient	Rhox11	MA0629.2	1.02	5.01e-08	8764	15261
Transient	NFATC4	MA1525.3	1.53	5.06e-08	299	349
Transient	TBX5	MA0807.1	1.4	5.4e-08	452	577
Transient	VENTX	MA0724.1	1.16	6.51e-08	1752	2687
Transient	mix-a	MA0621.2	1.15	6.64e-08	1904	2943
Transient	Nanog	MA2339.1	1.03	8.4e-08	8055	13911
Transient	TBX15	MA0803.1	1.58	9.6e-08	250	282
Transient	ZNF184	MA2120.1	1.02	1.05e-07	8865	15468
Transient	SOX14	MA1562.2	1.04	1.31e-07	7575	13020
Transient	HOXC13	MA0907.2	1.1	1.52e-07	3382	5494
Transient	ZNF677	MA2101.1	1.05	1.68e-07	6389	10846
Transient	ZNF384	MA1125.2	1.06	1.73e-07	5315	8910
Transient	CDX1	MA0878.3	1.15	2.44e-07	1780	2754
Transient	Vdr	MA0693.4	1.03	2.73e-07	7856	13557
Transient	Foxo3	MA0157.4	1.08	2.8e-07	4241	7012
Transient	RFX2	MA0600.3	1.22	2.81e-07	989	1443
Transient	Nkx3-1	MA0124.3	1.05	2.81e-07	6020	10188
Transient	ONECUT2	MA0756.3	1.16	2.82e-07	1603	2459
Transient	ZBTB18	MA0698.2	1.09	3.47e-07	3760	6171
Transient	FOS	MA1951.2	1.32	3.54e-07	557	754
Transient	SOX15	MA1152.2	1.15	4.76e-07	1687	2608
Transient	GFI1	MA0038.3	1.13	5.08e-07	2017	3167
Transient	ZNF136	MA1588.1	1.1	5.51e-07	2970	4804
Transient	Pgr	MA2323.1	1.03	5.51e-07	7627	13143
Transient	NR4A1	MA1112.3	1.71	5.72e-07	166	173
Transient	GRHL2	MA1105.3	1.01	6.83e-07	9239	16235
Transient	Nr2e3	MA0164.2	1.08	9.73e-07	3869	6384
Transient	NR4A2	MA0160.3	1.59	1.04e-06	202	226
Transient	BCL11A	MA2324.1	1.06	1.2e-06	5194	8736
Transient	SOX12	MA1561.2	1.04	1.41e-06	7134	12251
Transient	Sox1	MA0870.1	1.4	1.54e-06	353	451
Transient	PKNOX2	MA0783.1	1.25	1.74e-06	713	1017
Transient	CREB3	MA0638.2	1.09	1.91e-06	3008	4895
Transient	CUX1	MA0754.3	1.12	1.95e-06	2220	3537
Transient	ZNF35	MA2333.1	1.01	2.2e-06	9157	16082
Transient	LIN54	MA0619.2	1.3	2.85e-06	510	699
Transient	SPIC	MA0687.2	1.07	4.42e-06	4428	7404
Transient	SOX21	MA0866.1	1.43	4.56e-06	287	359
Transient	CREM	MA0609.3	1.2	6.27e-06	919	1367
Transient	FOXO1::ELF1	MA1953.2	1.02	6.48e-06	8764	15328
Transient	Sox11	MA0869.3	1.02	6.55e-06	8584	14984
Transient	CREB3L4	MA1475.2	1.04	7.64e-06	6450	11040
Transient	LBX1	MA0618.2	1.11	9.67e-06	2283	3676
Transient	DUX4	MA0468.1	1.32	1.2e-05	408	552
Transient	NKX2-4	MA2003.2	1.23	1.33e-05	697	1014
Transient	ZSCAN21	MA2336.1	1.04	1.34e-05	6178	10561
Transient	Mecom	MA0029.2	1.12	1.46e-05	1752	2776
Transient	RFX5	MA0510.3	1.22	1.56e-05	737	1081
Transient	TEAD3	MA0808.1	1.16	2.16e-05	1112	1704
Transient	RBPJ	MA1116.2	1.04	2.18e-05	6817	11732
Transient	NR2F1	MA1537.2	1.12	2.3e-05	1825	2909
Transient	IRF5	MA1420.1	1.11	2.33e-05	2110	3397
Transient	RFX1	MA0509.3	1.48	2.87e-05	199	240
Transient	NR2C1	MA1535.2	1.05	3.11e-05	5450	9273
Transient	OLIG2	MA0678.1	1.05	3.48e-05	5134	8711
Transient	SCRT1	MA0743.3	1.02	4.11e-05	8021	13960
Transient	LMX1A	MA0702.3	1.1	5.47e-05	2221	3606
Transient	FOXO6	MA0849.1	1.04	5.47e-05	5805	9925
Transient	NKX2-2	MA1645.2	1.05	6.04e-05	4999	8485
Transient	ZEB1	MA0103.4	1.41	6.44e-05	229	290
Transient	NEUROG2	MA1642.2	1.09	7.11e-05	2319	3781
Transient	CEBPB	MA0466.4	1.85	7.91e-05	80	77
Transient	GATA1::TAL1	MA0140.3	1.27	9.65e-05	419	589
Transient	RXRB	MA0855.1	1.26	0.000145	407	574
Transient	STAT1::STAT2	MA0517.2	1.14	0.000152	1121	1751
Transient	Yy1	MA0095.4	1.04	0.000168	5381	9196
Transient	NKX2-8	MA0673.2	1.16	0.000171	936	1443
Transient	CEBPE	MA0837.3	1.28	0.000229	343	477
Transient	ATF3	MA0605.3	1.45	0.000243	163	200
Transient	RFX3	MA0798.3	1.54	0.000273	125	145
Transient	REST	MA0138.3	3.96	0.000274	19	8
Transient	Stat4	MA0518.2	1.04	0.000292	5440	9318
Transient	TFEB	MA0692.2	1.11	0.00032	1602	2582
Transient	Creb5	MA0840.2	1.35	0.000353	224	295
Transient	HOXD9	MA0913.3	1.08	0.000362	2249	3699
Transient	PPARD	MA1550.2	1.13	0.000384	1098	1729
Transient	BACH2	MA1470.2	1.39	0.000401	188	241
Transient	GRHL1	MA0647.2	1.12	0.000485	1200	1906
Transient	ZNF558	MA2335.1	1.21	0.000493	476	699
Transient	Alx4	MA0853.2	1.09	0.000507	2077	3410
Transient	ESR1	MA0112.4	1.38	0.000522	190	246
Transient	Prdm4	MA1647.3	1.14	0.000662	930	1456
Transient	SCRT2	MA0744.3	1.02	0.000729	7478	13029
Transient	CEBPG	MA0838.1	1.62	0.000753	87	96
Transient	ZNF675	MA1714.2	1.06	0.000804	3318	5587
Transient	Dmbx1	MA0883.2	1.07	0.00157	2532	4231
Transient	OLIG3	MA0827.1	1.26	0.00171	273	386
Transient	ZNF382	MA1594.1	1.13	0.00218	828	1306
Transient	Pparg::Rxra	MA0065.3	1.11	0.00265	1104	1778
Transient	Ptf1A	MA1618.2	1.01	0.00266	8374	14710
Transient	Stat5b	MA1625.2	1.02	0.00307	7671	13423
Transient	BHLHE23	MA0817.2	1.19	0.00314	402	602
Transient	JUNB	MA1140.3	1.18	0.00337	416	626
Transient	Atoh1	MA0461.3	1.37	0.00344	135	176
Transient	ESRRA	MA0592.4	1.17	0.00374	466	710
Transient	MYB	MA0100.4	1.03	0.00393	5003	8625
Transient	NR2C2	MA1536.2	1.02	0.00395	7862	13780
Transient	Foxj2	MA0614.1	1.03	0.00416	4753	8182
Transient	Rxra	MA0512.2	1.13	0.00427	726	1147
Transient	TFEC	MA0871.3	1.08	0.00454	1698	2813
Transient	FIGLA	MA0820.2	1.23	0.00456	275	400
Transient	RXRG	MA0856.1	1.15	0.00469	518	800
Transient	Nr2f6	MA0677.2	1.14	0.00536	598	936
Transient	ZBED1	MA0749.2	1.22	0.00569	274	401
Transient	ZSCAN4	MA1155.1	1.13	0.00574	668	1055
Transient	MYCN	MA0104.5	3.92	0.00659	10	4
Transient	MEF2B	MA0660.1	1.11	0.00704	818	1313
Transient	MYOD1	MA0499.3	1.53	0.00722	65	76
Transient	NR6A1	MA1541.2	1.02	0.00785	6890	12038
Transient	PITX2	MA1547.2	1.05	0.00789	2990	5088
Transient	OSR1	MA1542.2	1.17	0.00821	385	588
Transient	ZNF680	MA1729.2	1.04	0.00828	3969	6818
Transient	HSF1	MA0486.2	1.19	0.00833	323	486
Transient	Nr5A2	MA0505.3	1.11	0.00848	789	1268
Transient Increasing	BACH1	MA1633.2	3.29	5.04e-244	1632	1187
Transient Increasing	Jun	MA0489.3	3.72	1.63e-243	1440	925
Transient Increasing	FOS::JUND	MA1141.2	2.55	5.82e-243	2175	2035
Transient Increasing	FOSL1	MA0477.3	2.84	5.89e-241	1894	1594
Transient Increasing	JUNB	MA0490.3	2.8	7.49e-241	1928	1648
Transient Increasing	BATF::JUN	MA0462.3	2.83	1.16e-234	1857	1567
Transient Increasing	FOSL2::JUNB	MA1138.2	3.92	8.68e-234	1319	803
Transient Increasing	JUND	MA0491.3	2.92	8.68e-234	1787	1464
Transient Increasing	FOS	MA0476.2	3.18	2.5e-233	1618	1215
Transient Increasing	FOSL1::JUND	MA1142.2	2.6	7.36e-233	2051	1886
Transient Increasing	BATF	MA1634.2	2.77	8.21e-233	1889	1627
Transient Increasing	BNC2	MA1928.2	2.84	2.48e-231	1824	1533
Transient Increasing	JUN::JUNB	MA1132.2	3.01	1.31e-229	1699	1351
Transient Increasing	BATF3	MA0835.3	2.71	2.63e-229	1919	1692
Transient Increasing	FOS::JUN	MA0099.4	2.23	4.74e-224	2466	2649
Transient Increasing	FOSL1::JUNB	MA1137.2	2.48	1.72e-223	2114	2041
Transient Increasing	FOSL2::JUND	MA1144.2	2.35	1.45e-221	2259	2299
Transient Increasing	Atf3	MA1988.2	2.61	3.5e-220	1946	1782
Transient Increasing	FOSL2	MA0478.2	4.3	9.52e-211	1106	614
Transient Increasing	FOSL2::JUN	MA1130.2	2.08	9.53e-209	2591	2976
Transient Increasing	FOSB::JUNB	MA1135.2	2.27	1.88e-206	2243	2361
Transient Increasing	FOS::JUNB	MA1134.2	2.02	5.77e-204	2680	3176
Transient Increasing	FOSL1::JUN	MA1128.2	1.87	3.62e-199	2994	3822
Transient Increasing	JDP2	MA0655.1	2.31	5.28e-196	2101	2177
Transient Increasing	BACH2	MA1101.3	3.42	5.92e-180	1188	831
Transient Increasing	NFE2	MA0841.2	2.91	3.41e-160	1286	1057
Transient Increasing	MAFG::NFE2L1	MA0089.3	1.76	4.77e-118	2299	3115
Transient Increasing	MAFK	MA0496.4	1.8	9.61e-116	2165	2875
Transient Increasing	Nfe2l2	MA0150.3	1.57	1.18e-107	2840	4320
Transient Increasing	MAF::NFE2	MA0501.2	1.94	1.37e-105	1720	2124
Transient Increasing	Runx1	MA0002.3	1.63	1.26e-81	2096	3072
Transient Increasing	Bcl11B	MA1989.2	1.32	6.27e-74	3825	6948
Transient Increasing	TBR1	MA0802.2	1.37	2.18e-70	3270	5725
Transient Increasing	TBX3	MA1566.3	1.5	6.32e-70	2400	3835
Transient Increasing	TBX5	MA0807.1	1.59	7.49e-66	1910	2877
Transient Increasing	EOMES	MA0800.2	1.25	1.33e-64	4321	8278
Transient Increasing	TBX21	MA0690.3	1.26	7.14e-63	4120	7821
Transient Increasing	MEIS1	MA0498.3	1.4	7.59e-62	2718	4627
Transient Increasing	Tbx6	MA1567.3	1.48	2.05e-60	2222	3587
Transient Increasing	TBX4	MA0806.1	1.8	8.84e-59	1233	1642
Transient Increasing	FOSL1::JUND	MA1143.2	1.28	3.7e-58	3693	6889
Transient Increasing	MGA	MA0801.1	1.2	7.82e-54	4561	9051
Transient Increasing	TBX1	MA0805.1	1.26	1.34e-53	3747	7094
Transient Increasing	TBX2	MA0688.2	1.18	7.47e-52	4954	10071
Transient Increasing	MEIS3	MA0775.2	1.36	1.42e-47	2518	4412
Transient Increasing	RUNX3	MA0684.3	1.16	5.32e-47	4973	10209
Transient Increasing	Mafg	MA0659.4	1.67	6.94e-47	1239	1779
Transient Increasing	TBX15	MA0803.1	1.46	4.59e-46	1890	3096
Transient Increasing	TBX18	MA1565.2	1.99	8.49e-46	763	916
Transient Increasing	RUNX2	MA0511.2	1.5	2.59e-43	1631	2602
Transient Increasing	PBX2	MA1113.3	1.12	1.23e-42	5735	12277
Transient Increasing	Nr2e1	MA0676.1	1.08	1.44e-42	6386	14090
Transient Increasing	MGA::EVX1	MA1960.2	1.15	3.3e-42	5093	10608
Transient Increasing	FOXB1	MA0845.1	1.11	4.69e-42	5847	12590
Transient Increasing	POU4F1	MA0790.2	1.14	1.45e-41	5129	10713
Transient Increasing	PKNOX1	MA0782.3	1.19	1.7e-41	4306	8663
Transient Increasing	ZNF652	MA1657.2	1.09	2.16e-41	6218	13628
Transient Increasing	NOTO	MA0710.2	1.12	6.93e-41	5592	11930
Transient Increasing	POU3F1	MA0786.2	1.09	1.06e-40	6293	13853
Transient Increasing	MEIS2	MA1640.2	1.1	2.31e-39	5969	12972
Transient Increasing	MEIS1	MA1639.2	1.07	9.64e-38	6577	14730
Transient Increasing	POU4F3	MA0791.2	1.14	6.61e-37	5012	10512
Transient Increasing	ZNF354A	MA1978.2	1.08	8.13e-37	6254	13809
Transient Increasing	DMRTC2	MA1479.2	1.13	8.15e-37	5262	11152
Transient Increasing	FOXC1	MA0032.2	1.08	3.86e-35	6157	13568
Transient Increasing	TBP	MA0108.3	1.09	4.72e-35	5989	13108
Transient Increasing	ATF2	MA1632.2	1.3	1.01e-34	2435	4461
Transient Increasing	Pou5f1::Sox2	MA0142.1	1.1	1.95e-34	5839	12715
Transient Increasing	FOXC2	MA0846.2	1.08	1.15e-33	6187	13679
Transient Increasing	FOXD1	MA0031.2	1.08	1.31e-33	6188	13683
Transient Increasing	FOSL2::JUN	MA1131.2	1.21	2.72e-33	3559	7056
Transient Increasing	POU3F2	MA0787.1	1.12	6.97e-33	5281	11286
Transient Increasing	Foxl2	MA1607.2	1.05	3.16e-32	6730	15279
Transient Increasing	POU3F3	MA0788.1	1.1	3.16e-32	5629	12204
Transient Increasing	NFIL3	MA0025.3	1.06	5.87e-32	6579	14829
Transient Increasing	EN1	MA0027.3	1.09	6.17e-32	5976	13135
Transient Increasing	BARX2	MA1471.2	1.09	7.29e-32	5915	12972
Transient Increasing	Nkx3-2	MA0122.4	1.13	7.29e-32	4868	10263
Transient Increasing	SREBF2	MA0596.1	1.19	1.18e-31	3787	7633
Transient Increasing	TBX20	MA0689.1	2.61	1.21e-31	315	288
Transient Increasing	FOSL2::JUND	MA1145.2	1.2	1.27e-31	3527	7020
Transient Increasing	POU6F1	MA0628.2	1.12	1.73e-31	5189	11083
Transient Increasing	SATB1	MA1963.2	1.09	6.26e-31	5908	12973
Transient Increasing	FOS::JUN	MA1126.2	1.13	8.9e-31	4818	10164
Transient Increasing	ATF4	MA0833.3	1.2	1.09e-30	3448	6857
Transient Increasing	SRY	MA0084.2	1.06	1.35e-30	6588	14879
Transient Increasing	HOXB3	MA0903.2	1.11	1.91e-30	5420	11700
Transient Increasing	Foxf1	MA1606.2	1.06	3.05e-30	6573	14841
Transient Increasing	FOXK2	MA1103.3	1.07	3.17e-30	6416	14388
Transient Increasing	GSX1	MA0892.2	1.11	4.39e-30	5414	11693
Transient Increasing	VAX1	MA0722.2	1.1	5.2e-30	5674	12372
Transient Increasing	HMBOX1	MA0895.2	1.11	6.36e-30	5247	11268
Transient Increasing	RAX	MA0718.2	1.1	8.3e-30	5692	12424
Transient Increasing	TCF7L2	MA0523.2	1.1	1.65e-29	5550	12059
Transient Increasing	POU5F1B	MA0792.1	1.05	2.86e-29	6654	15097
Transient Increasing	ETV1	MA0761.3	1.25	3.4e-29	2694	5158
Transient Increasing	POU6F1	MA1549.2	1.06	5.57e-29	6465	14551
Transient Increasing	CREB1	MA0018.5	1.12	6.05e-29	4939	10512
Transient Increasing	HOXA5	MA0158.2	1.19	1.87e-28	3420	6846
Transient Increasing	FOSL2::JUNB	MA1139.2	1.27	2.32e-28	2369	4448
Transient Increasing	FOXD3	MA0041.3	1.07	2.83e-28	6364	14278
Transient Increasing	FOSB::JUN	MA1127.1	1.11	3.81e-28	5346	11564
Transient Increasing	Spi1	MA0080.7	1.35	5.33e-28	1756	3117
Transient Increasing	EVX2	MA0888.2	1.1	1.02e-27	5493	11953
Transient Increasing	PHOX2B	MA0681.3	1.13	1.02e-27	4744	10056
Transient Increasing	Arid3a	MA0151.1	1.08	1.31e-27	5889	12995
Transient Increasing	EVX1	MA0887.2	1.1	1.84e-27	5501	11980
Transient Increasing	FOXI1	MA0042.2	1.08	9.99e-27	5802	12784
Transient Increasing	HOXA7	MA1498.3	1.09	1.35e-26	5647	12380
Transient Increasing	PHOX2A	MA0713.1	1.12	1.5e-26	4911	10502
Transient Increasing	ESX1	MA0644.3	1.09	1.95e-26	5517	12046
Transient Increasing	FOXA2	MA0047.4	1.05	4.09e-26	6722	15353
Transient Increasing	POU2F1	MA0785.2	1.11	5.74e-26	5207	11263
Transient Increasing	BARHL2	MA0635.2	1.05	6.31e-26	6614	15037
Transient Increasing	PBX3	MA1114.2	1.17	1.06e-25	3715	7612
Transient Increasing	FOXA1	MA0148.5	1.06	1.22e-25	6310	14180
Transient Increasing	POU2F3	MA0627.3	1.08	2.04e-25	5766	12720
Transient Increasing	Shox2	MA0720.2	1.11	2.19e-25	5067	10924
Transient Increasing	ZNF175	MA2332.1	1.19	2.5e-25	3214	6445
Transient Increasing	HOXA10	MA0899.2	1.05	3.13e-25	6600	15009
Transient Increasing	Erg	MA0474.4	1.18	3.31e-25	3384	6845
Transient Increasing	ISL2	MA0914.2	1.04	3.66e-25	6811	15639
Transient Increasing	VSX2	MA0726.2	1.07	9.1e-25	6089	13595
Transient Increasing	HOXB13	MA0901.3	1.08	9.8e-25	5921	13146
Transient Increasing	POU6F2	MA0793.2	1.08	1.28e-24	5877	13032
Transient Increasing	CEBPA	MA0102.5	1.16	1.36e-24	3728	7673
Transient Increasing	GABPA	MA0062.4	1.15	1.65e-24	3942	8186
Transient Increasing	POU3F4	MA0789.1	1.1	3.38e-24	5186	11256
Transient Increasing	JUN::JUNB	MA1133.2	1.1	7.86e-24	5183	11258
Transient Increasing	GATA2	MA0036.4	1.08	1.04e-23	5821	12906
Transient Increasing	ELF1	MA0473.4	1.32	1.1e-23	1698	3080
Transient Increasing	TCF7	MA0769.3	1.07	1.63e-23	6034	13476
Transient Increasing	FOXE1	MA1487.3	1.12	1.63e-23	4515	9603
Transient Increasing	Dmrt1	MA1603.2	1.06	2.36e-23	6423	14542
Transient Increasing	FOXS1	MA2118.1	1.04	2.86e-23	6835	15743
Transient Increasing	FOXL1	MA0033.2	1.06	3.72e-23	6386	14443
Transient Increasing	DRGX	MA1481.2	1.08	4.26e-23	5661	12503
Transient Increasing	FOXA3	MA1683.2	1.04	4.54e-23	6786	15597
Transient Increasing	Pax7	MA0680.3	1.11	4.77e-23	4736	10161
Transient Increasing	CEBPG	MA1636.2	1.25	6.29e-23	2196	4189
Transient Increasing	Hmga1	MA2124.1	1.1	7.82e-23	5079	11023
Transient Increasing	HOXC10	MA0905.2	1.08	8.9e-23	5687	12579
Transient Increasing	HOXB5	MA0904.3	1.14	1.06e-22	4076	8559
Transient Increasing	FOXP4	MA2117.1	1.04	1.08e-22	6710	15377
Transient Increasing	FOXO4	MA0848.1	1.05	1.43e-22	6509	14800
Transient Increasing	SOX9	MA0077.2	1.03	1.74e-22	6879	15892
Transient Increasing	Arid5a	MA0602.2	1.08	1.95e-22	5740	12726
Transient Increasing	LHX6	MA0658.2	1.14	2e-22	4100	8625
Transient Increasing	SPIB	MA0081.3	1.13	2.87e-22	4147	8743
Transient Increasing	GATA6	MA1104.3	1.06	5.6e-22	6173	13886
Transient Increasing	HNF1B	MA0153.2	1.2	5.98e-22	2801	5582
Transient Increasing	MSX2	MA0708.3	1.08	8.74e-22	5642	12488
Transient Increasing	Foxo3	MA0157.4	1.04	9.43e-22	6755	15527
Transient Increasing	SOX18	MA1563.2	1.11	1.68e-21	4633	9951
Transient Increasing	POU5F1	MA1115.2	1.03	1.99e-21	6891	15946
Transient Increasing	NKX6-3	MA1530.2	1.14	2.15e-21	3853	8062
Transient Increasing	Arid3b	MA0601.2	1.11	2.94e-21	4669	10047
Transient Increasing	Dlx5	MA1476.3	1.06	2.94e-21	6163	13876
Transient Increasing	DMRTA1	MA1707.2	1.15	5.99e-21	3613	7504
Transient Increasing	MEOX1	MA0661.2	1.19	6.01e-21	2879	5789
Transient Increasing	LHX2	MA0700.3	1.09	1.03e-20	5389	11867
Transient Increasing	SOX2	MA0143.5	1.06	1.28e-20	6141	13832
Transient Increasing	ETV2::FOXI1	MA1942.2	1.25	1.38e-20	2043	3907
Transient Increasing	ZNF766	MA2098.1	1.07	1.43e-20	5995	13444
Transient Increasing	JUN	MA0488.2	1.3	1.58e-20	1594	2925
Transient Increasing	HNF1A	MA0046.3	1.17	1.6e-20	3110	6336
Transient Increasing	GBX2	MA0890.2	1.08	1.6e-20	5566	12326
Transient Increasing	ATF7	MA0834.2	1.55	2.01e-20	706	1087
Transient Increasing	Foxj3	MA0851.2	1.09	2.86e-20	5170	11325
Transient Increasing	PRRX1	MA0716.2	1.14	3.58e-20	3802	7977
Transient Increasing	Irf1	MA0050.4	1.2	4.08e-20	2677	5349
Transient Increasing	MEIS2	MA0774.1	1.26	4.44e-20	1950	3714
Transient Increasing	FOSL1::JUN	MA1129.1	1.06	5.22e-20	6022	13530
Transient Increasing	SHOX	MA0630.2	1.11	5.22e-20	4528	9738
Transient Increasing	GSC	MA0648.2	1.04	5.97e-20	6590	15083
Transient Increasing	Hoxa13	MA0650.4	1.05	1.21e-19	6525	14906
Transient Increasing	ETV2	MA0762.2	1.21	1.22e-19	2418	4773
Transient Increasing	FOXN3	MA1489.1	1.09	1.25e-19	5258	11566
Transient Increasing	MSANTD3	MA1523.2	1.12	1.3e-19	4190	8927
Transient Increasing	FOXK1	MA0852.3	1.03	1.69e-19	6827	15782
Transient Increasing	PGR	MA2327.1	1.12	1.71e-19	4245	9064
Transient Increasing	ZNF35	MA2333.1	1.03	2.71e-19	6899	16005
Transient Increasing	Ikzf3	MA1992.2	1.41	3.3e-19	993	1683
Transient Increasing	FOXP1	MA0481.4	1.03	6.16e-19	6912	16051
Transient Increasing	Dlx2	MA0885.3	1.05	6.38e-19	6378	14515
Transient Increasing	Hnf1A	MA1991.2	1.05	6.9e-19	6480	14797
Transient Increasing	SREBF1	MA0595.1	1.18	9.14e-19	2775	5613
Transient Increasing	SIX2	MA1119.2	1.06	1.09e-18	5951	13377
Transient Increasing	Gata3	MA0037.5	1.05	1.18e-18	6379	14524
Transient Increasing	Lhx1	MA1518.3	1.08	3.42e-18	5253	11596
Transient Increasing	Sox5	MA0087.3	1.06	6.24e-18	6030	13605
Transient Increasing	Nfat5	MA0606.3	1.05	6.59e-18	6330	14408
Transient Increasing	CDX2	MA0465.3	1.04	7.95e-18	6700	15440
Transient Increasing	NRL	MA0842.3	1.16	9.42e-18	2985	6129
Transient Increasing	Elf5	MA0136.4	1.17	2.36e-17	2909	5965
Transient Increasing	Gfi1B	MA0483.2	1.1	2.71e-17	4538	9848
Transient Increasing	NKX2-5	MA0063.3	1.12	3.66e-17	4069	8713
Transient Increasing	TRPS1	MA1970.2	1.05	3.66e-17	6327	14418
Transient Increasing	SOX10	MA0442.3	1.05	3.78e-17	6399	14614
Transient Increasing	ZNF75D	MA1601.2	1.19	4.79e-17	2500	5034
Transient Increasing	SOX13	MA1120.2	1.04	6.89e-17	6672	15379
Transient Increasing	HOXB8	MA1502.2	1.16	7.28e-17	3037	6278
Transient Increasing	Hoxa11	MA0911.2	1.06	8.34e-17	5759	12929
Transient Increasing	Sox3	MA0514.3	1.04	8.56e-17	6722	15524
Transient Increasing	ELF3	MA0640.3	1.57	8.67e-17	554	844
Transient Increasing	JUND	MA0492.2	1.61	1.18e-16	502	746
Transient Increasing	Bach1::Mafk	MA0591.2	3.68	2.03e-16	99	64
Transient Increasing	Nkx3-1	MA0124.3	1.1	2.78e-16	4596	10024
Transient Increasing	ZNF75A	MA2097.1	1.28	2.78e-16	1431	2672
Transient Increasing	MAFF	MA0495.4	1.1	3.09e-16	4325	9364
Transient Increasing	Msx3	MA0709.2	1.07	3.51e-16	5502	12289
Transient Increasing	Creb5	MA0840.2	1.43	3.64e-16	789	1321
Transient Increasing	FLI1::FOXI1	MA1950.2	1.1	3.9e-16	4312	9336
Transient Increasing	SOX8	MA0868.3	1.04	4.03e-16	6510	14943
Transient Increasing	RORA	MA0071.1	1.11	4.22e-16	4046	8694
Transient Increasing	Sox17	MA0078.3	1.03	6.55e-16	6841	15888
Transient Increasing	HOXA9	MA0594.3	1.09	1.19e-15	4570	9982
Transient Increasing	Isl1	MA1608.2	1.06	1.39e-15	5954	13471
Transient Increasing	JUNB	MA1140.3	1.4	1.65e-15	831	1419
Transient Increasing	ETS2	MA1484.2	1.18	1.69e-15	2415	4888
Transient Increasing	ONECUT1	MA0679.3	1.09	1.72e-15	4564	9973
Transient Increasing	Rhox11	MA0629.2	1.04	1.77e-15	6507	14950
Transient Increasing	ETS1	MA0098.4	1.13	1.8e-15	3477	7358
Transient Increasing	SOX15	MA1152.2	1.04	2.46e-15	6497	14926
Transient Increasing	FOXJ2::ELF1	MA1952.2	1.17	3.9e-15	2605	5335
Transient Increasing	RAX2	MA0717.2	1.11	3.98e-15	3984	8579
Transient Increasing	VSX1	MA0725.2	1.1	4.37e-15	4180	9053
Transient Increasing	EHF	MA0598.4	1.56	5.06e-15	500	765
Transient Increasing	Lef1	MA0768.3	1.04	6.05e-15	6598	15214
Transient Increasing	FOXO1::ELK1	MA1954.2	1.21	7.61e-15	1948	3852
Transient Increasing	TEF	MA0843.2	1.19	8.97e-15	2207	4438
Transient Increasing	ELK4	MA0076.3	1.12	9.73e-15	3670	7842
Transient Increasing	FOXD2	MA0847.4	1.1	1.03e-14	4193	9098
Transient Increasing	ZNF24	MA1124.1	1.13	1.95e-14	3261	6885
Transient Increasing	Mafb	MA0117.3	1.09	2.93e-14	4440	9714
Transient Increasing	HOXA3	MA2119.1	1.14	3.5e-14	2971	6215
Transient Increasing	MIXL1	MA0662.2	1.13	3.67e-14	3267	6909
Transient Increasing	TGIF2LY	MA1572.1	1.2	3.91e-14	1942	3860
Transient Increasing	TGIF2	MA0797.1	1.21	4.14e-14	1864	3686
Transient Increasing	PRDM1	MA0508.4	1.04	5.72e-14	6585	15201
Transient Increasing	Ahr::Arnt	MA0006.2	1.06	6.51e-14	5478	12302
Transient Increasing	ERF	MA0760.2	1.2	1.04e-13	1901	3781
Transient Increasing	HOXD8	MA0910.3	1.17	1.06e-13	2349	4796
Transient Increasing	Foxo1	MA0480.3	1.02	1.06e-13	6919	16161
Transient Increasing	HOXD3	MA0912.2	1.21	1.28e-13	1839	3645
Transient Increasing	HOXC12	MA0906.2	1.18	1.51e-13	2234	4539
Transient Increasing	FOXG1	MA0613.1	1.11	1.59e-13	3795	8185
Transient Increasing	Hoxd13	MA0909.4	1.1	1.63e-13	4144	9024
Transient Increasing	CEBPD	MA0836.3	1.11	3.09e-13	3723	8024
Transient Increasing	FOXO1::ELF1	MA1953.2	1.15	3.12e-13	2595	5377
Transient Increasing	IKZF2	MA2326.1	1.16	3.16e-13	2475	5101
Transient Increasing	GATA1	MA0035.5	1.02	3.52e-13	6898	16108
Transient Increasing	DMRTA2	MA1478.2	1.09	3.57e-13	4495	9889
Transient Increasing	ARNT::HIF1A	MA0259.2	1.06	8.1e-13	5685	12865
Transient Increasing	GSC2	MA0891.2	1.06	8.29e-13	5633	12733
Transient Increasing	RELA	MA0107.1	1.72	9.24e-13	299	415
Transient Increasing	FOXO1::FLI1	MA1956.2	1.21	9.33e-13	1730	3428
Transient Increasing	SOX4	MA0867.3	1.04	1.66e-12	6248	14333
Transient Increasing	RREB1	MA0073.2	1.21	2.01e-12	1664	3291
Transient Increasing	PBX1	MA0070.2	1.09	2.51e-12	4313	9479
Transient Increasing	FOSB::JUNB	MA1136.1	1.04	2.51e-12	6187	14178
Transient Increasing	HOXC13	MA0907.2	1.1	3.37e-12	3698	8005
Transient Increasing	PAX4	MA0068.2	1.1	3.71e-12	3978	8677
Transient Increasing	JDP2	MA0656.2	1.69	4.21e-12	298	421
Transient Increasing	CREM	MA0609.3	1.08	5.16e-12	4592	10171
Transient Increasing	FLI1	MA0475.3	1.11	8.93e-12	3492	7532
Transient Increasing	HOXD11	MA0908.2	1.11	1.95e-11	3474	7503
Transient Increasing	PITX3	MA0714.2	1.02	2.11e-11	6870	16061
Transient Increasing	FOXO6	MA0849.1	1.07	2.67e-11	4775	10648
Transient Increasing	HOXB9	MA1503.2	1.31	4.3e-11	846	1544
Transient Increasing	BARHL1	MA0877.4	1.05	5.68e-11	5777	13164
Transient Increasing	PAX6	MA0069.1	1.08	6.21e-11	4393	9730
Transient Increasing	UNCX	MA0721.2	1.17	8.73e-11	1898	3871
Transient Increasing	BARX1	MA0875.2	1.21	9.23e-11	1486	2947
Transient Increasing	ETV6	MA0645.2	1.08	9.37e-11	4461	9903
Transient Increasing	IKZF1	MA1508.2	1.16	1.08e-10	2080	4288
Transient Increasing	Six4	MA2001.2	1.12	1.1e-10	2960	6323
Transient Increasing	EN2	MA0642.3	1.12	1.18e-10	2971	6350
Transient Increasing	LHX9	MA0701.3	1.13	1.41e-10	2576	5433
Transient Increasing	FOXP3	MA0850.1	1.04	1.6e-10	6130	14087
Transient Increasing	LBX1	MA0618.2	1.1	2.02e-10	3455	7501
Transient Increasing	HOXB1	MA2093.1	1.3	2.15e-10	837	1542
Transient Increasing	ERF::FOXI1	MA1935.2	1.14	3.06e-10	2299	4807
Transient Increasing	GATA4	MA0482.3	1.02	3.13e-10	6826	15961
Transient Increasing	ELF2	MA1483.3	1.11	3.14e-10	3168	6831
Transient Increasing	RORB	MA1150.2	1.25	3.24e-10	1085	2081
Transient Increasing	Npas2	MA0626.2	1.1	3.51e-10	3301	7147
Transient Increasing	Foxj2	MA0614.1	1.08	3.72e-10	4021	8865
Transient Increasing	ALX3	MA0634.2	1.16	4.13e-10	1993	4112
Transient Increasing	ZNF354C	MA0130.1	1.07	4.76e-10	4695	10505
Transient Increasing	SOX12	MA1561.2	1.06	6.34e-10	5070	11433
Transient Increasing	NFKB1	MA0105.4	2.56	7.98e-10	90	84
Transient Increasing	PITX1	MA0682.3	1.08	1.07e-09	3955	8727
Transient Increasing	Sox7	MA2095.1	1.06	1.54e-09	4814	10819
Transient Increasing	Nfatc2	MA0152.3	1.28	2.06e-09	843	1580
Transient Increasing	OTX1	MA0711.2	1.04	3.83e-09	6183	14272
Transient Increasing	SIX1	MA1118.2	1.05	4.04e-09	5232	11869
Transient Increasing	Atoh1	MA0461.3	1.06	4.13e-09	4962	11202
Transient Increasing	Nfatc1	MA0624.3	1.25	5.22e-09	949	1820
Transient Increasing	CUX2	MA0755.2	1.07	5.68e-09	4346	9704
Transient Increasing	Stat2	MA1623.2	1.17	8.15e-09	1540	3135
Transient Increasing	IRF6	MA1509.1	1.13	8.16e-09	2331	4940
Transient Increasing	POU2F1::SOX2	MA1962.1	1.16	1.07e-08	1787	3698
Transient Increasing	GRHL2	MA1105.3	1.04	1.12e-08	5753	13192
Transient Increasing	LHX5	MA1519.2	1.29	1.15e-08	731	1360
Transient Increasing	FOXF2	MA0030.2	1.08	1.18e-08	3932	8721
Transient Increasing	IRF5	MA1420.1	1.17	1.38e-08	1557	3182
Transient Increasing	MNX1	MA0707.3	1.2	1.46e-08	1205	2396
Transient Increasing	LBX2	MA0699.2	1.24	1.66e-08	938	1811
Transient Increasing	RORA	MA0072.2	1.33	1.86e-08	583	1052
Transient Increasing	Nkx2-1	MA1994.2	1.15	2.02e-08	1793	3723
Transient Increasing	DLX1	MA0879.3	1.24	2.28e-08	931	1800
Transient Increasing	FOXO1::ELK3	MA1955.2	1.1	2.69e-08	2925	6348
Transient Increasing	Foxq1	MA0040.2	1.09	2.77e-08	3368	7394
Transient Increasing	Six3	MA0631.2	1.08	2.78e-08	3855	8555
Transient Increasing	STAT3	MA0144.3	1.06	3e-08	4504	10123
Transient Increasing	GATA5	MA0766.3	1.12	3.1e-08	2484	5321
Transient Increasing	HOXB6	MA1500.2	1.16	3.13e-08	1694	3506
Transient Increasing	KLF5	MA0599.1	1.08	3.43e-08	3612	7979
Transient Increasing	Lhx4	MA0704.2	1.25	4.21e-08	820	1567
Transient Increasing	MYF6	MA0667.1	1.09	4.92e-08	3072	6707
Transient Increasing	BSX	MA0876.2	1.23	4.92e-08	934	1817
Transient Increasing	OTX2	MA0712.3	1.02	5.09e-08	6731	15755
Transient Increasing	IRF4	MA1419.2	1.43	8.49e-08	355	596
Transient Increasing	ERF::HOXB13	MA1937.2	1.06	9.52e-08	4662	10533
Transient Increasing	HOXB2::ELK1	MA1957.1	1.12	1.84e-07	2216	4736
Transient Increasing	ZBED2	MA1971.2	1.08	2.46e-07	3382	7476
Transient Increasing	NFYC	MA1644.2	1.08	2.9e-07	3478	7708
Transient Increasing	MEOX2	MA0706.2	1.29	2.9e-07	571	1056
Transient Increasing	EMX2	MA0886.2	1.23	2.98e-07	845	1647
Transient Increasing	HOXC8	MA1505.2	1.24	3.2e-07	772	1489
Transient Increasing	STAT1::STAT2	MA0517.2	1.25	3.36e-07	701	1336
Transient Increasing	ISX	MA0654.2	1.25	3.39e-07	737	1414
Transient Increasing	Nr1h3	MA2337.1	1.33	3.39e-07	480	866
Transient Increasing	Nr1H4	MA1110.3	1.33	3.39e-07	480	866
Transient Increasing	Nr1H2	MA1996.2	1.33	3.39e-07	480	866
Transient Increasing	Prdm4	MA1647.3	1.18	3.39e-07	1178	2385
Transient Increasing	ZIM3	MA1709.2	1.11	3.64e-07	2447	5287
Transient Increasing	GSX2	MA0893.3	1.31	3.88e-07	515	941
Transient Increasing	RFX5	MA0510.3	1.2	4.24e-07	966	1918
Transient Increasing	EMX1	MA0612.3	1.22	4.3e-07	890	1751
Transient Increasing	CDX4	MA1473.2	1.2	4.31e-07	1012	2020
Transient Increasing	NFATC3	MA0625.3	1.23	4.31e-07	804	1563
Transient Increasing	VAX2	MA0723.3	1.23	5.73e-07	799	1556
Transient Increasing	HOXB2	MA0902.3	1.23	5.73e-07	799	1556
Transient Increasing	NR4A1	MA1112.3	1.08	6.32e-07	3469	7706
Transient Increasing	Dlx3	MA0880.2	1.21	6.72e-07	907	1795
Transient Increasing	ETV5::DRGX	MA1944.2	1.24	6.94e-07	721	1389
Transient Increasing	TEAD4	MA0809.3	1.08	7.95e-07	3275	7251
Transient Increasing	HOXD10	MA1506.2	1.16	8.01e-07	1346	2777
Transient Increasing	PRRX2	MA0075.4	1.25	8.99e-07	676	1295
Transient Increasing	DLX6	MA0882.2	1.21	9.82e-07	843	1660
Transient Increasing	ETV5::FOXI1	MA1946.2	1.11	1.04e-06	2334	5048
Transient Increasing	HOXA1	MA1495.2	1.22	1.16e-06	799	1566
Transient Increasing	PROP1	MA0715.1	1.11	1.42e-06	2166	4665
Transient Increasing	ELK1::HOXB13	MA1932.2	1.15	1.45e-06	1415	2944
Transient Increasing	SOX14	MA1562.2	1.07	1.92e-06	3714	8318
Transient Increasing	GBX1	MA0889.2	1.19	2e-06	992	2000
Transient Increasing	HOXA4	MA1496.2	1.2	2.01e-06	913	1825
Transient Increasing	NR2C1	MA1535.2	1.06	2.07e-06	4100	9246
Transient Increasing	Dlx4	MA0881.2	1.21	2.25e-06	806	1591
Transient Increasing	Ptf1A	MA1618.2	1.05	2.26e-06	4705	10713
Transient Increasing	KLF9	MA1107.3	1.09	2.38e-06	2748	6035
Transient Increasing	FLI1::DRGX	MA1949.2	1.04	2.48e-06	5064	11593
Transient Increasing	PPARA::RXRA	MA1148.2	1.07	2.83e-06	3307	7359
Transient Increasing	CUX1	MA0754.3	1.05	3.25e-06	4535	10309
Transient Increasing	FEV	MA0156.4	1.07	3.6e-06	3568	7986
Transient Increasing	Yy1	MA0095.4	1.01	3.97e-06	6950	16408
Transient Increasing	REL	MA0101.1	1.24	4.56e-06	630	1217
Transient Increasing	ZNF384	MA1125.2	1.07	4.77e-06	3525	7891
Transient Increasing	SREBF1	MA0829.3	1.1	6.75e-06	2236	4864
Transient Increasing	Stat4	MA0518.2	1.06	1.08e-05	4044	9155
Transient Increasing	MSX1	MA0666.3	1.23	1.46e-05	608	1185
Transient Increasing	Nanog	MA2339.1	1.01	1.74e-05	6836	16114
Transient Increasing	Sox11	MA0869.3	1.03	1.9e-05	6103	14222
Transient Increasing	ETV3	MA0763.2	1.04	2.24e-05	5038	11585
Transient Increasing	KLF4	MA0039.5	1.39	2.41e-05	248	427
Transient Increasing	MAF	MA1520.2	1.58	2.45e-05	138	209
Transient Increasing	NKX2-2	MA1645.2	1.02	3.02e-05	6634	15589
Transient Increasing	HLF	MA0043.4	1.12	3.06e-05	1461	3111
Transient Increasing	ZNF784	MA1717.2	1.03	3.07e-05	5758	13369
Transient Increasing	ZNF677	MA2101.1	1.02	3.76e-05	6128	14300
Transient Increasing	HOXC9	MA0485.3	1.17	3.87e-05	867	1772
Transient Increasing	Vdr	MA0693.4	1.03	4.66e-05	5308	12267
Transient Increasing	IRF7	MA0772.2	1.17	5.48e-05	823	1680
Transient Increasing	ZSCAN21	MA2336.1	1.01	5.63e-05	6975	16507
Transient Increasing	ZNF274	MA1592.2	1.1	6.25e-05	1927	4202
Transient Increasing	FOS	MA1951.2	1.49	8.02e-05	152	244
Transient Increasing	Atf1	MA0604.1	1.62	0.000104	105	155
Transient Increasing	Hmx2	MA0897.2	1.15	0.000105	959	1997
Transient Increasing	RORC	MA1151.2	1.02	0.000113	6603	15532
Transient Increasing	TEAD2	MA1121.2	1.06	0.000119	3060	6878
Transient Increasing	IRF2	MA0051.2	1.17	0.000124	781	1601
Transient Increasing	MYBL1	MA0776.1	1.14	0.000125	999	2091
Transient Increasing	PKNOX2	MA0783.1	1.21	0.000156	528	1045
Transient Increasing	ZNF680	MA1729.2	1.04	0.000159	4860	11207
Transient Increasing	LMX1A	MA0702.3	1.1	0.000171	1685	3668
Transient Increasing	ELF4	MA0641.1	1.06	0.000175	2929	6580
Transient Increasing	ETV5::HOXA2	MA1948.2	1.09	0.000175	2010	4423
Transient Increasing	ZNF214	MA1975.2	1.04	0.000175	4197	9606
Transient Increasing	ZBTB11	MA2329.1	1.09	0.000181	1878	4117
Transient Increasing	MYBL2	MA0777.1	1.22	0.000184	459	897
Transient Increasing	CEBPG	MA0838.1	1.11	0.000198	1392	2997
Transient Increasing	MAFA	MA1521.2	1.53	0.000203	120	188
Transient Increasing	LIN54	MA0619.2	1.11	0.000206	1327	2849
Transient Increasing	ZKSCAN5	MA1652.2	1.04	0.000208	4753	10956
Transient Increasing	DMRT3	MA0610.2	1.06	0.000211	3254	7357
Transient Increasing	TCF7L1	MA1421.1	1.4	0.000215	183	314
Transient Increasing	DBP	MA0639.2	1.39	0.000237	187	323
Transient Increasing	NR2F2	MA1111.2	1.14	0.000326	917	1926
Transient Increasing	TEAD1	MA0090.4	1.03	0.000379	4825	11150
Transient Increasing	DUX4	MA0468.1	1.11	0.000544	1145	2456
Transient Increasing	NFYA	MA0060.4	1.04	0.000547	4365	10049
Transient Increasing	TGIF2LX	MA1571.1	1.22	0.000578	399	783
Transient Increasing	Stat6	MA0520.2	1.12	0.000621	1009	2149
Transient Increasing	NKX6-1	MA0674.2	1.16	0.000694	672	1390
Transient Increasing	ZNF382	MA1594.1	1.86	0.000747	51	66
Transient Increasing	IRF9	MA0653.1	1.33	0.000754	203	367
Transient Increasing	HOXB4	MA1499.2	1.21	0.000754	399	787
Transient Increasing	ZBTB17	MA2102.1	1.05	0.00083	3151	7159
Transient Increasing	HAND2	MA1638.2	1.14	0.00103	725	1517
Transient Increasing	IRF3	MA1418.2	1.16	0.00107	590	1215
Transient Increasing	VENTX	MA0724.1	1.2	0.0011	411	819
Transient Increasing	PDX1	MA0132.3	1.19	0.00115	457	921
Transient Increasing	SPIC	MA0687.2	1.16	0.00115	579	1192
Transient Increasing	CDX1	MA0878.3	2.31	0.00125	28	29
Transient Increasing	NKX6-2	MA0675.2	1.18	0.0013	456	921
Transient Increasing	HOXB7	MA1501.2	1.16	0.00131	573	1181
Transient Increasing	NFIA	MA0670.2	1.15	0.00137	644	1341
Transient Increasing	BACH2	MA1470.2	1.38	0.00141	143	249
Transient Increasing	NFKB2	MA0778.2	1.1	0.0015	1243	2708
Transient Increasing	HOXC4	MA1504.2	1.19	0.00164	432	872
Transient Increasing	POU2F2	MA0507.3	1.32	0.00181	178	324
Transient Increasing	OVOL2	MA1545.2	1.67	0.00185	59	85
Transient Increasing	NKX2-4	MA2003.2	1.15	0.00191	571	1184
Transient Increasing	ELK1::HOXA1	MA1931.1	1.09	0.00194	1365	2997
Transient Increasing	FOXH1	MA0479.2	1.16	0.00198	538	1111
Transient Increasing	ZNF667	MA1984.2	1.04	0.00201	3547	8136
Transient Increasing	USF1	MA0093.4	1.28	0.00206	210	393
Transient Increasing	HOXD12	MA0873.2	1.2	0.00222	357	712
Transient Increasing	HOXD4	MA1507.2	1.18	0.00224	439	893
Transient Increasing	MXI1	MA1108.3	1.16	0.00242	482	990
Transient Increasing	Mecom	MA0029.2	1.21	0.00258	318	629
Transient Increasing	HOXA6	MA1497.2	1.17	0.00279	430	877
Transient Increasing	Hmx3	MA0898.2	1.16	0.00315	495	1024
Transient Increasing	OSR1	MA1542.2	1.83	0.00368	38	50
Transient Increasing	Nr1h3::Rxra	MA0494.2	1.02	0.00399	5571	13051
Transient Increasing	HOXA2	MA0900.3	1.16	0.00399	441	908
Transient Increasing	NR2C2	MA1536.2	1.02	0.00407	5854	13746
Transient Increasing	IRF8	MA0652.2	1.37	0.0044	115	202
Transient Increasing	HOXD9	MA0913.3	1.15	0.00454	510	1065
Transient Increasing	ZBTB18	MA0698.2	1.06	0.00465	2270	5142
Transient Increasing	Lhx8	MA0705.2	1.15	0.00483	459	952
Transient Increasing	PAX3	MA1546.2	1.73	0.00511	41	57
Transient Increasing	Npas4	MA1995.2	1.02	0.00531	6037	14206
Transient Increasing	POU1F1	MA0784.3	1.4	0.00548	93	159
Transient Increasing	HESX1	MA0894.2	1.23	0.00565	224	436
Transient Increasing	ETV4	MA0764.4	1.03	0.00586	4745	11059
Transient Increasing	THRB	MA1576.2	1.35	0.006	115	205
Transient Increasing	ZNF317	MA1593.2	1.11	0.00621	801	1733
Transient Increasing	TGIF1	MA0796.1	1.22	0.00654	235	462
Transient Increasing	GATA1::TAL1	MA0140.3	1.35	0.00696	109	194
Transient Increasing	ZNF211	MA1974.2	1.13	0.00763	566	1203
Transient Increasing	GMEB2	MA0862.1	1.21	0.00776	232	458
Transient Increasing	ETV7	MA1708.2	1.02	0.00776	5578	13094
Transient Increasing	HNF4A	MA0114.5	1.01	0.00826	6568	15539
Transient Increasing	PPARD	MA1550.2	1.1	0.00829	749	1622
Transient Increasing	Hmx1	MA0896.2	1.14	0.00916	441	925
