feature_id	Naive_WT_REP1	Naive_WT_REP2	D3_WT_REP1	D3_WT_REP2	D5_WT_REP1	D5_WT_REP2	D8_WT_TE_Exp2_REP1	D8_WT_TE_Exp2_REP2	D8_WT_TE_Exp2_REP3
Interval_297	59	78	239	147	122	114	24	21	23
Interval_299	4	5	66	52	63	54	16	22	13
Interval_332	77	111	4	1	19	24	13	5	13
Interval_359	35	83	203	124	171	173	93	126	121
Interval_409	23	44	17	9	12	9	1	1	2
Interval_426	9	13	4	1	5	2	2	0	4
Interval_446	53	92	16	4	52	54	99	83	115
Interval_449	36	49	21	9	47	33	10	11	26
Interval_451	6	9	80	44	13	9	1	1	0
Interval_455	175	219	15	12	12	12	1	3	5
Interval_491	46	80	39	26	57	51	44	41	36
Interval_494	15	14	118	81	101	116	27	26	26
Interval_496	18	16	172	102	341	381	269	274	316
Interval_550	17	21	33	27	23	23	4	1	3
Interval_572	474	700	218	125	378	375	223	237	298
Interval_632	83	154	42	22	13	8	3	6	6
Interval_650	2	6	85	54	4	5	4	1	1
Interval_672	9	19	5	6	4	4	7	6	4
Interval_681	274	326	101	51	124	124	19	23	24
Interval_698	1	2	25	12	2	7	4	4	5
Interval_771	5	7	64	29	20	14	18	16	18
Interval_801	24	32	16	11	28	31	9	13	11
Interval_834	12	17	6	6	11	21	6	9	14
Interval_857	437	595	147	103	471	499	173	226	340
Interval_858	231	351	69	45	185	243	85	101	151
Interval_863	6	5	1	2	6	4	2	4	2
Interval_875	15	29	51	47	32	37	9	10	5
Interval_883	50	81	18	11	42	40	35	34	31
Interval_888	197	250	1	7	6	3	0	3	3
Interval_890	232	285	82	90	270	262	92	113	103
Interval_933	354	458	140	113	333	334	193	218	277
Interval_941	43	53	355	227	98	82	29	29	31
Interval_956	665	790	247	177	554	623	301	340	502
Interval_969	19	43	10	7	30	22	9	9	13
Interval_978	511	627	187	111	472	492	278	321	392
Interval_1004	64	109	15	7	241	244	153	179	256
Interval_1038	2	9	35	22	55	36	14	18	12
Interval_1142	3	5	7	3	4	5	0	1	0
Interval_1170	100	132	62	33	59	42	2	4	8
Interval_1229	90	131	16	19	6	7	3	2	0
Interval_1230	50	64	50	39	15	18	5	6	3
Interval_1290	50	81	23	17	48	48	23	24	16
Interval_1309	81	152	9	9	6	5	2	3	5
Interval_1345	20	25	3	1	2	2	0	3	1
Interval_1348	8	16	47	34	150	163	49	78	62
Interval_1357	4	3	11	18	11	5	1	0	0
Interval_1396	2	8	5	15	154	158	42	45	61
Interval_1423	8	16	69	41	196	201	127	109	174
Interval_1430	13	9	19	14	16	23	28	27	42
Interval_1440	2	6	82	36	74	51	55	61	59
Interval_1483	25	37	13	8	14	29	7	16	9
Interval_1491	44	80	65	46	299	335	190	221	294
Interval_1493	15	19	189	104	461	507	338	315	422
Interval_1521	43	69	6	4	4	2	2	2	2
Interval_1526	2	11	87	48	37	30	4	9	4
Interval_1538	11	11	185	98	86	64	20	38	48
Interval_1539	6	21	42	28	19	24	5	3	3
Interval_1550	2	2	1	1	1	1	0	1	2
Interval_1558	72	88	41	24	242	261	233	259	281
Interval_1564	10	23	49	40	142	156	77	98	118
Interval_1585	13	17	2	2	3	2	1	1	0
Interval_1619	8	13	90	57	57	70	21	40	22
Interval_1656	18	22	6	3	9	23	23	36	17
Interval_1670	31	45	3	3	2	5	2	4	3
Interval_1686	4	10	51	31	32	33	6	4	6
Interval_1700	31	49	20	8	278	258	255	289	357
Interval_1703	0	5	48	16	15	7	5	2	2
Interval_1714	1	2	15	6	4	6	1	1	0
Interval_1726	1449	1704	377	232	1834	1842	1006	1186	1427
Interval_1732	175	223	110	64	454	461	137	162	230
Interval_1740	4	3	134	109	46	21	5	3	1
Interval_1763	16	33	217	150	270	247	60	54	86
Interval_1765	2	2	4	5	40	36	26	24	35
Interval_1774	20	21	14	10	19	29	17	24	18
Interval_1837	0	0	11	0	1	1	1	0	0
Interval_1880	10	25	6	2	18	20	5	7	6
Interval_1893	538	796	189	120	514	585	226	255	361
Interval_1951	5	15	1	0	1	0	1	1	1
Interval_1985	30	48	22	16	14	18	6	6	12
Interval_1991	4	3	36	28	5	9	2	2	2
Interval_1995	146	157	5	4	45	46	4	8	14
Interval_2050	16	16	9	6	15	18	4	6	10
Interval_2173	77	121	134	94	119	111	27	36	22
Interval_2187	2	4	47	26	9	3	1	1	2
Interval_2245	4	3	7	0	1	0	0	0	0
Interval_2297	9	18	113	88	80	51	6	13	9
Interval_2304	8	14	45	20	7	3	5	0	1
Interval_2321	35	67	175	130	75	77	5	4	4
Interval_2426	23	43	12	5	10	12	6	10	5
Interval_2507	3	8	42	18	11	13	3	2	9
Interval_2581	10	10	56	37	101	93	39	37	54
Interval_2587	3	4	58	25	4	1	2	1	2
Interval_2592	3	5	85	52	92	111	55	46	57
Interval_2626	35	72	9	2	137	143	52	67	65
Interval_2628	27	37	9	11	34	42	23	33	23
Interval_2629	21	29	4	1	47	68	56	61	96
Interval_2631	65	96	13	2	109	114	78	94	104
Interval_2644	2	6	39	25	12	10	2	2	0
Interval_2655	4	7	36	24	10	10	2	2	1
Interval_2690	5	10	85	45	29	28	5	7	11
Interval_2707	23	31	61	36	14	16	0	5	6
Interval_2716	1	4	81	36	2	2	0	1	0
Interval_2732	0	6	7	3	4	3	1	1	2
Interval_2747	1237	1618	447	257	1016	1178	593	631	859
Interval_2770	892	1214	211	129	590	640	309	328	423
Interval_2790	8	9	63	55	27	33	7	6	2
Interval_2805	31	30	15	9	31	25	8	17	12
Interval_2808	3	6	6	7	20	22	20	15	11
Interval_2866	96	142	6	6	5	9	1	2	1
Interval_2986	22	42	202	123	566	547	293	289	386
Interval_2995	19	45	3	3	6	8	7	8	14
Interval_3032	1	3	88	39	9	15	2	1	1
Interval_3033	2	2	39	23	9	6	7	4	3
Interval_3112	141	214	80	54	174	206	75	94	94
Interval_3150	11	14	68	44	31	20	10	11	13
Interval_3165	556	630	181	76	167	177	28	26	39
Interval_3177	15	30	86	41	56	73	35	32	34
Interval_3218	148	222	22	17	112	124	161	184	181
Interval_3241	22	22	27	15	4	5	1	1	3
Interval_3243	25	38	53	25	194	203	131	156	141
Interval_3286	12	18	39	23	9	13	2	4	1
Interval_3310	11	14	9	5	11	7	2	3	2
Interval_3331	20	23	84	62	90	106	50	51	63
Interval_3416	2	2	21	21	11	7	1	1	0
Interval_3426	53	70	3	8	1	2	0	0	0
Interval_3446	8	8	58	27	14	12	1	6	3
Interval_3515	0	6	0	0	1	1	0	2	1
Interval_3562	64	112	146	102	385	366	225	241	288
Interval_3566	15	29	13	9	27	22	6	11	10
Interval_3581	137	205	200	114	593	597	424	482	591
Interval_3584	38	54	80	47	148	203	172	209	220
Interval_3611	5	12	44	31	52	33	14	17	4
Interval_3630	105	117	49	30	30	37	0	0	3
Interval_3650	126	231	44	43	35	45	5	6	7
Interval_3705	1	1	4	1	0	0	0	1	1
Interval_3739	600	774	316	196	760	844	298	376	588
Interval_3838	120	185	48	33	123	119	52	65	69
Interval_3861	7	6	3	1	7	8	82	61	64
Interval_3905	749	984	284	199	662	793	407	423	580
Interval_3942	4	10	0	0	0	3	0	0	0
Interval_3948	94	136	10	0	1	1	2	0	0
Interval_3956	584	712	17	10	21	25	12	17	23
Interval_3987	13	13	1	1	1	4	3	11	2
Interval_3996	97	147	45	26	76	59	42	36	64
Interval_4000	489	606	8	11	125	159	62	79	128
Interval_4062	8	6	89	44	101	95	20	37	38
Interval_4089	1228	1644	555	350	1587	1537	728	819	1117
Interval_4130	83	134	15	13	20	16	8	14	11
Interval_4131	8	14	13	13	3	3	6	1	4
Interval_4207	19	36	13	5	16	13	5	4	3
Interval_4223	97	125	374	227	263	207	13	22	8
Interval_4280	9	15	221	145	334	331	90	91	108
Interval_4378	1012	1229	450	304	1189	1164	704	755	994
Interval_4380	24	37	209	120	502	514	125	215	242
Interval_4406	5	9	57	27	12	9	3	2	3
Interval_4442	222	267	54	49	534	561	391	467	492
Interval_4447	4	3	60	29	22	24	4	2	9
Interval_4462	14	10	73	33	11	6	2	4	3
Interval_4529	234	302	117	77	303	339	109	127	198
Interval_4555	1395	1612	424	271	1139	1196	680	723	1035
Interval_4585	3	2	26	23	21	17	0	0	1
Interval_4587	6	5	123	68	90	82	27	24	24
Interval_4614	46	63	272	179	232	230	59	66	68
Interval_4616	38	57	56	32	145	164	154	172	158
Interval_4629	4	4	8	2	4	1	1	2	1
Interval_4657	5	5	10	3	0	3	1	2	0
Interval_4677	17	26	8	4	11	12	8	5	10
Interval_4743	10	11	29	17	11	6	0	1	0
Interval_4772	986	1339	384	268	1016	1059	440	492	646
Interval_4810	46	83	19	15	102	101	34	48	62
Interval_4814	145	158	3	2	18	12	6	4	10
Interval_4923	6	12	45	37	2	7	3	0	4
Interval_4957	1	4	46	35	3	3	1	0	0
Interval_5003	350	464	52	27	55	67	13	16	17
Interval_5022	11	17	21	5	9	3	1	0	0
Interval_5033	8	18	83	71	22	19	7	9	8
Interval_5071	2	6	26	22	19	11	2	1	1
Interval_5103	4	14	2	0	3	5	7	7	4
Interval_5119	11	12	57	41	208	163	69	71	87
Interval_5121	6	7	2	2	4	1	3	2	2
Interval_5180	54	84	40	32	32	28	3	6	6
Interval_5218	23	44	23	13	55	56	42	57	46
Interval_5224	1	3	52	33	8	9	0	2	4
Interval_5317	8	1	194	132	43	30	2	1	2
Interval_5344	921	1149	385	249	849	954	588	636	769
Interval_5353	80	108	67	34	27	35	5	4	10
Interval_5361	1171	1425	384	239	999	1027	415	490	655
Interval_5400	69	120	62	47	22	19	4	4	3
Interval_5415	4	7	11	9	6	4	1	1	0
Interval_5453	97	159	57	20	121	110	64	55	88
Interval_5493	107	149	60	47	331	338	340	364	460
Interval_5504	4	4	52	47	52	33	10	11	18
Interval_5510	5	13	96	50	21	23	2	4	8
Interval_5527	52	98	28	20	45	44	29	23	47
Interval_5569	423	638	184	105	476	461	216	210	321
Interval_5579	72	103	22	15	41	51	29	18	36
Interval_5593	209	309	93	61	155	167	123	122	139
Interval_5677	7	11	59	27	184	175	101	100	95
Interval_5707	106	172	14	20	21	31	9	5	10
Interval_5755	39	49	15	11	23	22	11	15	17
Interval_5807	213	294	27	13	15	13	6	8	4
Interval_5835	2	1	19	8	0	1	0	0	0
Interval_5842	3	2	4	4	2	1	1	1	0
Interval_5929	114	172	13	9	177	181	120	153	140
Interval_5994	15	15	37	17	176	162	27	51	39
Interval_6032	7	16	263	174	398	403	167	184	246
Interval_6035	3	7	38	26	72	61	11	10	13
Interval_6039	428	669	272	145	598	645	269	323	447
Interval_6101	19	30	10	9	17	28	11	11	11
Interval_6110	15	22	101	53	171	167	137	160	171
Interval_6135	21	32	13	9	27	38	10	17	9
Interval_6182	3	4	50	37	27	19	4	18	5
Interval_6187	21	28	85	57	345	355	240	257	247
Interval_6189	3	4	54	32	19	21	7	7	3
Interval_6194	464	578	162	94	454	513	210	218	300
Interval_6229	7	14	6	4	15	15	9	11	10
Interval_6254	3	6	1	0	2	0	0	1	0
Interval_6269	130	214	47	31	18	20	11	3	7
Interval_6278	362	457	33	21	75	70	25	31	39
Interval_6323	2	1	53	32	14	11	7	6	7
Interval_6335	115	147	97	59	353	317	176	192	195
Interval_6349	3	6	51	21	9	4	0	4	2
Interval_6372	6	12	51	40	37	35	9	12	6
Interval_6383	22	41	12	6	10	8	5	4	3
Interval_6425	1237	1759	427	253	1151	1161	584	661	929
Interval_6444	355	382	265	183	1083	1149	652	709	970
Interval_6445	55	83	14	21	277	292	223	247	286
Interval_6463	4	2	4	1	5	1	4	2	3
Interval_6471	13	20	147	81	197	201	190	160	178
Interval_6473	4	9	67	30	47	56	30	30	34
Interval_6530	87	116	334	208	720	788	238	255	286
Interval_6556	492	717	178	109	484	488	286	300	344
Interval_6577	3	1	42	35	3	2	1	2	1
Interval_6600	137	222	69	34	107	139	79	77	112
Interval_6603	13	21	73	51	66	40	12	5	13
Interval_6608	8	15	57	51	12	10	3	1	2
Interval_6619	8	11	188	109	63	42	7	4	7
Interval_6671	4	2	5	3	7	4	9	9	5
Interval_6672	3	3	56	36	21	13	7	4	6
Interval_6703	32	45	5	2	29	30	92	76	98
Interval_6726	0	5	36	32	11	14	2	3	0
Interval_6730	82	107	7	1	2	5	0	2	2
Interval_6743	1	2	50	28	20	20	5	5	6
Interval_6785	96	133	12	3	1	3	0	2	0
Interval_6814	3	4	84	50	3	7	1	1	0
Interval_6821	2	2	73	34	69	57	7	12	7
Interval_6854	186	220	6	9	40	44	9	10	7
Interval_7038	5	8	50	29	9	23	7	6	8
Interval_7132	14	37	15	5	15	21	9	6	7
Interval_7136	53	87	35	14	200	218	240	281	252
Interval_7171	7	5	129	82	50	60	21	26	14
Interval_7271	221	270	200	157	112	110	14	10	10
Interval_7313	664	878	242	132	590	605	255	283	371
Interval_7319	20	33	8	3	9	15	5	5	10
Interval_7330	2277	2754	651	419	2004	2162	1349	1387	1847
Interval_7341	624	811	266	168	630	655	281	318	434
Interval_7356	25	28	0	1	7	2	5	1	2
Interval_7370	155	203	64	33	152	183	73	93	127
Interval_7435	71	99	29	20	54	62	24	28	51
Interval_7462	143	227	50	49	181	169	87	97	107
Interval_7547	27	53	26	11	50	53	25	18	33
Interval_7550	11	25	188	103	307	275	84	110	128
Interval_7574	18	18	15	4	281	310	280	294	463
Interval_7597	299	443	1402	857	648	556	190	230	301
Interval_7605	10	23	63	50	123	104	44	34	63
Interval_7618	31	48	13	14	51	41	18	14	15
Interval_7626	954	1290	350	187	778	866	501	526	596
Interval_7666	145	182	57	37	120	149	55	67	86
Interval_7680	7	7	100	44	71	81	39	34	29
Interval_7709	2	4	49	25	11	6	1	3	4
Interval_7712	9	12	63	35	131	109	32	30	43
Interval_7781	738	971	275	136	671	723	267	270	408
Interval_7818	0	3	25	15	3	2	1	1	0
Interval_7820	1	3	0	2	0	2	0	2	0
Interval_7829	1	8	118	46	162	149	86	107	125
Interval_7855	6	10	2	1	4	2	9	4	5
Interval_7862	180	262	68	36	73	67	10	11	9
Interval_7877	1	4	72	44	4	4	1	5	4
Interval_7918	10	17	32	24	14	7	2	5	1
Interval_7982	84	134	27	20	24	38	17	15	20
Interval_8035	133	165	66	30	84	102	69	68	93
Interval_8037	24	15	46	25	28	23	4	4	1
Interval_8052	532	741	203	131	505	538	202	246	357
Interval_8086	15	23	78	60	18	21	5	3	2
Interval_8089	44	50	31	18	62	63	110	92	142
Interval_8141	1158	1388	329	218	957	997	533	569	740
Interval_8162	423	608	28	17	62	69	30	26	36
Interval_8190	480	606	185	126	623	611	297	358	481
Interval_8193	17	16	88	57	127	129	17	20	29
Interval_8245	30	63	6	8	4	6	1	4	0
Interval_8320	4	6	196	117	186	185	30	27	30
Interval_8324	5	5	134	76	6	10	1	2	2
Interval_8344	419	478	18	10	53	50	4	10	18
Interval_8415	17	32	31	28	187	182	29	54	44
Interval_8422	15	15	67	51	59	56	21	18	20
Interval_8438	295	367	10	7	203	186	300	344	394
Interval_8487	3	0	17	7	0	2	0	0	1
Interval_8539	595	671	29	14	58	64	7	9	10
Interval_8566	16	21	7	4	18	17	18	9	7
Interval_8567	2	2	5	2	1	3	3	0	1
Interval_8576	2	4	105	94	18	7	1	1	1
Interval_8591	31	36	144	90	119	109	53	57	76
Interval_8593	1	4	60	24	5	5	1	2	3
Interval_8604	3	9	57	30	57	80	139	129	154
Interval_8605	3	8	267	158	67	93	76	82	90
Interval_8606	0	1	49	33	4	4	3	0	0
Interval_8612	3	1	10	9	8	9	4	4	5
Interval_8632	23	32	10	6	34	19	10	9	5
Interval_8668	21	56	10	6	11	26	10	20	25
Interval_8702	2	4	70	49	13	11	0	2	3
Interval_8726	260	372	105	60	174	229	104	130	130
Interval_8751	51	117	30	9	7	6	0	3	1
Interval_8765	140	193	21	14	23	20	7	4	3
Interval_8830	57	81	280	188	204	206	31	44	56
Interval_8835	14	15	265	184	73	39	4	11	8
Interval_8872	315	366	119	76	285	294	164	157	213
Interval_8944	133	154	178	109	109	89	18	11	10
Interval_8951	3	3	95	62	19	12	2	4	5
Interval_8962	5	0	69	38	24	11	8	7	9
Interval_8970	420	607	203	148	456	490	239	226	333
Interval_8976	2	1	8	6	1	2	1	0	0
Interval_8995	31	36	93	63	249	281	210	233	294
Interval_9055	306	494	112	66	218	226	132	136	151
Interval_9100	57	99	8	5	2	3	0	2	5
Interval_9171	14	26	6	4	2	7	11	14	16
Interval_9176	3	2	0	3	0	0	0	1	0
Interval_9179	11	12	8	2	41	50	83	98	111
Interval_9186	12	24	12	7	5	11	2	4	5
Interval_9212	3	6	84	49	78	61	7	11	8
Interval_9217	365	463	155	112	329	372	177	201	265
Interval_9222	793	973	385	223	1048	1129	484	538	1097
Interval_9223	60	95	97	73	52	60	12	11	20
Interval_9271	234	306	15	18	53	36	12	20	12
Interval_9283	4	4	25	15	10	9	4	5	4
Interval_9333	74	112	4	6	4	7	1	4	1
Interval_9335	119	125	1	3	3	3	0	2	1
Interval_9392	8	9	12	2	27	27	46	52	62
Interval_9404	21	18	8	9	11	13	13	14	14
Interval_9430	138	206	184	84	482	463	449	486	561
Interval_9437	23	30	284	165	388	379	63	87	108
Interval_9438	4	6	30	25	66	65	19	23	29
Interval_9449	491	602	161	99	433	479	235	263	387
Interval_9462	7	5	35	25	128	172	128	162	126
Interval_9549	9	7	2	4	3	2	2	1	1
Interval_9596	51	57	22	23	126	149	64	84	101
Interval_9609	56	93	39	23	38	59	33	34	38
Interval_9660	5	8	41	24	9	7	3	2	1
Interval_9703	4	13	62	50	25	20	4	5	9
Interval_9715	11	27	5	5	12	14	7	8	6
Interval_9748	80	117	22	17	24	32	1	6	5
Interval_9773	0	5	0	1	12	15	45	47	41
Interval_9776	4	9	5	1	60	101	68	58	82
Interval_9787	5	7	58	26	99	87	61	64	67
Interval_9810	166	221	200	104	354	374	268	253	341
Interval_9843	15	27	110	59	136	157	57	70	81
Interval_9856	762	790	16	8	142	124	5	10	21
Interval_9872	63	74	7	0	1	0	1	0	0
Interval_9913	5	16	38	19	9	14	1	1	3
Interval_9925	240	356	90	57	203	243	116	154	194
Interval_9930	98	158	23	13	81	75	26	34	53
Interval_9954	1312	1434	79	53	619	671	234	230	359
Interval_9959	116	161	5	9	62	43	9	11	13
Interval_10000	15	28	7	1	11	18	3	4	8
Interval_10016	301	452	115	64	334	324	171	181	244
Interval_10068	14	15	0	0	7	7	1	0	3
Interval_10083	6	14	6	3	0	2	0	1	0
Interval_10085	331	407	65	43	74	50	17	18	20
Interval_10130	183	200	64	47	148	172	53	78	102
Interval_10142	42	58	107	66	41	45	5	4	10
Interval_10148	329	431	183	85	300	363	141	142	190
Interval_10189	9	6	38	25	8	8	1	0	1
Interval_10197	180	211	6	2	12	9	0	2	2
Interval_10199	273	316	11	7	5	2	0	1	1
Interval_10215	48	49	155	110	175	152	26	28	35
Interval_10248	83	99	45	26	76	81	64	62	48
Interval_10276	4	6	71	36	57	48	25	14	11
Interval_10283	3	8	48	19	25	16	20	15	17
Interval_10315	333	368	115	68	195	190	62	101	93
Interval_10472	61	118	24	11	4	5	3	3	4
Interval_10511	3	9	71	42	11	20	8	6	7
Interval_10514	2	3	179	98	11	13	2	3	1
Interval_10555	63	99	30	25	45	51	27	28	30
Interval_10562	1	1	42	35	3	11	1	0	0
Interval_10625	34	51	4	1	2	2	1	2	2
Interval_10655	17	14	117	69	37	31	5	7	4
Interval_10657	10	22	11	4	11	7	5	1	1
Interval_10705	1	9	72	46	19	8	9	15	10
Interval_10748	92	156	8	5	63	64	93	84	98
Interval_10784	4	4	122	70	23	21	0	4	9
Interval_10794	79	116	9	7	8	13	2	5	2
Interval_10874	12	21	97	68	60	58	19	15	20
Interval_10882	17	21	147	70	142	135	34	26	56
Interval_10892	23	54	21	15	198	210	256	253	348
Interval_10930	22	22	17	10	27	20	16	6	9
Interval_10958	7	12	2	5	1	2	0	1	0
Interval_10960	9	10	57	56	40	38	9	9	13
Interval_10961	8	20	65	51	18	23	15	10	5
Interval_10963	39	47	44	20	12	12	1	3	3
Interval_10975	35	69	24	14	42	47	22	17	23
Interval_10981	18	20	51	41	31	40	6	10	5
Interval_10983	520	712	123	93	350	311	163	173	216
Interval_10996	37	62	89	69	21	19	7	8	5
Interval_11055	178	267	114	74	78	75	11	20	36
Interval_11163	58	97	10	7	2	4	13	11	7
Interval_11198	16	27	11	6	17	16	11	15	8
Interval_11215	110	167	7	6	17	8	10	5	14
Interval_11296	283	346	17	12	48	49	27	32	56
Interval_11321	5	7	148	108	62	49	11	9	14
Interval_11340	8	10	98	64	21	16	2	1	1
Interval_11341	382	509	173	107	386	408	186	186	251
Interval_11346	6	10	69	42	12	7	2	0	2
Interval_11420	4	1	28	16	18	15	3	1	3
Interval_11422	1	6	99	64	160	127	15	27	27
Interval_11431	8	15	93	59	152	159	120	122	92
Interval_11435	6	8	77	66	20	25	8	6	15
Interval_11446	109	170	60	35	103	121	37	39	67
Interval_11449	11	33	68	41	141	146	130	147	165
Interval_11468	3	6	80	61	138	160	50	36	40
Interval_11471	1	5	38	18	55	40	26	21	21
Interval_11491	55	81	121	70	390	388	233	239	264
Interval_11503	2	5	4	3	11	8	5	7	5
Interval_11541	19	36	2	3	1	2	0	3	0
Interval_11552	2	5	6	2	2	3	0	1	0
Interval_11580	7	5	6	4	1	3	0	0	0
Interval_11611	910	1083	368	223	901	935	554	583	897
Interval_11646	12	26	297	193	195	189	15	14	15
Interval_11704	3	6	167	93	22	25	10	14	15
Interval_11744	138	176	60	39	115	129	62	65	76
Interval_11801	116	157	43	28	101	117	62	79	87
Interval_11812	41	64	164	95	194	213	80	62	68
Interval_11832	547	753	252	147	472	553	271	322	438
Interval_11838	6	8	110	57	64	32	6	11	0
Interval_11867	402	546	204	127	470	425	254	282	281
Interval_11905	169	269	65	52	226	197	90	83	112
Interval_11918	22	27	11	5	22	24	10	6	14
Interval_11946	65	81	5	3	99	84	93	132	113
Interval_11992	34	38	56	26	240	220	138	141	157
Interval_12008	1037	1476	410	218	906	1038	457	534	778
Interval_12024	4	10	6	1	9	13	19	21	17
Interval_12081	15	21	21	4	16	16	6	11	12
Interval_12084	938	1095	313	203	950	982	487	543	769
Interval_12116	11	16	11	9	16	14	10	5	9
Interval_12178	226	339	119	77	83	64	10	13	12
Interval_12185	30	45	16	8	24	35	9	10	16
Interval_12186	1215	1625	281	184	659	804	472	422	617
Interval_12227	1025	1414	298	160	752	766	502	523	741
Interval_12268	37	42	115	78	186	195	69	78	92
Interval_12357	1	6	30	21	35	17	8	3	7
Interval_12359	2	5	68	41	45	51	6	10	14
Interval_12370	10	12	302	141	164	180	94	84	109
Interval_12387	4	10	28	15	48	55	18	13	11
Interval_12396	3	7	172	127	304	320	96	122	103
Interval_12417	18	21	40	19	242	276	226	256	287
Interval_12421	6	16	24	10	66	43	65	44	68
Interval_12428	75	80	23	13	46	55	39	43	41
Interval_12458	25	32	42	38	14	11	1	2	2
Interval_12466	4	2	56	25	28	15	2	1	5
Interval_12476	2	4	5	4	69	73	30	34	29
Interval_12496	38	70	20	9	22	31	16	17	16
Interval_12556	5	6	36	28	28	28	14	9	20
Interval_12590	5	5	37	23	39	27	11	12	12
Interval_12594	443	590	210	129	645	633	321	363	471
Interval_12601	0	7	90	42	23	23	21	15	10
Interval_12612	249	277	264	198	717	731	300	284	376
Interval_12680	1	1	1	2	1	1	0	1	3
Interval_12686	9	18	7	7	12	13	6	14	9
Interval_12694	409	622	191	108	397	402	220	224	254
Interval_12710	151	158	333	229	610	596	88	120	141
Interval_12730	152	197	56	32	175	156	53	83	83
Interval_12732	46	69	23	8	35	33	17	28	25
Interval_12746	9	32	13	10	9	12	1	2	4
Interval_12759	19	45	19	8	18	29	6	11	16
Interval_12778	144	173	77	65	146	112	60	62	94
Interval_12779	920	1090	274	183	822	787	348	364	503
Interval_12862	8	26	13	7	28	26	23	28	27
Interval_12872	12	20	10	3	12	14	10	5	14
Interval_12894	14	18	7	4	7	15	6	13	11
Interval_12922	285	469	125	75	225	216	120	127	180
Interval_12948	535	766	297	188	654	668	240	261	453
Interval_12977	9	6	5	5	8	8	1	1	3
Interval_12989	144	162	171	102	156	132	25	22	29
Interval_13006	10	19	3	4	17	15	12	14	11
Interval_13025	134	225	108	62	174	196	74	92	105
Interval_13128	201	302	85	61	235	223	113	90	156
Interval_13129	1449	1697	509	362	1405	1443	783	895	1201
Interval_13144	49	55	27	23	54	64	25	35	37
Interval_13154	663	960	313	194	499	567	333	385	518
Interval_13176	62	88	75	44	56	56	4	7	14
Interval_13242	1377	1698	518	317	1359	1384	752	773	1144
Interval_13252	2047	2329	751	487	2097	1967	1149	1221	1602
Interval_13254	6	6	39	31	1	1	1	2	4
Interval_13259	71	122	31	13	57	67	35	32	31
Interval_13297	13	23	9	7	25	17	2	2	2
Interval_13302	9	16	10	7	36	32	20	12	24
Interval_13310	3	3	17	8	5	5	0	0	1
Interval_13313	177	241	85	56	150	137	81	67	77
Interval_13339	14	45	21	6	15	17	18	9	10
Interval_13366	87	127	49	16	87	80	65	60	78
Interval_13402	89	130	35	32	95	95	42	37	49
Interval_13435	106	163	67	38	124	135	64	82	90
Interval_13447	14	28	120	85	47	34	6	2	5
Interval_13504	33	58	24	15	37	43	34	36	44
Interval_13522	145	219	63	25	103	124	53	65	84
Interval_13537	602	758	208	142	552	562	275	322	417
Interval_13561	85	108	23	17	124	150	199	248	333
Interval_13573	2	11	7	4	5	10	8	4	4
Interval_13587	95	120	7	4	8	9	3	2	0
Interval_13644	3	7	110	39	160	170	59	61	43
Interval_13645	17	27	231	115	221	220	91	102	66
Interval_13670	13	17	91	69	99	55	8	12	6
Interval_13701	281	308	5	4	71	62	96	105	120
Interval_13705	171	229	19	11	220	241	187	249	261
Interval_13783	2	0	4	0	5	0	0	0	0
Interval_13791	79	95	1	1	3	2	1	0	1
Interval_13806	1	3	35	31	106	65	6	4	16
Interval_13811	17	25	141	106	409	367	229	218	316
Interval_13835	2	4	14	5	29	25	48	66	61
Interval_13926	12	23	15	7	6	11	0	2	0
Interval_13938	190	244	74	59	132	171	90	92	122
Interval_13982	39	47	128	89	126	112	18	12	21
Interval_13995	3	5	13	6	7	18	2	2	2
Interval_14055	12	17	7	6	19	11	1	2	8
Interval_14093	1	2	37	22	16	29	13	10	8
Interval_14100	3	4	0	5	19	13	46	40	36
Interval_14115	6	17	9	2	47	25	84	74	67
Interval_14166	1	4	91	65	72	48	14	28	20
Interval_14178	12	15	142	86	46	49	7	12	15
Interval_14180	10	8	33	17	213	185	121	136	159
Interval_14196	14	18	12	3	3	4	5	6	3
Interval_14200	4	7	4	3	6	2	3	4	2
Interval_14220	28	47	509	319	632	659	222	290	380
Interval_14235	17	31	5	5	8	12	9	9	20
Interval_14259	59	66	20	7	32	35	27	19	32
Interval_14308	692	919	54	28	219	212	203	223	308
Interval_14318	73	128	2	1	17	18	55	62	47
Interval_14329	23	29	150	71	15	20	5	10	14
Interval_14332	3	12	5	6	31	26	11	12	7
Interval_14334	79	100	56	37	740	869	540	590	782
Interval_14351	22	52	51	26	15	25	8	7	1
Interval_14377	223	284	1	4	43	48	65	66	84
Interval_14379	212	266	17	8	63	68	15	23	22
Interval_14383	419	521	47	26	51	49	38	37	50
Interval_14425	57	86	1	3	1	1	1	1	1
Interval_14466	324	365	31	17	422	470	220	233	380
Interval_14489	20	29	6	6	12	17	3	1	3
Interval_14495	12	27	2	3	8	11	6	5	4
Interval_14537	193	280	96	47	165	222	130	132	124
Interval_14538	29	36	7	9	35	49	17	22	25
Interval_14641	15	15	186	106	61	63	34	40	42
Interval_14655	11	9	64	34	17	13	3	3	5
Interval_14656	7	22	9	8	23	26	41	41	54
Interval_14665	3	15	61	40	8	3	1	2	1
Interval_14672	14	31	10	7	14	10	9	10	11
Interval_14751	81	139	97	57	34	43	13	18	10
Interval_14753	173	212	72	62	129	164	71	87	112
Interval_14759	3	5	58	26	24	20	1	5	1
Interval_14781	37	36	229	152	532	499	134	144	174
Interval_14792	767	1076	269	167	602	670	400	420	502
Interval_14804	587	750	298	159	725	788	393	422	640
Interval_14818	107	148	371	202	438	424	163	199	243
Interval_14833	6	10	133	86	99	94	19	23	39
Interval_14835	4	3	157	117	82	62	12	21	14
Interval_14864	13	11	6	3	17	18	6	14	12
Interval_14912	16	24	11	6	12	9	5	10	5
Interval_14947	14	15	9	5	4	6	4	5	3
Interval_14977	36	52	20	13	53	40	3	1	3
Interval_14997	56	99	7	4	5	3	1	0	3
Interval_15001	373	490	181	93	418	417	188	171	312
Interval_15006	3	5	150	73	149	132	28	40	41
Interval_15024	75	126	20	18	16	12	1	3	6
Interval_15069	2	9	313	160	144	121	31	42	26
Interval_15086	47	54	184	116	209	157	24	30	20
Interval_15109	11	10	125	98	183	157	30	19	15
Interval_15156	570	704	128	81	241	216	32	58	42
Interval_15199	1216	1307	356	211	1012	1131	574	545	791
Interval_15201	1	3	45	29	17	19	4	3	3
Interval_15207	3	5	20	13	10	12	2	6	1
Interval_15243	6	19	264	165	726	745	400	433	520
Interval_15245	9	8	67	32	205	221	129	136	268
Interval_15248	5	7	72	44	51	49	5	5	6
Interval_15279	3	5	180	100	55	55	16	14	19
Interval_15292	42	41	3	1	5	8	1	1	1
Interval_15315	67	117	2	1	7	15	2	8	7
Interval_15318	63	101	4	1	0	2	1	3	1
Interval_15334	67	94	3	4	1	3	2	2	3
Interval_15341	273	307	8	2	17	26	7	7	8
Interval_15348	191	287	40	30	50	53	18	24	12
Interval_15351	5	8	123	56	3	6	5	2	4
Interval_15353	30	34	20	9	21	20	18	26	20
Interval_15407	34	57	51	33	29	21	3	8	9
Interval_15455	17	35	41	23	17	11	4	4	6
Interval_15513	468	623	273	143	647	671	359	385	515
Interval_15520	21	37	10	18	30	32	6	13	20
Interval_15557	474	621	8	5	9	12	2	2	4
Interval_15560	154	221	0	2	2	2	0	2	0
Interval_15586	11	26	20	8	49	55	22	17	29
Interval_15588	11	24	40	30	34	39	4	1	6
Interval_15593	14	23	5	6	11	13	5	8	8
Interval_15634	13	19	8	9	11	18	13	5	10
Interval_15688	288	465	124	78	256	251	130	123	168
Interval_15705	206	287	68	56	187	218	75	99	130
Interval_15726	139	214	50	32	131	136	77	62	80
Interval_15764	190	286	87	57	199	191	91	93	110
Interval_15828	6	4	164	91	85	79	21	29	36
Interval_15833	55	65	21	8	27	32	12	12	8
Interval_15869	67	110	35	17	44	56	25	29	28
Interval_15881	665	870	242	130	545	590	316	348	437
Interval_15887	26	40	7	5	20	11	5	7	7
Interval_15893	8	21	8	6	15	13	5	6	10
Interval_15912	67	121	42	21	71	71	31	29	25
Interval_15943	4	8	11	10	1	2	1	0	0
Interval_15954	333	469	188	100	425	384	169	215	269
Interval_15977	14	18	184	109	16	15	3	2	1
Interval_15986	10	28	4	1	29	26	63	82	49
Interval_16048	6	11	0	0	28	40	93	95	114
Interval_16065	201	308	24	15	21	36	181	147	202
Interval_16067	202	221	10	10	23	19	169	162	219
Interval_16118	652	833	254	161	613	637	357	322	416
Interval_16120	247	269	23	22	40	44	10	5	11
Interval_16124	81	111	8	7	8	5	4	4	3
Interval_16127	510	613	37	22	135	115	16	21	27
Interval_16129	1041	1177	390	281	1112	1113	608	601	872
Interval_16149	8	17	203	128	16	8	8	4	1
Interval_16151	2	5	108	62	43	42	11	13	10
Interval_16155	3	0	126	60	20	9	1	0	2
Interval_16182	5	5	15	10	105	113	33	26	26
Interval_16200	498	635	217	148	448	509	188	170	282
Interval_16224	113	170	79	50	168	150	88	110	126
Interval_16226	7	11	48	36	16	17	1	6	3
Interval_16230	4	6	82	34	8	6	0	0	2
Interval_16269	5	10	82	36	31	36	7	5	9
Interval_16311	4	11	52	48	47	59	10	10	7
Interval_16388	10	14	3	5	106	107	87	133	114
Interval_16393	4	4	1	2	15	20	33	53	45
Interval_16397	11	16	67	43	81	93	80	94	79
Interval_16435	703	835	244	129	654	647	264	274	452
Interval_16444	11	13	129	77	136	99	26	31	37
Interval_16454	111	180	22	9	6	6	9	6	5
Interval_16473	118	167	43	29	225	205	239	252	285
Interval_16475	29	22	45	44	25	20	2	3	7
Interval_16516	254	367	129	72	336	367	145	137	212
Interval_16520	13	19	7	8	18	21	8	9	7
Interval_16554	9	10	53	33	14	9	0	1	1
Interval_16562	42	61	17	11	26	24	11	25	19
Interval_16568	8	10	76	47	9	7	2	4	4
Interval_16606	250	293	92	63	323	292	34	36	51
Interval_16627	292	382	320	207	555	544	50	78	83
Interval_16638	39	84	5	6	15	19	10	17	18
Interval_16698	1	2	97	52	5	5	0	3	1
Interval_16718	3	5	62	40	7	10	5	5	4
Interval_16726	701	970	266	143	577	573	297	361	402
Interval_16731	349	427	87	65	139	168	12	9	22
Interval_16734	22	33	8	5	8	11	4	4	13
Interval_16745	446	601	217	135	479	477	253	296	359
Interval_16756	186	299	124	77	282	266	136	130	170
Interval_16777	82	113	126	74	89	97	17	23	31
Interval_16821	1	6	36	25	52	52	5	17	10
Interval_16835	640	967	174	107	536	603	314	331	430
Interval_16846	908	1055	362	252	935	904	395	476	583
Interval_16857	8	9	42	18	156	216	220	213	275
Interval_16877	27	54	11	11	20	26	7	25	12
Interval_16935	15	32	7	8	16	23	10	7	10
Interval_17086	10	44	7	4	5	5	4	3	5
Interval_17089	57	83	4	2	0	1	2	4	4
Interval_17098	49	101	30	13	54	67	36	28	50
Interval_17129	11	16	8	9	11	13	6	11	6
Interval_17233	21	24	12	5	18	36	15	15	25
Interval_17257	996	1282	411	266	1130	1218	639	669	1020
Interval_17301	4	5	41	23	7	8	0	1	1
Interval_17304	40	40	112	90	50	44	22	12	14
Interval_17316	3	5	6	2	7	2	1	1	0
Interval_17340	31	66	29	23	18	22	9	6	5
Interval_17341	20	33	123	69	33	22	12	9	8
Interval_17349	3	3	68	47	15	13	2	5	4
Interval_17350	9	4	7	0	10	11	2	6	5
Interval_17375	1521	1868	469	320	1363	1396	767	806	1154
Interval_17402	154	211	11	3	57	55	20	29	34
Interval_17435	18	31	31	17	22	23	2	4	4
Interval_17439	22	20	18	10	22	11	23	20	22
Interval_17441	5	6	43	27	18	16	4	7	2
Interval_17517	38	87	23	16	55	54	20	19	30
Interval_17557	1175	1482	578	378	1297	1200	667	653	937
Interval_17678	137	183	38	20	71	79	61	49	76
Interval_17680	95	123	27	13	12	23	1	0	1
Interval_17684	20	20	9	4	14	11	10	9	12
Interval_17699	7	6	16	6	4	4	2	2	1
Interval_17705	42	86	16	17	30	41	22	21	29
Interval_17772	9	7	1	2	3	1	4	2	0
Interval_17835	161	209	31	13	11	13	2	14	14
Interval_17849	5	21	12	4	21	19	8	7	14
Interval_17917	2	5	319	206	489	427	118	160	171
Interval_17925	94	139	197	125	643	610	351	358	407
Interval_17932	12	16	83	49	232	265	139	129	250
Interval_17935	247	347	505	370	1135	1147	563	652	927
Interval_17958	329	492	79	49	61	45	5	10	7
Interval_18066	85	134	3	0	3	10	1	2	3
Interval_18082	2	4	83	49	27	15	5	4	2
Interval_18132	64	104	26	17	55	52	39	47	64
Interval_18154	1710	1944	73	53	608	595	251	271	446
Interval_18196	25	30	304	191	333	300	136	152	236
Interval_18197	13	25	181	117	455	466	234	255	339
Interval_18223	2	4	53	39	16	5	3	4	5
Interval_18226	1	9	30	18	8	12	1	1	0
Interval_18251	4	4	10	6	1	3	0	0	1
Interval_18326	186	281	79	44	187	207	95	80	111
Interval_18348	136	181	23	14	19	35	4	2	4
Interval_18349	612	871	365	239	771	783	298	344	464
Interval_18362	59	108	38	16	47	47	20	33	30
Interval_18387	15	23	1	9	10	17	9	8	12
Interval_18415	30	51	14	12	30	25	14	13	11
Interval_18416	2	18	10	8	93	93	66	80	62
Interval_18459	116	133	7	4	13	15	8	4	7
Interval_18465	2	10	52	40	8	2	0	3	2
Interval_18475	101	125	48	22	86	95	32	40	49
Interval_18535	19	31	41	29	27	34	1	4	10
Interval_18554	4	10	96	60	125	116	8	17	14
Interval_18596	28	40	128	66	165	157	57	70	75
Interval_18601	9	14	15	24	68	82	73	76	80
Interval_18606	92	137	268	164	388	394	296	366	400
Interval_18651	729	899	42	34	310	277	171	212	291
Interval_18652	94	115	13	7	17	13	2	2	11
Interval_18673	75	114	15	9	9	5	1	0	2
Interval_18749	5	9	41	25	2	3	1	3	2
Interval_18752	1308	1734	427	287	1248	1203	623	720	852
Interval_18753	64	91	15	10	11	27	3	12	5
Interval_18759	150	241	88	37	83	85	24	32	32
Interval_18767	7	18	13	8	25	43	24	16	28
Interval_18852	7	9	24	13	90	103	40	46	39
Interval_18901	24	45	8	15	19	29	9	22	20
Interval_18936	21	33	10	9	9	18	7	7	12
Interval_18999	894	1230	276	155	693	768	456	477	626
Interval_19051	9	17	28	24	7	11	0	0	3
Interval_19094	37	73	16	12	33	36	14	14	24
Interval_19097	485	669	210	146	529	499	239	278	342
Interval_19119	3	7	41	21	40	27	11	17	15
Interval_19120	395	570	120	88	326	421	155	159	198
Interval_19146	83	114	10	5	4	4	8	10	1
Interval_19157	106	150	43	13	61	89	28	27	36
Interval_19166	15	21	167	73	172	147	56	71	62
Interval_19167	2	3	45	25	12	13	3	6	2
Interval_19183	648	800	263	151	610	610	293	287	556
Interval_19198	10	10	8	1	2	0	0	1	0
Interval_19274	19	49	12	8	25	20	8	9	11
Interval_19280	448	644	172	105	454	413	230	267	332
Interval_19308	46	93	14	20	48	63	16	22	28
Interval_19326	6	14	87	37	254	269	163	168	188
Interval_19328	25	29	60	32	268	214	106	123	154
Interval_19329	62	86	199	143	346	334	128	125	151
Interval_19338	21	25	6	7	14	22	7	6	12
Interval_19358	76	84	45	35	73	86	39	41	39
Interval_19366	262	348	136	101	286	309	124	132	180
Interval_19395	20	22	78	44	16	10	1	0	2
Interval_19418	376	539	54	40	112	130	38	38	33
Interval_19441	1180	1552	456	280	1226	1293	580	641	857
Interval_19536	29	40	84	39	116	93	4	4	4
Interval_19563	89	125	230	156	525	510	136	145	168
Interval_19574	34	60	27	9	47	34	21	17	25
Interval_19577	17	24	17	7	33	33	13	25	17
Interval_19588	2	7	7	13	82	59	30	33	21
Interval_19606	3	3	21	10	5	2	3	5	3
Interval_19615	3	8	91	53	23	21	3	4	2
Interval_19623	71	88	14	8	9	20	2	2	4
Interval_19645	12	27	49	33	129	137	113	91	92
Interval_19687	28	45	48	28	132	114	53	70	83
Interval_19842	478	574	175	116	436	455	308	288	412
Interval_19894	18	29	193	96	475	597	168	193	253
Interval_19971	3	5	3	3	0	1	0	0	2
Interval_19986	13	11	23	14	154	154	105	114	108
Interval_20024	460	558	133	98	329	359	196	197	218
Interval_20050	363	551	171	119	489	456	221	239	423
Interval_20060	167	259	170	118	139	134	27	35	57
Interval_20072	27	44	13	7	27	17	15	12	9
Interval_20075	52	84	190	111	166	127	42	51	55
Interval_20103	1409	1773	543	327	1504	1464	713	778	1126
Interval_20107	1	3	58	29	11	3	0	1	0
Interval_20109	44	86	37	13	59	52	51	44	42
Interval_20169	533	771	236	160	367	401	277	248	309
Interval_20214	4	14	55	27	119	114	17	25	8
Interval_20287	19	49	8	9	19	22	11	16	22
Interval_20361	50	75	19	14	33	61	31	22	36
Interval_20362	25	36	10	10	24	34	11	11	12
Interval_20387	22	41	98	74	331	351	273	301	329
Interval_20410	32	35	21	7	12	25	13	8	10
Interval_20416	1332	1682	620	365	1368	1439	750	844	1238
Interval_20423	11	20	17	6	20	37	52	45	62
Interval_20517	1	3	0	2	4	3	8	3	4
Interval_20587	8	13	8	3	4	3	2	0	2
Interval_20590	8	11	168	116	23	25	1	3	5
Interval_20591	4	7	54	28	10	15	0	1	2
Interval_20595	8	9	51	30	50	44	28	22	21
Interval_20619	10	13	68	41	52	52	9	26	20
Interval_20654	265	380	130	81	288	277	116	182	197
Interval_20656	172	226	32	20	57	76	35	39	46
Interval_20686	1481	2138	506	347	1249	1336	865	935	1182
Interval_20709	392	510	266	148	511	547	204	238	295
Interval_20737	9	8	8	7	12	17	8	4	8
Interval_20741	7	4	10	7	31	39	62	79	76
Interval_20742	4	5	39	24	56	40	6	8	2
Interval_20768	90	109	4	8	2	8	7	9	5
Interval_20779	4	5	57	32	8	7	2	1	2
Interval_20791	5	7	8	3	19	21	60	66	74
Interval_20795	3	3	71	53	10	3	0	0	2
Interval_20797	126	197	50	31	86	86	66	55	72
Interval_20822	24	46	51	35	65	62	27	36	40
Interval_20831	44	70	38	20	56	71	44	41	50
Interval_20835	19	45	116	77	359	386	84	92	98
Interval_20844	1	3	19	10	63	52	32	36	44
Interval_20903	40	55	17	9	39	29	12	18	15
Interval_20908	477	619	163	102	410	465	212	227	294
Interval_20912	6	10	73	56	108	156	121	179	191
Interval_20917	16	26	12	11	61	62	113	99	113
Interval_20918	7	8	1	2	30	31	63	82	73
Interval_20931	76	96	0	3	1	3	0	0	1
Interval_20936	235	337	18	11	68	74	95	108	109
Interval_20954	350	499	166	92	309	328	173	202	230
Interval_20963	311	479	154	82	364	348	170	174	246
Interval_20977	4	5	6	10	6	9	0	1	5
Interval_20985	1322	1640	442	268	1189	1203	590	656	865
Interval_21088	362	488	170	102	416	462	159	167	248
Interval_21110	16	23	39	20	17	21	3	0	2
Interval_21127	15	26	12	5	6	8	2	4	2
Interval_21152	10	25	2	0	11	12	3	6	3
Interval_21194	14	26	17	6	137	155	228	212	279
Interval_21197	3	7	219	123	326	277	61	55	66
Interval_21201	5	7	244	149	80	64	6	2	6
Interval_21216	148	207	474	269	1037	974	120	130	222
Interval_21233	9	9	32	33	33	32	2	6	2
Interval_21265	86	110	34	15	90	89	51	44	46
Interval_21307	652	883	356	196	755	775	396	427	570
Interval_21331	2	2	19	7	0	3	0	0	0
Interval_21382	1	6	47	38	33	18	1	4	1
Interval_21414	0	3	37	26	38	22	1	5	3
Interval_21467	11	13	111	76	182	184	106	113	125
Interval_21468	19	20	244	123	248	227	69	78	89
Interval_21486	64	101	4	3	12	9	6	2	2
Interval_21487	706	887	233	153	754	680	359	368	484
Interval_21520	3	5	171	89	128	107	10	4	5
Interval_21557	73	100	25	20	50	58	26	22	20
Interval_21593	7	11	32	10	122	125	70	76	109
Interval_21597	209	290	476	297	1515	1518	697	765	1100
Interval_21599	5	12	9	4	165	160	58	81	97
Interval_21600	9	17	42	27	263	264	116	170	151
Interval_21602	124	237	385	212	817	832	244	214	429
Interval_21603	43	68	43	33	303	288	208	195	341
Interval_21615	18	28	102	62	637	626	619	637	1011
Interval_21617	5	12	63	41	196	198	119	145	172
Interval_21618	304	447	322	212	1663	1805	891	1039	1299
Interval_21624	81	151	105	54	635	799	375	470	717
Interval_21637	7	11	140	73	130	114	22	23	18
Interval_21655	9	6	330	193	182	137	15	16	16
Interval_21685	2	2	31	24	26	20	2	4	1
Interval_21698	2	3	70	47	2	2	1	0	1
Interval_21715	1143	1590	510	280	1131	1211	614	733	1025
Interval_21734	4	11	2	4	1	3	6	2	1
Interval_21764	0	5	60	32	5	5	3	1	1
Interval_21769	4	5	231	161	241	193	18	8	8
Interval_21775	2	7	223	129	268	229	70	83	86
Interval_21791	7	9	70	39	135	123	32	37	40
Interval_21834	3	6	324	213	440	377	84	99	106
Interval_21846	29	37	52	38	282	282	181	191	263
Interval_21866	26	29	15	7	26	36	17	13	16
Interval_21891	3	2	206	124	159	147	22	27	22
Interval_21947	7	12	101	71	247	239	154	159	213
Interval_21952	2	4	58	38	8	0	0	1	1
Interval_21988	173	227	51	34	115	141	69	75	102
Interval_22046	36	51	28	19	25	25	9	11	6
Interval_22067	323	502	125	96	270	300	122	138	205
Interval_22077	128	161	79	51	99	116	93	85	101
Interval_22087	5	9	23	20	45	61	51	62	45
Interval_22140	6	20	31	21	10	8	0	1	0
Interval_22181	11	13	53	31	53	47	13	19	23
Interval_22216	44	69	29	15	46	64	29	20	29
Interval_22288	4	7	212	115	263	186	51	53	50
Interval_22289	1	2	60	23	1	3	0	1	0
Interval_22361	35	33	37	26	273	285	157	166	186
Interval_22380	8	11	29	15	31	38	2	11	21
Interval_22396	3	7	50	20	6	9	4	3	0
Interval_22402	127	210	48	26	130	128	84	75	96
Interval_22464	86	144	46	33	101	95	33	39	63
Interval_22474	8	8	141	88	235	209	88	91	67
Interval_22489	33	41	24	16	53	43	18	19	22
Interval_22522	635	839	311	191	769	796	283	322	459
Interval_22544	1	1	2	4	0	2	1	1	0
Interval_22554	25	40	3	1	11	13	15	14	11
Interval_22555	691	1044	267	179	728	695	319	329	535
Interval_22572	442	511	147	73	366	362	132	148	229
Interval_22653	138	169	6	6	17	20	5	1	2
Interval_22655	509	575	192	123	476	515	274	323	401
Interval_22670	17	25	9	5	67	45	12	27	22
Interval_22688	4	7	40	27	9	3	0	7	4
Interval_22712	621	747	191	120	646	665	243	304	355
Interval_22722	1	2	8	1	15	12	4	5	5
Interval_22728	50	83	25	15	305	346	364	371	485
Interval_22738	299	456	175	125	433	443	359	409	439
Interval_22752	260	345	122	66	239	250	121	132	154
Interval_22765	42	52	199	106	765	820	270	370	515
Interval_22772	5	10	28	10	73	70	56	47	75
Interval_22778	9	10	48	25	159	162	172	177	277
Interval_22779	26	36	75	51	408	408	292	330	534
Interval_22820	481	626	235	141	557	562	275	347	495
Interval_22883	69	114	25	18	183	188	183	162	239
Interval_22923	86	100	29	16	52	45	34	21	39
Interval_22927	45	39	34	25	292	305	77	70	77
Interval_22970	16	34	24	9	14	12	10	4	8
Interval_22990	405	571	142	81	382	418	175	193	230
Interval_23003	751	1157	413	263	1050	1045	551	580	805
Interval_23006	33	36	112	76	357	365	246	258	375
Interval_23020	302	366	24	18	25	30	22	18	25
Interval_23031	11	15	3	5	5	4	0	1	1
Interval_23035	10	21	97	68	127	139	20	25	15
Interval_23081	11	12	12	5	11	13	9	10	11
Interval_23117	76	107	39	19	96	79	23	35	49
Interval_23153	35	55	163	89	27	19	1	4	8
Interval_23157	369	527	214	141	333	320	228	231	282
Interval_23169	90	125	6	4	11	6	0	2	1
Interval_23193	1	0	81	39	80	90	28	30	50
Interval_23212	3	4	2	1	1	2	1	0	1
Interval_23221	140	252	77	45	85	104	42	59	93
Interval_23232	9	10	6	9	60	59	199	241	254
Interval_23279	951	1084	378	234	914	907	479	510	627
Interval_23294	41	55	67	29	32	44	4	5	9
Interval_23355	9	9	5	6	4	3	2	1	1
Interval_23386	338	458	188	101	319	354	152	182	196
Interval_23388	318	502	130	85	308	339	141	176	193
Interval_23412	45	82	249	139	103	81	18	20	36
Interval_23419	2	7	51	30	14	21	7	7	10
Interval_23427	39	73	25	15	55	44	31	33	32
Interval_23445	34	47	21	11	23	23	8	12	24
Interval_23450	5	7	37	22	9	12	3	1	3
Interval_23453	25	43	8	9	13	21	13	10	7
Interval_23491	21	27	52	42	331	311	115	121	136
Interval_23503	1616	2102	591	359	1818	1774	901	1015	1340
Interval_23526	38	44	19	8	29	28	20	13	24
Interval_23553	379	630	187	125	355	408	188	220	245
Interval_23558	394	552	219	134	488	515	217	235	241
Interval_23561	82	134	58	33	115	117	30	41	62
Interval_23570	318	469	136	91	392	386	177	186	236
Interval_23604	52	108	25	17	38	42	30	31	41
Interval_23634	176	348	141	76	239	220	102	99	130
Interval_23659	8	17	22	15	19	35	5	11	7
Interval_23680	20	29	13	15	35	24	10	15	12
Interval_23780	4	6	107	54	81	56	10	13	10
Interval_23781	5	7	17	18	26	33	6	5	3
Interval_23879	1001	1118	45	35	485	495	336	383	436
Interval_23896	696	898	278	170	788	832	434	513	567
Interval_23928	1	5	21	7	6	5	1	1	3
Interval_23937	17	21	69	47	60	56	9	9	10
Interval_23981	12	24	19	10	26	23	11	8	5
Interval_24064	335	457	195	134	509	511	203	213	394
Interval_24090	15	16	3	3	7	7	1	3	10
Interval_24106	112	169	12	4	7	12	5	6	4
Interval_24121	1152	1596	475	249	974	961	458	510	701
Interval_24123	403	617	194	121	459	474	254	248	304
Interval_24131	77	128	42	29	120	118	67	90	95
Interval_24132	39	82	25	19	41	61	30	25	22
Interval_24139	2	3	2	2	2	6	0	1	1
Interval_24141	1	1	5	4	2	1	0	0	0
Interval_24144	160	192	16	8	191	159	175	161	231
Interval_24145	21	33	124	74	127	86	37	34	38
Interval_24180	2	4	41	29	17	24	3	6	5
Interval_24193	1	7	1	0	3	3	3	0	2
Interval_24207	12	33	113	67	97	104	33	37	34
Interval_24260	4	5	11	2	20	14	4	7	1
Interval_24262	16	22	57	35	36	27	3	9	3
Interval_24268	418	563	192	135	325	329	166	195	243
Interval_24280	27	48	7	7	15	8	0	2	4
Interval_24336	10	19	10	3	15	25	14	16	10
Interval_24337	21	36	5	4	15	22	17	14	9
Interval_24356	39	53	13	14	29	34	27	13	20
Interval_24373	11	25	5	2	9	9	6	9	3
Interval_24380	23	23	29	25	221	174	76	90	94
Interval_24387	5	3	49	42	15	11	1	0	5
Interval_24405	0	3	26	11	2	2	0	0	0
Interval_24409	7	12	97	57	13	10	2	2	2
Interval_24415	669	812	36	27	427	470	282	333	530
Interval_24592	7	12	16	4	112	89	56	69	88
Interval_24632	11	16	5	2	154	136	146	164	207
Interval_24644	157	204	34	17	26	16	1	3	5
Interval_24673	17	40	11	6	11	17	3	9	11
Interval_24704	18	38	21	5	38	21	14	16	15
Interval_24718	20	26	73	63	180	168	51	41	53
Interval_24737	1452	1904	560	346	1198	1269	768	801	999
Interval_24751	2	1	1	4	4	1	0	2	1
Interval_24759	745	998	273	166	740	784	374	377	567
Interval_24828	27	45	10	7	18	15	9	13	12
Interval_24833	489	661	240	157	591	574	244	281	388
Interval_24881	1	8	8	4	49	47	70	61	78
Interval_24884	19	26	7	19	126	130	129	162	181
Interval_24900	4	3	21	19	14	13	9	2	2
Interval_24923	10	19	66	39	166	153	62	63	89
Interval_24946	1000	1322	493	301	1508	1518	740	888	1117
Interval_25006	36	75	14	8	13	18	11	19	20
Interval_25103	173	216	6	6	10	5	3	2	7
Interval_25132	4	8	136	92	29	21	1	2	3
Interval_25151	936	1192	308	191	958	974	532	494	692
Interval_25163	21	63	8	9	5	9	8	4	5
Interval_25184	27	43	5	5	13	11	5	4	5
Interval_25189	981	1261	327	248	1114	1120	531	590	795
Interval_25258	14	26	10	9	15	18	9	12	11
Interval_25267	16	26	4	9	13	30	6	15	18
Interval_25335	77	115	43	26	71	68	40	46	35
Interval_25350	8	28	48	23	12	9	5	0	0
Interval_25369	1307	1552	444	256	1253	1233	725	738	879
Interval_25406	627	826	123	78	330	372	154	166	234
Interval_25412	38	50	6	2	19	23	10	9	9
Interval_25426	4	3	46	34	10	13	4	0	8
Interval_25431	967	1288	383	225	971	1005	484	500	685
Interval_25435	453	630	214	145	431	434	151	202	239
Interval_25437	55	91	40	34	92	94	43	49	51
Interval_25516	94	116	24	21	58	65	33	41	55
Interval_25543	1	11	4	3	5	0	3	1	1
Interval_25574	12	19	68	37	32	23	10	11	15
Interval_25625	25	66	15	10	21	18	12	20	18
Interval_25666	241	337	16	10	42	55	12	11	17
Interval_25667	333	398	18	17	85	76	22	17	21
Interval_25681	26	28	14	9	15	20	16	20	19
Interval_25692	299	383	136	91	266	280	125	100	148
Interval_25704	17	29	185	106	53	30	3	1	2
Interval_25723	361	491	186	107	355	396	169	189	224
Interval_25748	16	43	25	10	30	20	19	12	22
Interval_25765	6	6	43	36	4	7	3	2	4
Interval_25766	8	11	50	35	37	32	23	17	6
Interval_25767	6	6	164	102	109	96	21	16	35
Interval_25771	9	18	21	15	128	124	44	73	72
Interval_25781	488	667	208	144	462	567	231	266	482
Interval_25783	15	28	60	27	5	4	2	3	1
Interval_25865	8	7	106	72	21	29	6	3	3
Interval_25874	25	38	285	149	74	62	9	19	13
Interval_25908	37	82	8	3	23	23	12	10	14
Interval_25949	3	6	84	47	3	0	2	2	0
Interval_25985	19	24	3	6	59	70	203	229	293
Interval_26068	98	152	8	4	6	8	3	1	4
Interval_26073	5	5	107	64	21	10	5	1	10
Interval_26097	5	4	47	15	6	12	3	0	1
Interval_26101	97	160	228	129	557	580	353	354	387
Interval_26112	2	6	239	140	81	70	11	8	15
Interval_26120	4	4	76	47	8	3	1	0	1
Interval_26183	339	506	139	97	278	301	168	176	230
Interval_26185	14	22	12	5	13	23	20	14	19
Interval_26216	54	87	321	187	563	570	337	357	443
Interval_26221	15	17	54	46	81	83	61	65	82
Interval_26318	344	496	121	75	254	274	141	155	209
Interval_26344	23	45	103	66	99	99	23	20	30
Interval_26367	18	21	2	3	60	66	98	118	170
Interval_26372	20	34	29	21	248	258	218	248	303
Interval_26399	11	21	13	8	44	47	3	8	8
Interval_26402	10	16	3	3	1	2	4	2	5
Interval_26453	161	153	6	5	31	35	11	27	15
Interval_26455	332	418	19	10	24	29	2	4	5
Interval_26504	10	18	60	42	107	76	27	27	29
Interval_26517	10	6	91	55	25	18	15	14	9
Interval_26525	48	70	34	25	85	75	45	53	43
Interval_26527	32	58	68	37	279	287	246	257	296
Interval_26535	1	2	39	17	9	4	1	3	4
Interval_26575	44	80	13	14	33	38	31	33	28
Interval_26584	12	19	183	123	71	50	2	3	5
Interval_26624	39	59	21	18	55	50	30	37	31
Interval_26632	28	42	18	17	26	28	13	9	14
Interval_26659	209	242	2	1	5	4	1	3	1
Interval_26661	1233	1429	24	25	32	41	1	5	1
Interval_26680	500	684	161	107	415	451	282	290	302
Interval_26709	225	340	117	68	233	264	122	110	182
Interval_26732	7	19	0	4	3	3	1	2	3
Interval_26773	7	16	31	27	38	44	27	15	21
Interval_26821	3	2	52	28	10	8	2	3	4
Interval_26862	11	7	74	62	70	65	46	31	23
Interval_26890	5	6	65	18	11	7	6	7	6
Interval_26909	19	24	33	24	3	8	0	0	0
Interval_26913	541	749	250	180	523	619	340	311	424
Interval_26979	46	89	2	4	3	1	0	1	1
Interval_26982	256	314	16	11	64	65	19	21	26
Interval_26984	189	230	8	1	15	21	10	12	7
Interval_27053	69	113	43	27	27	19	0	4	3
Interval_27086	53	79	11	8	11	16	5	8	15
Interval_27188	16	29	11	5	33	25	17	18	24
Interval_27202	2	4	1	2	3	0	1	0	1
Interval_27268	17	34	69	54	6	9	1	1	1
Interval_27281	141	200	66	44	29	28	5	1	1
Interval_27287	86	115	26	26	31	24	5	19	11
Interval_27388	101	124	34	15	51	52	30	27	35
Interval_27401	6	14	6	4	9	7	8	9	5
Interval_27403	7	17	5	5	9	14	7	5	7
Interval_27418	0	3	11	3	1	3	2	3	0
Interval_27421	12	11	38	17	140	205	143	140	168
Interval_27432	1133	1515	356	244	922	982	578	597	650
Interval_27436	15	30	10	8	20	17	8	6	9
Interval_27482	31	54	95	64	56	47	5	7	6
Interval_27486	31	40	8	11	17	16	7	18	8
Interval_27487	1000	1310	332	254	908	935	518	536	692
Interval_27523	310	472	116	81	267	310	165	165	210
Interval_27532	0	8	12	8	7	5	2	1	4
Interval_27615	290	447	144	93	301	355	113	127	139
Interval_27618	750	1008	308	195	674	692	345	393	544
Interval_27632	550	638	51	26	169	184	123	116	146
Interval_27666	76	66	188	103	386	333	132	176	184
Interval_27690	32	23	235	139	473	451	201	219	209
Interval_27741	208	270	10	6	68	83	61	72	88
Interval_27745	5	10	34	24	6	8	0	3	1
Interval_27753	72	132	22	5	30	18	12	8	13
Interval_27758	5	6	74	45	12	8	3	2	0
Interval_27829	155	198	4	6	16	23	7	15	9
Interval_27840	5	8	18	13	3	1	1	3	0
Interval_27878	113	169	12	8	132	117	160	178	161
Interval_27943	9	11	80	53	67	76	38	47	63
Interval_27961	42	55	15	12	32	37	21	15	8
Interval_27982	34	33	6	2	33	23	14	12	23
Interval_28017	46	88	18	15	64	67	25	23	50
Interval_28038	19	39	10	12	19	14	11	9	6
Interval_28062	5	14	91	57	119	129	23	39	38
Interval_28090	12	25	55	37	18	12	3	2	2
Interval_28096	10	7	186	97	15	9	1	1	2
Interval_28123	11	9	7	4	2	2	1	0	0
Interval_28202	164	278	91	57	215	207	126	142	177
Interval_28228	13	47	9	5	19	25	18	12	8
Interval_28242	112	141	9	2	16	20	8	5	2
Interval_28307	44	65	51	35	25	19	2	4	3
Interval_28310	5	5	3	2	7	6	0	1	3
Interval_28395	2	4	4	6	8	13	0	0	0
Interval_28426	11	26	137	95	154	145	26	35	69
Interval_28436	3	0	33	32	50	41	9	19	8
Interval_28442	5	5	0	1	2	2	1	0	1
Interval_28453	4	6	12	9	4	11	4	2	8
Interval_28470	3	10	133	95	71	63	2	6	1
Interval_28509	43	62	34	19	73	68	26	33	51
Interval_28518	10	19	5	2	10	14	3	4	3
Interval_28543	119	138	62	34	110	107	54	41	50
Interval_28635	56	72	15	16	33	43	25	16	32
Interval_28639	96	162	4	3	12	11	7	10	7
Interval_28640	59	62	7	9	3	5	7	3	4
Interval_28673	371	442	112	97	340	321	163	170	216
Interval_28676	26	43	26	14	22	22	6	7	6
Interval_28730	32	38	42	22	94	117	122	116	142
Interval_28762	14	32	121	91	50	47	13	12	19
Interval_28813	27	50	13	6	11	14	17	12	9
Interval_28842	4	16	11	14	8	4	0	6	3
Interval_28856	105	145	7	9	10	8	0	2	5
Interval_28883	24	39	12	7	6	8	8	7	14
Interval_28898	10	14	5	4	10	6	2	6	3
Interval_28899	472	625	147	112	374	418	269	228	288
Interval_28919	2	6	74	50	19	14	2	3	1
Interval_28930	3	8	87	50	37	42	16	14	21
Interval_29003	22	38	93	56	25	24	1	2	9
Interval_29028	1	7	53	34	16	10	1	3	2
Interval_29059	13	12	20	12	9	14	4	3	5
Interval_29068	8	13	9	13	88	101	6	6	15
Interval_29070	68	79	128	96	74	83	15	20	24
Interval_29072	125	210	127	69	125	125	24	29	44
Interval_29089	15	28	12	9	21	24	13	6	13
Interval_29150	15	19	168	111	248	274	137	134	191
Interval_29164	472	632	182	125	300	372	215	235	341
Interval_29166	114	144	8	5	18	9	4	3	3
Interval_29198	499	690	150	106	338	402	209	232	289
Interval_29229	26	24	1	2	6	14	3	2	5
Interval_29240	132	178	20	18	28	41	10	8	8
Interval_29244	3	2	3	0	1	2	0	1	1
Interval_29295	1	4	0	1	1	1	0	0	1
Interval_29299	19	31	106	71	88	79	25	23	26
Interval_29399	4	6	65	38	107	61	5	15	11
Interval_29403	849	1058	472	292	966	927	353	382	479
Interval_29416	1	2	69	44	36	62	6	1	4
Interval_29426	16	27	79	52	61	49	1	5	1
Interval_29468	94	146	46	32	106	85	50	63	66
Interval_29484	75	104	163	103	199	174	29	34	40
Interval_29486	1152	1465	339	238	773	786	377	450	644
Interval_29496	1	6	2	1	4	6	1	0	0
Interval_29507	24	35	14	12	24	28	18	18	17
Interval_29525	420	523	182	123	498	576	220	235	307
Interval_29558	9	24	21	15	72	66	81	77	85
Interval_29573	460	676	176	102	441	435	236	244	330
Interval_29584	63	94	1	7	3	13	0	1	1
Interval_29614	238	336	39	23	350	373	223	247	347
Interval_29644	1833	2110	611	394	1749	1760	870	948	1279
Interval_29662	96	130	178	116	199	175	107	106	112
Interval_29666	35	45	186	107	179	206	79	114	122
Interval_29723	63	130	31	29	51	38	12	14	21
Interval_29749	18	37	24	10	46	33	19	20	36
Interval_29750	103	136	48	24	92	60	45	49	57
Interval_29762	2	1	11	5	1	1	0	0	0
Interval_29767	67	75	9	4	69	80	81	84	102
Interval_29768	355	445	133	85	317	368	147	143	196
Interval_29789	7	8	18	7	37	61	45	48	60
Interval_29843	55	112	20	13	49	49	28	36	41
Interval_29874	691	957	234	152	583	646	281	324	442
Interval_29878	19	31	12	8	27	18	8	12	13
Interval_29889	3	1	8	7	9	7	2	7	3
Interval_29924	71	93	6	2	5	10	2	1	9
Interval_29943	3	3	50	39	24	29	6	9	8
Interval_29952	8	10	16	15	139	154	69	60	92
Interval_30005	909	1162	390	273	997	976	480	503	731
Interval_30018	2	3	18	9	8	3	1	2	1
Interval_30057	2	5	5	7	0	1	0	1	0
Interval_30128	424	555	42	36	279	261	240	230	304
Interval_30163	2	4	1	1	1	1	1	0	2
Interval_30176	247	310	15	19	333	348	252	234	350
Interval_30177	270	343	10	4	16	29	15	17	9
Interval_30190	311	398	6	3	16	28	8	5	5
Interval_30243	195	251	98	65	206	239	100	109	141
Interval_30258	102	169	19	9	12	13	5	3	5
Interval_30265	18	33	13	5	9	15	7	7	13
Interval_30290	0	1	5	2	1	0	0	0	0
Interval_30294	3	3	109	59	6	2	0	1	2
Interval_30339	718	883	272	175	720	745	371	388	541
Interval_30357	19	34	8	7	25	27	7	2	6
Interval_30360	549	798	222	149	666	648	322	370	454
Interval_30365	1	2	2	3	1	0	0	0	0
Interval_30399	8	15	81	56	41	41	13	11	15
Interval_30408	1256	1546	395	266	1208	1240	544	619	998
Interval_30414	92	180	6	3	14	9	2	3	5
Interval_30473	317	379	40	38	69	96	73	60	102
Interval_30506	5	2	71	34	10	9	0	2	1
Interval_30510	3	9	99	62	44	27	8	7	3
Interval_30557	12	20	68	49	48	32	2	3	3
Interval_30561	33	54	47	16	46	35	11	11	9
Interval_30584	12	13	35	26	14	15	1	3	3
Interval_30682	473	640	280	162	954	950	389	416	552
Interval_30697	490	696	323	173	785	751	315	308	478
Interval_30723	3	6	4	4	45	60	21	21	24
Interval_30732	1574	1650	67	48	410	352	156	216	254
Interval_30746	32	49	24	24	36	34	20	20	17
Interval_30783	85	124	62	30	128	106	40	42	83
Interval_30803	1	4	70	41	11	11	2	2	1
Interval_30804	3	5	65	38	8	9	3	2	2
Interval_30829	268	334	0	2	89	87	83	91	80
Interval_30911	45	44	154	94	313	321	158	179	194
Interval_30977	21	23	4	2	1	5	1	1	1
Interval_30993	27	56	4	6	10	10	15	12	12
Interval_31014	111	161	11	8	37	59	20	16	20
Interval_31098	4	22	101	73	87	86	44	63	69
Interval_31108	20	43	133	66	142	139	38	55	58
Interval_31110	2	7	30	27	28	17	18	16	14
Interval_31153	5	4	248	145	21	12	4	2	3
Interval_31256	6	6	5	2	1	0	2	2	2
Interval_31272	19	21	141	80	118	138	109	85	110
Interval_31283	8	1	54	28	13	11	1	4	1
Interval_31316	3	7	41	19	13	11	3	1	2
Interval_31324	9	3	153	93	45	24	6	3	8
Interval_31339	10	11	40	24	6	12	1	1	2
Interval_31351	34	60	40	37	32	25	5	4	2
Interval_31358	6	16	207	143	209	154	21	24	18
Interval_31376	3	2	4	5	0	2	1	2	1
Interval_31381	4	7	159	93	23	18	4	5	4
Interval_31443	136	183	17	6	80	105	144	144	179
Interval_31473	11	10	60	30	35	21	9	13	9
Interval_31489	127	160	125	82	96	94	12	20	28
Interval_31521	676	959	316	190	661	667	315	359	592
Interval_31522	30	41	130	86	131	129	26	27	28
Interval_31559	564	736	239	150	602	601	386	393	544
Interval_31582	41	70	122	63	340	347	223	287	293
Interval_31595	132	195	43	30	113	128	61	66	85
Interval_31649	23	37	3	2	24	25	47	40	40
Interval_31669	12	23	11	4	22	19	14	18	13
Interval_31671	56	77	8	2	15	16	5	13	14
Interval_31684	29	34	5	2	10	2	3	3	5
Interval_31715	44	50	0	0	1	1	1	1	0
Interval_31740	0	3	70	32	3	2	0	0	1
Interval_31811	32	40	16	9	21	31	15	8	15
Interval_31827	1	6	70	34	18	14	4	5	4
Interval_31868	13	32	185	104	23	18	17	13	25
Interval_31892	2	6	62	39	1	3	2	0	1
Interval_31912	16	33	1	0	4	4	0	2	0
Interval_31939	0	4	45	29	10	2	0	0	0
Interval_31943	1	3	35	24	8	2	0	2	1
Interval_31946	4	16	117	77	79	53	10	11	16
Interval_31954	46	56	127	76	55	38	7	16	21
Interval_31960	1	5	161	121	57	46	5	2	7
Interval_31962	181	274	71	40	140	146	85	81	109
Interval_31963	117	217	85	48	115	136	59	58	64
Interval_31972	797	1084	375	252	727	724	474	520	580
Interval_31975	685	1036	494	279	916	950	568	642	752
Interval_32003	33	40	87	57	36	31	13	10	15
Interval_32019	25	46	123	59	39	34	5	5	5
Interval_32040	0	1	32	18	6	10	2	8	2
Interval_32061	29	35	254	157	47	57	27	32	60
Interval_32188	61	84	11	5	11	10	5	7	3
Interval_32214	190	283	36	24	41	43	11	21	30
Interval_32269	6	9	62	34	11	12	2	2	6
Interval_32280	9	3	131	92	31	26	7	4	3
Interval_32281	3	5	78	55	56	36	8	2	8
Interval_32336	51	85	6	3	2	3	0	0	1
Interval_32346	45	102	49	26	4	4	0	0	0
Interval_32369	1	5	43	32	11	9	3	2	4
Interval_32376	15	14	59	38	4	3	0	1	1
Interval_32396	1	4	230	108	42	23	9	7	2
Interval_32403	119	134	54	40	126	110	60	59	71
Interval_32454	1	4	85	42	21	15	0	4	3
Interval_32484	2	0	54	30	10	6	0	1	0
Interval_32509	9	13	97	63	172	149	49	53	38
Interval_32511	9	18	69	43	131	151	36	46	57
Interval_32523	18	15	79	33	53	42	12	9	21
Interval_32524	412	499	125	89	523	537	229	315	349
Interval_32576	73	98	10	7	18	18	1	0	1
Interval_32583	8	21	43	26	21	15	2	3	0
Interval_32593	48	79	57	54	80	77	6	11	17
Interval_32656	6	3	21	8	154	144	99	93	102
Interval_32659	14	19	392	271	443	410	75	81	90
Interval_32660	79	125	186	133	722	706	440	432	585
Interval_32673	25	54	316	194	1082	1009	376	449	556
Interval_32676	16	27	363	216	662	608	198	216	266
Interval_32705	173	213	51	29	51	55	28	29	24
Interval_32715	47	86	22	18	32	40	24	25	22
Interval_32818	13	21	85	44	26	27	9	14	16
Interval_32822	5	2	143	66	4	3	2	0	0
Interval_32823	7	5	86	42	2	0	0	2	0
Interval_32842	4	12	383	199	84	56	3	7	3
Interval_32853	34	56	13	5	22	30	7	8	9
Interval_32901	1	4	66	35	9	14	0	0	1
Interval_32902	4	7	98	60	10	7	0	1	6
Interval_32937	7	10	19	25	15	19	9	13	13
Interval_32940	4	20	50	26	7	15	6	5	11
Interval_32950	4	10	43	37	7	8	3	2	1
Interval_32957	16	32	332	190	70	76	9	13	17
Interval_32967	20	47	199	114	325	278	60	42	65
Interval_32999	531	646	221	127	582	616	273	319	463
Interval_33030	15	22	4	8	195	224	252	237	300
Interval_33061	14	46	19	4	13	12	5	4	17
Interval_33107	6	7	6	4	48	72	63	79	77
Interval_33122	14	30	68	41	19	14	6	8	3
Interval_33147	53	95	34	19	71	75	35	36	48
Interval_33182	70	98	18	15	38	58	30	21	36
Interval_33200	11	15	198	136	213	212	9	12	12
Interval_33226	44	73	30	14	54	65	28	27	45
Interval_33228	31	51	151	97	285	263	123	142	145
Interval_33257	5	1	29	21	9	8	2	2	2
Interval_33263	10	13	46	32	14	26	3	3	8
Interval_33275	29	48	12	10	40	52	16	20	18
Interval_33279	396	539	136	85	333	307	142	175	237
Interval_33282	14	14	53	27	12	13	3	0	5
Interval_33288	55	75	35	31	79	92	27	43	40
Interval_33293	34	70	22	14	50	53	28	30	27
Interval_33294	4	6	29	28	18	12	1	7	3
Interval_33310	13	13	15	3	12	16	10	9	4
Interval_33314	3	11	86	45	17	8	1	0	1
Interval_33320	125	188	419	253	254	221	22	24	30
Interval_33321	22	44	111	77	95	94	7	1	4
Interval_33367	75	149	8	12	11	8	5	5	5
Interval_33437	36	58	4	4	1	2	2	1	5
Interval_33508	13	28	18	6	17	22	5	8	20
Interval_33536	0	0	2	1	1	3	0	2	0
Interval_33543	0	7	1	5	12	18	11	5	13
Interval_33558	8	15	7	9	22	12	5	8	10
Interval_33586	43	83	124	93	428	438	183	179	213
Interval_33587	10	14	63	49	38	31	6	12	22
Interval_33613	3	8	50	24	34	31	4	6	7
Interval_33628	9	8	197	126	155	145	20	33	21
Interval_33646	144	182	57	29	28	23	7	7	16
Interval_33650	203	279	3	7	18	15	5	2	4
Interval_33652	43	72	7	8	5	20	4	4	10
Interval_33662	32	59	18	4	36	42	14	12	16
Interval_33809	42	69	163	84	75	54	9	11	18
Interval_33846	1	2	34	28	15	12	0	4	4
Interval_33939	17	38	105	64	170	142	34	48	58
Interval_33957	327	399	189	101	483	448	204	234	318
Interval_33969	144	193	57	31	167	147	106	90	108
Interval_33973	5	1	10	7	8	8	1	0	0
Interval_33978	1067	1504	459	316	1032	1081	533	556	745
Interval_34022	161	189	7	4	6	4	2	0	4
Interval_34033	3	6	6	4	3	3	1	4	1
Interval_34069	205	253	23	15	27	20	4	7	7
Interval_34106	11	17	51	34	26	25	6	12	9
Interval_34107	3	2	77	35	34	26	11	15	7
Interval_34112	1	3	83	51	14	17	1	1	0
Interval_34119	51	59	559	325	661	637	134	166	217
Interval_34126	9	16	164	74	87	57	10	13	18
Interval_34132	93	154	75	48	131	132	77	82	131
Interval_34136	35	40	52	40	282	250	119	101	119
Interval_34189	17	29	12	8	25	25	90	80	118
Interval_34194	27	22	5	5	15	20	5	9	12
Interval_34278	10	10	96	81	83	92	21	27	14
Interval_34298	3	2	2	2	5	5	2	0	1
Interval_34331	13	22	8	8	14	16	5	12	4
Interval_34334	89	127	25	19	74	55	39	47	47
Interval_34401	130	193	27	19	21	29	5	11	4
Interval_34518	196	285	29	20	293	302	316	267	310
Interval_34520	125	199	58	48	111	153	59	72	96
Interval_34527	140	194	34	22	60	92	28	38	48
Interval_34576	13	8	93	75	7	5	3	2	2
Interval_34584	9	14	4	2	3	5	2	3	3
Interval_34599	293	378	64	42	193	196	111	105	126
Interval_34610	418	564	140	85	312	324	223	234	284
Interval_34621	4	26	83	49	84	45	24	26	28
Interval_34640	7	7	163	102	57	47	6	4	3
Interval_34642	16	16	63	33	201	178	82	83	97
Interval_34643	1	2	30	21	17	11	2	2	1
Interval_34652	450	629	208	117	577	609	298	294	435
Interval_34705	3	11	12	5	4	5	1	4	1
Interval_34718	22	35	108	76	28	30	5	5	4
Interval_34719	693	1065	288	173	553	569	315	382	435
Interval_34728	9	12	20	15	82	73	110	111	108
Interval_34770	1480	1865	599	422	1689	1685	981	999	1467
Interval_34771	818	907	283	196	863	858	427	490	625
Interval_34785	152	203	7	4	11	15	19	29	17
Interval_34834	9	6	30	36	6	6	0	1	2
Interval_34851	511	669	162	100	457	509	196	232	274
Interval_34860	310	452	108	61	232	263	153	149	198
Interval_34867	385	501	94	58	198	231	122	142	153
Interval_34875	2	3	3	2	9	7	3	4	1
Interval_34975	364	472	189	125	354	365	164	198	226
Interval_34985	379	570	170	110	350	386	146	166	252
Interval_34995	1890	2252	83	60	386	360	135	189	266
Interval_34996	331	462	13	5	19	28	11	10	13
Interval_35025	19	44	11	7	14	14	11	14	13
Interval_35074	32	28	10	9	25	24	23	16	22
Interval_35090	705	974	272	186	681	689	456	515	612
Interval_35097	71	73	0	0	0	1	0	1	1
Interval_35125	12	33	8	5	7	11	12	11	6
Interval_35205	5	1	45	30	62	64	38	33	38
Interval_35214	16	20	10	6	26	26	6	12	9
Interval_35221	2	4	13	11	11	4	0	1	0
Interval_35257	19	24	6	4	12	14	2	5	10
Interval_35301	481	658	91	62	573	663	523	474	591
Interval_35304	15	16	1	1	9	7	6	7	5
Interval_35345	0	2	66	35	5	4	1	2	2
Interval_35395	16	11	82	55	26	24	10	5	4
Interval_35522	2	1	14	13	2	4	1	2	1
Interval_35584	7	6	72	37	41	38	16	9	13
Interval_35603	38	51	23	9	23	35	9	23	16
Interval_35611	4	4	73	58	57	69	2	7	3
Interval_35632	30	56	20	9	53	55	36	29	33
Interval_35642	5	5	12	5	3	2	0	0	1
Interval_35655	11	12	33	21	4	8	3	0	1
Interval_35700	23	31	62	40	134	141	89	112	133
Interval_35710	2	6	1	2	4	2	1	3	2
Interval_35748	17	18	8	2	5	8	1	2	2
Interval_35767	885	1088	198	120	767	735	389	401	595
Interval_35774	237	313	455	274	1446	1494	604	676	978
Interval_35783	1	4	14	10	10	7	0	2	2
Interval_35787	64	96	38	19	41	55	20	26	38
Interval_35887	5	11	3	7	36	39	59	51	76
Interval_35890	223	318	17	6	65	69	51	40	69
Interval_35935	16	45	11	6	10	14	4	8	6
Interval_35938	6	6	50	32	43	35	9	14	11
Interval_35958	0	2	0	2	17	7	6	8	4
Interval_35963	21	18	30	22	142	156	40	46	55
Interval_35976	520	686	286	171	553	604	295	308	500
Interval_35979	54	74	146	99	370	329	191	242	261
Interval_35983	328	482	218	137	442	454	159	198	344
Interval_36005	21	34	38	16	66	86	106	104	105
Interval_36016	4	0	60	52	3	3	0	1	0
Interval_36159	564	766	104	57	700	703	520	659	766
Interval_36182	2	9	10	5	2	3	0	2	1
Interval_36208	1	3	50	23	43	54	14	14	10
Interval_36241	575	776	206	122	435	535	262	253	365
Interval_36282	134	222	50	27	128	129	86	75	104
Interval_36317	66	105	53	36	121	117	37	27	43
Interval_36319	2	5	69	37	8	18	1	4	1
Interval_36330	392	651	159	103	260	358	163	173	206
Interval_36337	2	2	58	55	31	10	5	6	1
Interval_36346	179	210	58	35	38	27	7	13	10
Interval_36386	336	429	51	19	41	42	11	19	17
Interval_36581	178	225	36	24	85	88	45	51	48
Interval_36587	15	12	21	16	8	11	0	2	3
Interval_36727	165	207	15	2	12	9	1	2	0
Interval_36737	15	20	24	21	40	56	48	46	48
Interval_36751	247	292	25	18	74	83	9	19	16
Interval_36762	32	60	158	79	597	642	293	366	467
Interval_36779	4	6	26	13	19	26	1	1	0
Interval_36782	419	563	170	102	399	420	147	219	261
Interval_36806	661	855	187	141	566	609	274	311	417
Interval_36840	223	333	88	48	196	184	126	124	186
Interval_36843	20	36	103	45	157	186	135	137	179
Interval_36855	8	7	79	37	214	189	150	158	170
Interval_36869	4	4	36	16	218	238	119	133	175
Interval_36879	10	14	35	20	133	153	152	147	219
Interval_36913	19	38	119	79	52	49	20	16	20
Interval_36934	1	4	0	0	4	3	1	2	1
Interval_36960	190	204	27	8	44	34	11	17	8
Interval_36983	20	35	6	2	36	17	13	10	12
Interval_36995	170	268	115	76	364	402	268	269	348
Interval_37004	91	105	47	15	62	68	28	35	40
Interval_37048	11	12	6	3	12	16	13	8	12
Interval_37110	8	8	8	7	28	19	9	11	6
Interval_37126	395	525	230	128	443	466	254	294	397
Interval_37135	518	744	680	383	168	153	124	127	156
Interval_37211	30	69	3	6	30	26	13	14	6
Interval_37215	4100	4915	385	519	518	686	2825	3503	2319
Interval_37228	278	368	119	75	253	243	191	178	248
Interval_37282	94	145	14	11	4	10	1	3	4
Interval_37293	9	19	33	22	10	10	3	2	1
Interval_37297	33	40	7	3	4	5	0	4	3
Interval_37315	474	659	216	111	499	542	311	292	418
Interval_37324	239	269	9	3	27	34	13	16	15
Interval_37370	59	93	2	3	6	3	3	1	1
Interval_37375	118	161	5	10	5	6	1	0	1
Interval_37378	63	107	4	2	0	5	1	2	0
Interval_37401	45	52	20	17	64	58	50	47	56
Interval_37422	43	61	22	10	64	82	45	33	53
Interval_37437	19	29	59	35	7	2	3	1	2
Interval_37539	2	5	11	4	5	3	1	1	4
Interval_37548	3	10	252	145	177	164	9	8	11
Interval_37553	41	81	23	18	29	42	20	26	20
Interval_37576	180	274	92	58	151	173	62	72	94
Interval_37585	1	0	3	3	2	1	0	0	0
Interval_37596	3	16	17	18	8	4	2	3	2
Interval_37732	2	7	31	19	101	112	66	41	91
Interval_37734	17	29	84	54	288	215	102	128	155
Interval_37755	8	33	6	1	8	10	15	10	3
Interval_37835	5	3	133	93	6	3	1	2	3
Interval_37845	2	4	113	75	8	10	1	1	0
Interval_37949	3	6	47	35	10	10	2	2	1
Interval_38078	13	10	9	9	148	160	233	258	246
Interval_38112	9	14	110	65	99	92	151	157	149
Interval_38118	849	1028	307	181	755	834	461	465	697
Interval_38164	30	29	26	22	81	96	90	135	118
Interval_38227	2	2	44	39	44	26	24	25	18
Interval_38228	6	6	129	81	125	76	40	71	70
Interval_38233	5	7	25	16	3	1	1	1	0
Interval_38234	143	272	57	42	42	33	5	5	8
Interval_38297	57	78	3	3	6	4	0	1	1
Interval_38317	611	876	271	146	556	568	260	302	387
Interval_38342	376	512	151	90	385	374	132	162	222
Interval_38354	13	23	13	5	10	20	13	15	11
Interval_38373	304	393	6	7	24	35	7	5	6
Interval_38389	61	78	1	4	9	11	3	8	2
Interval_38395	400	501	10	8	65	70	2	5	8
Interval_38506	641	592	210	135	550	600	229	215	372
Interval_38521	13	16	6	13	11	20	12	8	15
Interval_38534	18	23	12	5	13	16	5	10	8
Interval_38608	122	213	9	5	20	29	9	12	13
Interval_38610	309	384	15	5	131	138	58	82	94
Interval_38622	986	1250	355	233	991	1019	594	565	763
Interval_38628	3	1	47	28	19	32	1	2	4
Interval_38711	469	636	238	145	535	552	237	235	359
Interval_38757	220	320	101	56	57	78	12	19	22
Interval_38763	30	44	145	86	70	33	10	6	14
Interval_38769	219	375	45	26	50	48	23	20	26
Interval_38776	31	66	170	81	85	75	25	25	38
Interval_38805	5	13	9	7	74	95	80	89	113
Interval_38819	4	3	4	4	28	45	54	63	68
Interval_38832	14	17	43	22	9	12	1	1	2
Interval_38849	232	326	101	87	208	243	67	69	132
Interval_38868	534	635	99	61	128	171	16	21	19
Interval_38871	63	93	22	7	9	8	1	3	1
Interval_38875	4	19	1	0	1	1	0	0	1
Interval_38893	0	6	5	5	3	4	0	1	1
Interval_38907	5	9	39	27	4	5	5	3	1
Interval_38959	4	7	51	48	42	40	32	25	38
Interval_38978	0	1	16	15	1	0	0	0	0
Interval_39016	170	307	82	60	74	92	18	28	38
Interval_39024	75	101	31	21	200	247	249	247	312
Interval_39026	8	3	11	6	0	3	1	1	0
Interval_39031	13	19	51	46	29	26	7	7	9
Interval_39036	410	581	172	105	413	449	290	259	281
Interval_39046	612	839	225	138	547	546	271	308	357
Interval_39063	5	3	96	48	47	34	22	9	21
Interval_39064	42	52	78	44	45	33	6	11	8
Interval_39113	49	74	22	12	33	30	17	21	19
Interval_39178	31	45	12	9	32	24	18	8	17
Interval_39196	66	104	25	23	71	80	24	30	41
Interval_39227	21	33	140	86	90	92	8	19	21
Interval_39228	106	147	54	24	84	98	51	37	65
Interval_39235	111	157	55	38	98	105	97	91	88
Interval_39256	29	34	20	9	25	28	12	17	21
Interval_39277	34	51	0	2	75	87	61	71	81
Interval_39311	48	81	59	23	99	101	74	80	112
Interval_39335	127	163	41	23	112	114	58	49	88
Interval_39394	87	146	66	29	106	99	59	72	116
Interval_39400	3	8	8	3	4	10	3	1	2
Interval_39462	175	303	92	46	169	177	94	94	146
Interval_39490	11	28	10	5	17	9	6	3	7
Interval_39504	20	29	4	4	2	4	1	2	1
Interval_39524	20	27	6	4	19	22	9	9	14
Interval_39579	2	9	44	31	13	13	3	1	1
Interval_39584	92	133	51	25	103	100	40	60	65
Interval_39651	280	400	110	67	199	268	104	119	166
Interval_39665	154	203	3	3	4	4	0	0	0
Interval_39720	238	314	16	14	44	45	16	19	24
Interval_39788	3	8	90	54	16	13	2	1	0
Interval_39791	407	562	10	4	26	34	8	9	10
Interval_39793	23	32	2	3	2	8	1	2	5
Interval_39799	4	14	103	54	6	7	0	3	3
Interval_39802	119	142	70	37	117	142	74	78	86
Interval_39877	0	3	14	6	3	0	0	1	0
Interval_39905	85	102	30	24	60	60	42	40	38
Interval_39945	84	123	35	20	82	101	47	40	79
Interval_39949	40	73	13	13	24	32	25	16	19
Interval_40015	10	10	36	26	57	43	40	44	53
Interval_40021	3	1	44	29	9	11	0	2	1
Interval_40048	9	13	17	12	15	19	3	5	3
Interval_40063	9	17	137	76	208	176	24	42	34
Interval_40065	21	29	9	6	31	27	7	11	17
Interval_40187	108	161	72	38	152	175	59	106	128
Interval_40248	162	184	2	2	5	3	0	1	1
Interval_40267	30	57	122	99	209	212	36	42	47
Interval_40278	4	3	132	63	64	47	2	3	0
Interval_40336	78	112	24	20	150	175	214	221	270
Interval_40342	31	41	115	71	103	83	20	24	39
Interval_40350	37	44	81	47	62	51	7	7	12
Interval_40381	42	60	15	10	35	52	33	26	35
Interval_40383	24	43	12	5	23	20	7	10	25
Interval_40391	108	151	36	19	67	100	45	44	56
Interval_40405	16	16	39	8	7	11	5	2	5
Interval_40485	9	11	32	21	149	147	165	187	205
Interval_40502	1	3	106	54	8	3	2	3	3
Interval_40528	38	53	16	9	30	35	14	14	15
Interval_40536	2	6	34	29	10	9	2	2	4
Interval_40561	5	8	59	23	39	25	12	13	11
Interval_40591	242	302	18	6	29	23	11	10	15
Interval_40610	6	11	55	33	29	11	16	8	11
Interval_40633	8	12	7	7	20	25	23	22	29
Interval_40661	36	55	17	14	97	95	12	30	46
Interval_40668	76	86	40	21	85	81	52	35	67
Interval_40698	114	196	51	33	137	116	45	49	66
Interval_40709	59	90	30	27	47	46	8	11	16
Interval_40742	104	166	45	24	97	100	64	60	83
Interval_40748	3	1	38	21	23	8	4	4	7
Interval_40752	1	4	165	117	32	23	1	5	6
Interval_40792	3	3	65	39	6	5	2	3	5
Interval_40814	3	1	44	27	8	10	1	1	0
Interval_40853	3	6	93	57	9	7	3	2	1
Interval_40870	7	4	95	52	27	16	11	13	15
Interval_40871	2	3	2	2	5	1	2	4	2
Interval_40881	13	32	5	5	14	10	5	10	9
Interval_40888	0	4	42	21	49	56	57	48	37
Interval_40889	5	7	72	44	51	52	15	14	15
Interval_40900	3	10	2	3	19	19	48	65	61
Interval_40952	16	27	80	45	19	14	5	5	3
Interval_41000	725	1031	396	244	1125	1140	507	585	696
Interval_41029	14	30	7	4	15	21	3	5	8
Interval_41068	57	84	208	119	234	164	44	45	41
Interval_41074	36	35	83	45	19	19	7	10	9
Interval_41139	196	238	5	5	116	93	48	75	80
Interval_41214	62	86	1	1	4	3	5	2	6
Interval_41241	13	17	9	6	13	12	16	11	8
Interval_41280	2	3	18	13	4	3	0	6	2
Interval_41293	6	9	235	170	52	50	4	9	4
Interval_41302	1	0	65	53	16	6	0	0	1
Interval_41324	285	382	177	93	306	351	179	221	319
Interval_41330	2	1	63	32	2	0	0	2	0
Interval_41336	91	147	3	2	3	4	1	3	2
Interval_41345	1	4	57	29	7	0	1	1	0
Interval_41352	2	8	84	47	61	64	37	50	36
Interval_41360	6	29	425	249	87	79	27	31	27
Interval_41384	134	191	54	32	13	20	0	5	5
Interval_41385	64	105	39	24	12	8	0	5	5
Interval_41390	87	114	136	78	60	49	13	24	24
Interval_41397	5	11	0	0	0	2	0	1	0
Interval_41422	414	603	175	108	457	445	171	179	197
Interval_41443	833	1023	168	102	442	410	159	161	264
Interval_41455	73	129	63	38	106	131	47	38	58
Interval_41457	243	272	23	15	55	51	14	14	22
Interval_41469	4	9	60	38	44	19	5	5	2
Interval_41485	5	9	20	12	4	7	0	1	1
Interval_41503	3	3	45	37	22	6	3	5	3
Interval_41509	5	13	103	51	100	89	102	103	91
Interval_41620	30	36	146	100	32	48	15	13	27
Interval_41718	7	7	45	21	14	14	4	4	3
Interval_41772	9	36	9	5	73	56	195	167	226
Interval_41802	4	4	128	82	8	8	4	1	0
Interval_41804	13	36	3	1	17	17	8	11	11
Interval_41810	7	17	168	84	85	97	50	33	40
Interval_41893	3	7	15	10	6	3	1	0	1
Interval_41939	26	36	1	2	0	1	2	0	1
Interval_41946	8	15	61	36	30	32	4	9	15
Interval_42009	97	132	6	6	7	7	3	6	2
Interval_42024	30	28	18	11	29	23	9	13	18
Interval_42041	752	866	470	284	1018	978	355	365	691
Interval_42076	10	21	62	43	112	102	41	61	55
Interval_42088	126	161	5	5	20	27	3	9	8
Interval_42097	11	20	4	2	1	4	3	12	11
Interval_42109	121	202	9	9	19	17	11	8	14
Interval_42110	41	49	117	81	53	46	21	21	28
Interval_42130	91	116	26	18	168	178	165	240	254
Interval_42140	18	12	3	3	8	16	10	9	12
Interval_42151	325	428	11	4	8	4	2	0	1
Interval_42182	920	1161	500	346	1214	1261	539	579	823
Interval_42185	22	36	129	75	290	263	95	105	124
Interval_42221	131	173	58	35	174	171	70	70	108
Interval_42236	89	138	7	0	13	9	4	7	12
Interval_42244	59	99	5	3	5	16	4	0	2
Interval_42247	89	146	1	3	7	13	1	4	2
Interval_42256	109	202	73	38	124	138	67	76	85
Interval_42277	3	4	31	23	23	16	1	2	5
Interval_42293	3	6	14	7	96	83	9	9	18
Interval_42298	1	2	13	8	1	1	0	0	0
Interval_42335	13	16	5	3	2	4	3	4	2
Interval_42352	267	355	3	2	5	4	2	5	2
Interval_42354	161	200	16	6	20	36	6	12	16
Interval_42399	198	285	13	8	23	33	22	29	32
Interval_42402	161	226	0	1	2	2	0	1	0
Interval_42427	9	12	96	45	7	9	1	0	2
Interval_42471	9	9	23	14	73	94	65	66	69
Interval_42480	10	19	23	8	145	177	161	152	149
Interval_42579	8	15	0	2	6	3	0	0	1
Interval_42589	0	2	34	30	41	48	9	12	18
Interval_42591	2	5	24	20	106	99	50	74	56
Interval_42625	10	2	27	21	16	12	1	0	2
Interval_42635	4	9	49	32	14	8	0	2	1
Interval_42661	936	1303	114	79	279	242	60	87	97
Interval_42699	3	9	3	2	0	3	1	0	0
Interval_42713	19	30	87	65	27	20	4	10	6
Interval_42716	24	35	422	233	103	95	9	7	11
Interval_42777	7	8	43	19	101	86	74	77	70
Interval_42795	8	11	29	23	16	12	1	4	1
Interval_42801	16	20	3	5	7	8	2	4	5
Interval_42814	16	23	120	70	148	156	59	62	66
Interval_42815	11	12	97	58	196	192	102	112	155
Interval_42865	623	766	227	129	501	539	319	360	534
Interval_42903	6	13	76	43	60	62	17	12	9
Interval_42960	102	162	0	3	6	3	1	0	0
Interval_42978	77	100	0	3	3	2	0	0	0
Interval_42993	21	38	46	31	10	9	3	1	1
Interval_43016	91	114	63	33	34	34	4	7	6
Interval_43034	122	182	5	4	13	26	15	13	14
Interval_43073	243	393	108	62	260	273	134	139	231
Interval_43135	6	14	88	46	29	35	3	2	1
Interval_43176	139	176	25	27	15	21	4	2	3
Interval_43192	4	2	4	2	16	17	15	12	24
Interval_43228	218	313	113	58	236	230	118	129	165
Interval_43288	18	37	9	5	18	26	9	11	15
Interval_43308	41	39	11	6	29	37	23	17	12
Interval_43312	534	829	157	90	264	335	163	174	259
Interval_43332	76	143	60	37	46	42	11	7	17
Interval_43353	32	51	42	24	112	133	132	137	162
Interval_43442	59	104	30	15	44	53	27	30	33
Interval_43447	55	88	108	64	64	35	14	14	22
Interval_43458	13	21	47	21	7	9	2	2	5
Interval_43525	23	30	146	83	120	74	14	11	24
Interval_43531	129	208	158	108	34	15	11	27	14
Interval_43533	62	107	32	12	51	51	22	18	21
Interval_43552	11	30	10	7	10	12	7	4	11
Interval_43568	9	13	15	5	89	80	150	158	200
Interval_43582	4	5	216	115	9	4	0	4	2
Interval_43624	3	9	106	50	173	190	60	81	73
Interval_43625	2	3	172	123	170	166	32	57	45
Interval_43626	7	5	243	151	426	432	140	157	169
Interval_43651	15	12	15	17	56	81	63	63	87
Interval_43686	21	33	21	14	9	12	4	3	3
Interval_43756	235	294	108	54	71	86	8	13	17
Interval_43757	11	15	108	71	78	88	29	37	25
Interval_43860	4	7	135	80	22	20	4	6	3
Interval_43862	20	23	8	4	12	16	9	4	15
Interval_43877	1	1	78	49	6	2	0	0	1
Interval_43878	1	3	124	59	4	4	1	0	1
Interval_43903	8	13	107	66	54	54	15	17	18
Interval_43934	2	2	38	13	17	28	17	15	18
Interval_43956	249	326	27	29	614	605	676	678	741
Interval_43988	43	51	92	54	28	27	2	1	3
Interval_44169	17	28	132	99	47	26	9	6	16
Interval_44180	3	4	36	17	16	14	3	0	0
Interval_44221	19	20	51	29	17	16	4	2	5
Interval_44247	103	136	21	19	9	10	9	4	4
Interval_44253	185	231	36	12	52	51	7	15	12
Interval_44272	3	1	122	62	48	52	2	0	0
Interval_44274	18	32	17	3	10	11	3	2	1
Interval_44296	10	20	5	5	23	14	7	6	9
Interval_44328	7	7	139	102	166	140	23	12	32
Interval_44348	113	128	51	35	114	129	66	77	122
Interval_44355	21	30	126	70	31	31	1	7	7
Interval_44371	3	5	203	127	522	494	140	165	192
Interval_44381	89	131	270	178	588	581	324	355	414
Interval_44384	5	8	62	41	220	179	32	34	30
Interval_44396	311	339	36	29	12	15	3	1	3
Interval_44423	199	305	11	7	98	97	78	77	130
Interval_44424	34	52	10	5	24	20	8	12	27
Interval_44426	409	522	20	13	336	368	250	302	364
Interval_44428	179	231	9	3	63	63	61	74	96
Interval_44463	12	16	86	56	29	17	5	7	12
Interval_44481	11	11	227	141	91	53	10	4	11
Interval_44482	136	198	5	0	3	3	4	2	2
Interval_44493	43	79	6	5	6	8	3	1	5
Interval_44562	5	23	9	3	14	17	5	11	8
Interval_44574	11	13	106	83	45	43	6	10	5
Interval_44607	19	22	118	70	131	111	53	51	71
Interval_44714	28	51	63	38	23	25	7	11	6
Interval_44717	457	680	188	139	490	537	243	253	428
Interval_44732	7	13	11	8	6	8	1	1	3
Interval_44748	13	17	69	37	83	100	3	5	4
Interval_44753	6	6	23	8	9	12	1	3	1
Interval_44759	48	74	119	103	612	598	179	212	252
Interval_44761	12	22	4	6	18	7	4	1	3
Interval_44767	12	37	29	31	102	148	103	110	145
Interval_44783	22	33	79	66	35	42	5	11	9
Interval_44809	8	19	55	37	18	16	7	11	5
Interval_44825	2	9	1	1	4	8	5	2	1
Interval_44865	3	1	66	28	5	5	1	1	0
Interval_44875	2	8	54	27	6	5	0	1	0
Interval_44894	50	70	102	52	312	347	237	271	389
Interval_44896	92	107	56	33	118	113	63	51	114
Interval_44902	325	444	268	153	1411	1451	1017	1083	1404
Interval_44914	123	182	294	156	1003	972	323	368	540
Interval_44936	326	463	225	139	326	370	167	205	216
Interval_44958	23	36	58	31	296	257	93	122	130
Interval_44969	4	3	27	10	4	1	3	0	2
Interval_44994	134	160	1	2	13	14	4	4	4
Interval_45094	302	465	125	85	107	91	14	18	26
Interval_45100	22	31	9	4	14	16	7	14	7
Interval_45104	519	781	180	143	514	487	287	335	429
Interval_45171	337	494	105	77	241	257	130	132	196
Interval_45196	26	36	98	77	145	120	25	31	42
Interval_45212	282	395	179	119	321	314	146	152	173
Interval_45219	56	77	1	3	4	2	1	1	0
Interval_45240	12	14	111	47	62	74	37	39	47
Interval_45250	38	82	21	23	40	53	21	22	30
Interval_45257	13	21	58	33	194	203	121	143	137
Interval_45258	253	372	148	81	373	376	219	221	277
Interval_45358	419	580	198	121	386	417	218	243	265
Interval_45372	1	4	9	6	2	0	1	1	1
Interval_45464	141	197	21	15	24	33	7	9	6
Interval_45545	104	155	57	24	104	78	70	66	95
Interval_45560	16	27	105	57	150	135	39	35	38
Interval_45599	21	21	9	1	18	16	7	3	4
Interval_45604	17	25	5	5	10	21	7	5	7
Interval_45610	4	8	4	1	27	32	77	118	102
Interval_45621	139	216	299	189	806	793	226	244	378
Interval_45647	451	603	209	107	801	819	536	514	777
Interval_45660	396	592	261	154	608	664	326	345	436
Interval_45667	324	439	107	74	251	210	109	151	164
Interval_45718	200	279	91	44	168	168	85	76	122
Interval_45722	312	359	126	70	271	279	169	165	199
Interval_45738	336	462	172	103	366	388	166	200	262
Interval_45775	104	126	33	28	34	33	5	5	7
Interval_45780	44	58	46	22	47	26	4	2	4
Interval_45784	228	271	5	5	7	11	1	1	2
Interval_45786	14	33	76	51	109	80	15	19	23
Interval_45809	1085	1475	343	242	945	1011	571	597	1024
Interval_45830	235	301	13	12	16	17	4	5	7
Interval_45883	23	34	12	6	16	16	8	10	10
Interval_45892	6	7	44	34	36	46	34	30	23
Interval_45967	90	128	18	7	8	7	5	3	3
Interval_45971	114	154	5	4	7	11	5	2	3
Interval_45990	45	73	230	136	93	63	21	18	33
Interval_46055	18	17	3	2	2	3	3	4	3
Interval_46076	36	34	11	6	12	13	3	4	4
Interval_46112	378	534	126	88	312	337	201	220	225
Interval_46113	22	56	46	43	18	13	2	3	5
Interval_46116	142	190	6	3	5	4	1	3	2
Interval_46153	2	1	80	46	10	6	5	3	3
Interval_46201	224	327	125	60	166	210	89	74	116
Interval_46210	257	361	97	66	203	203	64	72	106
Interval_46229	4	8	65	44	93	86	31	31	40
Interval_46230	9	6	22	12	92	83	44	41	52
Interval_46242	459	650	125	78	337	377	182	189	267
Interval_46253	133	180	62	43	109	138	60	58	86
Interval_46262	15	29	9	7	37	17	8	16	12
Interval_46287	422	567	188	111	557	603	288	305	363
Interval_46288	68	90	45	26	182	158	94	106	178
Interval_46342	13	28	97	63	58	34	18	23	15
Interval_46477	12	14	16	7	23	29	21	25	24
Interval_46644	81	112	9	2	6	2	3	3	2
Interval_46684	1473	1708	508	304	1556	1581	802	786	1074
Interval_46703	68	93	13	19	18	18	1	3	3
Interval_46726	3	11	28	15	5	11	2	5	1
Interval_46770	587	794	200	120	529	547	312	304	435
Interval_46819	5	2	52	32	16	16	4	1	4
Interval_46838	36	46	11	6	16	31	22	19	27
Interval_46850	128	172	31	17	63	64	41	37	47
Interval_46884	93	115	37	19	17	11	3	2	4
Interval_46895	35	57	2	2	3	0	2	2	1
Interval_46901	85	126	18	12	7	12	5	4	2
Interval_46912	5	10	44	29	8	5	3	2	2
Interval_46929	71	100	18	15	7	10	3	1	4
Interval_46963	43	63	13	5	15	10	2	7	7
Interval_46979	62	71	20	11	16	11	5	3	6
Interval_46983	30	39	119	87	134	133	120	131	166
Interval_46993	11	25	135	67	67	56	4	5	6
Interval_46999	31	55	23	10	27	33	14	15	21
Interval_47013	9	20	13	10	12	15	3	5	5
Interval_47038	10	32	4	8	3	5	2	5	0
Interval_47069	95	137	8	2	9	6	6	6	5
Interval_47096	165	215	5	7	11	21	17	10	15
Interval_47110	81	124	21	15	142	150	173	179	178
Interval_47147	16	20	48	25	26	20	3	2	3
Interval_47163	74	102	27	15	74	70	25	36	36
Interval_47290	181	262	39	22	79	108	45	72	75
Interval_47324	1	0	7	2	1	0	0	0	1
Interval_47357	688	1001	231	147	560	616	346	350	481
Interval_47393	182	286	76	52	173	165	70	97	118
Interval_47424	57	127	39	23	59	78	37	31	33
Interval_47448	73	93	42	26	20	35	0	2	2
Interval_47456	618	767	428	278	468	430	75	66	86
Interval_47475	11	13	1	1	2	1	4	0	3
Interval_47480	32	59	30	12	35	29	11	31	24
Interval_47496	6	8	16	20	5	2	2	2	3
Interval_47511	14	22	8	5	7	15	8	0	4
Interval_47557	3	2	1	3	4	3	5	2	3
Interval_47576	672	875	344	217	808	817	303	327	489
Interval_47587	9	9	92	48	22	23	1	2	1
Interval_47596	62	100	30	13	20	14	2	3	5
Interval_47708	914	1112	300	190	788	913	455	475	667
Interval_47727	549	698	288	176	726	753	419	456	547
Interval_47728	48	67	26	22	76	69	34	56	58
Interval_47729	19	40	12	7	19	12	7	12	14
Interval_47743	17	28	19	9	15	22	11	9	22
Interval_47820	29	56	20	11	22	39	15	13	19
Interval_47850	29	28	5	10	12	13	7	15	8
Interval_47944	18	18	188	102	165	168	16	13	12
Interval_47953	48	51	15	11	27	34	16	22	23
Interval_47954	657	802	223	137	503	541	285	327	375
Interval_47964	4	6	149	94	94	96	16	18	15
Interval_47981	52	64	19	11	34	38	15	17	25
Interval_47988	27	43	11	4	24	16	9	9	11
Interval_47995	12	21	71	45	2	4	5	3	2
Interval_48020	1185	1542	543	342	1293	1342	650	764	896
Interval_48105	9	8	84	41	26	20	11	7	6
Interval_48170	148	205	57	29	108	146	53	59	74
Interval_48172	56	81	21	5	32	43	8	13	12
Interval_48302	3	7	40	21	24	21	14	20	10
Interval_48320	60	96	5	3	16	26	5	5	5
Interval_48345	409	485	145	96	300	370	146	160	234
Interval_48371	3	11	18	23	141	133	81	107	130
Interval_48387	27	37	16	11	21	25	12	13	11
Interval_48395	16	30	6	4	13	13	10	7	7
Interval_48400	63	143	43	30	75	95	38	35	44
Interval_48409	11	20	74	41	393	376	269	266	285
Interval_48419	10	23	9	3	14	12	3	6	12
Interval_48469	256	322	4	9	59	65	83	100	128
Interval_48539	18	37	8	7	7	15	8	13	10
Interval_48592	7	10	264	184	67	38	0	2	6
Interval_48655	743	1084	263	168	571	684	305	316	502
Interval_48675	6	7	51	27	47	54	14	12	11
Interval_48694	6	5	36	25	13	10	1	0	0
Interval_48723	694	929	257	147	605	650	372	322	463
Interval_48726	396	572	142	93	319	359	221	254	259
Interval_48763	16	19	16	8	7	11	11	7	6
Interval_48767	612	811	272	188	629	646	317	335	468
Interval_48769	84	138	92	52	97	92	8	14	21
Interval_48816	3	7	38	24	12	7	3	3	2
Interval_48901	87	117	15	9	13	24	11	8	10
Interval_48930	1593	2078	525	330	1391	1421	737	782	1126
Interval_48955	52	92	24	9	41	41	8	11	18
Interval_48992	8	17	70	41	17	13	11	7	6
Interval_49008	107	129	7	7	3	8	1	1	1
Interval_49073	31	41	83	36	30	32	2	8	4
Interval_49086	277	310	253	163	31	30	3	2	4
Interval_49124	1	4	3	2	3	2	19	20	0
Interval_49126	83	114	31	26	63	65	36	23	54
Interval_49141	126	146	8	2	0	2	1	2	0
Interval_49142	890	1015	13	7	18	17	2	0	2
Interval_49159	237	317	34	30	8	11	2	0	3
Interval_49162	96	112	9	8	7	4	1	0	0
Interval_49169	183	222	25	13	25	11	3	2	4
Interval_49192	5	12	60	35	1	4	1	4	0
Interval_49283	9	18	52	33	25	25	38	21	24
Interval_49286	13	25	92	34	7	11	2	5	9
Interval_49295	13	14	56	38	26	27	9	10	12
Interval_49311	363	353	10	12	22	23	2	6	3
Interval_49346	10	40	63	38	12	13	6	5	2
Interval_49355	17	14	48	26	6	4	2	0	3
Interval_49359	4	11	160	89	13	11	2	1	1
Interval_49375	50	55	38	29	11	12	3	4	0
Interval_49399	0	2	0	1	5	2	0	3	2
Interval_49418	13	24	126	82	105	93	40	44	31
Interval_49431	32	40	8	10	86	100	73	77	90
Interval_49444	55	85	7	7	26	24	4	7	7
Interval_49461	2	4	134	88	18	25	6	8	7
Interval_49513	2	2	4	4	0	0	0	0	1
Interval_49549	5	7	5	10	26	26	16	16	18
Interval_49565	496	602	224	117	477	520	266	271	364
Interval_49569	18	29	10	6	22	11	6	8	10
Interval_49590	3	5	31	24	36	40	9	12	9
Interval_49603	2	13	42	24	48	46	11	11	8
Interval_49608	3	8	150	90	55	52	8	9	7
Interval_49643	288	375	148	108	259	328	164	145	225
Interval_49644	19	42	110	75	31	19	8	11	12
Interval_49661	124	166	14	8	35	24	7	9	8
Interval_49681	54	109	39	22	83	74	63	54	61
Interval_49764	2	4	6	4	61	63	21	23	24
Interval_49864	8	16	2	2	15	10	8	7	11
Interval_49884	314	408	85	56	191	202	90	99	202
Interval_49963	19	25	4	9	24	23	28	29	31
Interval_50000	3	4	124	61	9	4	0	0	0
Interval_50001	1	8	56	34	3	1	1	0	1
Interval_50060	6	4	123	49	53	38	12	9	7
Interval_50109	274	413	178	127	449	499	319	322	354
Interval_50136	0	0	14	5	2	2	0	0	0
Interval_50139	429	552	185	127	445	497	212	192	316
Interval_50154	10	11	0	1	3	0	0	1	2
Interval_50178	34	64	121	70	89	112	52	45	58
Interval_50185	6	5	204	151	213	197	35	41	61
Interval_50188	1	4	29	24	16	38	8	10	11
Interval_50235	74	93	59	29	125	100	43	53	52
Interval_50241	492	651	187	103	467	520	211	228	347
Interval_50272	123	194	21	8	12	17	12	8	8
Interval_50307	59	113	21	15	50	56	32	36	28
Interval_50308	14	35	11	10	20	14	9	9	9
Interval_50357	7	5	100	42	23	13	3	6	3
Interval_50390	46	77	5	6	137	109	26	26	28
Interval_50391	745	904	255	134	656	730	336	395	525
Interval_50400	6	8	12	15	23	46	76	81	118
Interval_50437	20	26	57	35	8	12	1	1	1
Interval_50462	11	18	107	61	5	2	4	1	4
Interval_50577	71	108	4	3	3	6	3	3	0
Interval_50607	555	824	267	175	538	567	256	286	390
Interval_50697	22	40	457	269	1061	1011	425	487	600
Interval_50698	3	2	101	60	8	9	1	1	0
Interval_50737	178	291	54	55	65	70	35	30	40
Interval_50776	2	24	37	16	6	9	3	0	2
Interval_50778	1	5	69	22	7	2	2	1	3
Interval_50790	1	9	57	38	4	4	1	0	1
Interval_50798	1047	1157	307	210	555	578	71	94	83
Interval_50808	4	8	119	63	51	65	5	7	3
Interval_50809	3	4	55	22	4	2	0	1	2
Interval_50834	18	21	84	60	64	55	16	9	20
Interval_50856	7	16	75	46	5	9	1	4	3
Interval_50858	5	16	108	62	92	98	13	14	23
Interval_50907	24	46	16	13	61	57	135	143	105
Interval_50927	29	27	103	72	133	118	54	52	92
Interval_50945	1	0	25	12	12	6	2	5	3
Interval_50974	1042	1432	323	192	881	987	594	689	830
Interval_50976	9	22	50	53	57	52	7	16	25
Interval_50977	374	535	196	125	528	605	222	236	287
Interval_51007	9	9	7	1	5	6	1	0	0
Interval_51021	35	45	7	7	17	21	22	21	15
Interval_51070	84	116	5	4	26	16	3	5	3
Interval_51083	172	277	78	46	195	217	99	90	113
Interval_51091	21	16	171	94	93	96	19	14	23
Interval_51132	18	29	8	3	7	12	7	9	13
Interval_51144	23	31	84	71	137	129	36	57	37
Interval_51166	6	4	2	0	8	12	31	23	19
Interval_51180	2	10	171	98	154	158	67	78	94
Interval_51191	438	629	149	86	322	420	242	271	292
Interval_51247	31	40	13	11	25	36	7	11	18
Interval_51269	26	46	9	4	12	6	5	6	7
Interval_51334	6	13	57	32	19	15	9	17	18
Interval_51364	93	129	8	4	11	14	6	6	1
Interval_51448	4	11	0	3	0	0	1	0	0
Interval_51464	793	1021	354	208	941	974	472	499	782
Interval_51555	8	16	77	40	89	71	25	23	47
Interval_51558	2	4	50	24	8	6	1	0	1
Interval_51584	79	106	0	3	1	4	0	0	2
Interval_51632	60	99	26	14	42	46	13	35	37
Interval_51682	48	52	22	22	64	74	26	35	56
Interval_51718	10	13	50	30	42	31	18	17	24
Interval_51738	5	12	66	62	70	61	5	3	6
Interval_51743	2	2	14	10	3	6	0	0	0
Interval_51748	36	51	79	56	35	50	5	10	9
Interval_51767	653	811	199	127	482	527	225	246	274
Interval_51790	16	29	8	10	18	14	8	16	10
Interval_51808	455	667	169	104	377	342	146	198	249
Interval_51811	8	15	91	54	30	32	6	1	6
Interval_51812	497	729	184	120	591	548	225	251	352
Interval_51860	104	125	25	22	239	195	111	123	130
Interval_51870	179	250	64	49	146	160	67	79	104
Interval_51881	447	491	198	134	571	599	285	274	375
Interval_51885	38	66	20	11	40	36	16	28	19
Interval_51973	588	803	298	177	453	495	324	353	512
Interval_51994	7	8	3	2	23	38	66	75	70
Interval_51995	35	42	6	7	82	90	124	131	218
Interval_52032	91	126	45	19	17	20	4	9	5
Interval_52146	179	205	162	107	402	355	116	126	163
Interval_52246	3	4	185	123	114	100	19	14	14
Interval_52264	83	134	19	20	10	10	3	0	0
Interval_52271	127	168	60	41	18	29	0	3	1
Interval_52301	450	530	116	62	172	159	14	21	24
Interval_52302	58	78	6	3	1	4	2	0	1
Interval_52305	632	851	173	94	195	176	32	46	45
Interval_52322	225	331	28	23	77	78	19	20	17
Interval_52328	91	123	3	2	7	5	0	1	0
Interval_52336	296	375	37	24	99	103	24	28	33
Interval_52344	8	12	161	121	52	25	9	6	8
Interval_52352	18	22	10	6	7	10	7	3	7
Interval_52404	63	67	39	23	56	64	35	42	47
Interval_52476	320	463	38	28	72	80	277	278	303
Interval_52501	13	19	8	5	19	10	14	13	7
Interval_52537	633	817	50	30	114	131	99	137	168
Interval_52566	8	12	35	28	13	16	0	2	4
Interval_52593	205	288	34	26	95	84	10	19	21
Interval_52598	7	11	99	53	92	78	43	51	34
Interval_52631	12	11	53	44	53	44	12	18	19
Interval_52636	146	195	143	95	232	182	23	32	37
Interval_52642	114	180	53	20	90	88	51	50	58
Interval_52648	38	73	46	23	24	25	1	0	8
Interval_52746	181	245	107	54	168	190	115	122	153
Interval_52769	21	23	29	16	83	99	107	98	128
Interval_52835	4	26	5	6	19	22	10	6	4
Interval_52853	14	25	5	5	5	7	2	1	0
Interval_52875	66	85	31	30	107	101	44	51	56
Interval_52906	4	4	20	10	0	2	1	0	1
Interval_52993	2	8	15	14	39	27	13	10	17
Interval_53041	73	97	20	16	15	19	2	3	3
Interval_53048	3	6	65	40	12	16	4	8	1
Interval_53100	11	9	38	23	4	11	0	3	3
Interval_53125	4	10	182	85	8	11	5	4	3
Interval_53133	115	153	419	251	968	899	453	526	644
Interval_53150	85	124	37	17	128	124	34	53	54
Interval_53163	11	19	3	3	38	41	62	79	59
Interval_53226	13	15	70	24	12	4	1	2	2
Interval_53261	1	5	1	0	2	10	9	11	19
Interval_53264	4	12	2	1	33	39	46	40	68
Interval_53318	47	61	16	12	41	42	30	20	21
Interval_53319	647	749	215	128	627	621	297	346	422
Interval_53386	28	70	154	72	41	33	10	9	8
Interval_53417	50	69	25	10	41	37	24	25	23
Interval_53423	760	975	251	149	652	729	368	389	536
Interval_53446	584	789	39	24	89	109	111	128	189
Interval_53488	13	11	0	3	32	47	172	159	233
Interval_53494	508	651	217	134	591	607	358	361	392
Interval_53500	98	105	7	3	19	19	3	4	5
Interval_53524	112	193	54	38	98	83	59	60	88
Interval_53525	20	34	3	7	12	13	5	8	8
Interval_53554	5	10	1	2	1	2	2	0	8
Interval_53558	57	124	206	146	182	176	57	56	78
Interval_53573	172	249	78	52	161	142	73	84	103
Interval_53654	17	24	12	7	16	17	9	7	8
Interval_53665	440	558	218	112	428	408	183	216	257
Interval_53705	114	164	75	34	103	120	51	45	58
Interval_53708	4	4	2	4	11	9	2	3	4
Interval_53712	6	8	59	38	34	27	13	10	9
Interval_53729	41	73	31	16	52	48	37	30	37
Interval_53733	428	608	226	148	595	584	299	311	399
Interval_53754	792	998	344	229	747	820	254	266	428
Interval_53773	6	2	2	2	2	1	1	2	2
Interval_53783	267	353	100	58	256	237	152	177	217
Interval_53848	114	204	78	42	90	136	53	61	73
Interval_53907	31	55	18	4	28	35	12	10	23
Interval_53979	667	892	235	130	613	609	291	361	477
Interval_53992	173	254	13	13	21	28	68	75	81
Interval_54016	45	49	21	8	32	43	10	14	18
Interval_54017	17	41	12	11	19	24	6	17	12
Interval_54025	31	42	129	73	65	45	8	14	20
Interval_54052	11	11	13	3	10	8	2	1	3
Interval_54112	13	38	15	21	16	23	4	2	8
Interval_54141	27	49	20	16	39	33	19	25	20
Interval_54160	7	10	95	62	36	24	5	9	7
Interval_54166	844	954	289	175	911	871	413	483	624
Interval_54252	7	14	100	58	38	47	43	48	32
Interval_54266	89	136	16	14	18	16	3	3	7
Interval_54314	6	15	51	27	19	19	12	15	14
Interval_54321	170	213	13	6	107	107	68	85	85
Interval_54337	12	9	58	27	38	41	61	53	73
Interval_54352	35	49	38	30	71	55	21	17	21
Interval_54389	492	668	251	142	635	718	237	274	374
Interval_54421	102	115	35	15	83	91	43	30	59
Interval_54431	26	41	19	9	32	51	18	20	24
Interval_54443	39	86	18	8	32	29	19	17	21
Interval_54459	364	459	112	97	292	315	141	159	207
Interval_54464	34	62	18	11	47	26	15	20	20
Interval_54483	79	109	30	13	38	32	14	11	15
Interval_54489	22	26	56	31	7	4	1	2	3
Interval_54503	2	10	4	0	1	3	1	2	0
Interval_54506	28	38	19	12	103	122	119	134	146
Interval_54613	78	95	26	14	50	80	31	29	54
Interval_54707	6	3	1	1	10	10	3	3	5
Interval_54739	168	213	28	15	79	63	8	6	6
Interval_54745	4	4	78	47	6	3	2	1	0
Interval_54769	451	546	210	137	551	548	211	208	290
Interval_54795	41	54	22	13	35	29	22	26	22
Interval_54814	144	209	1	5	9	12	3	5	5
Interval_54921	20	14	22	10	52	66	40	48	53
Interval_54922	59	89	201	109	632	619	336	390	427
Interval_54935	3	8	35	16	70	82	107	125	95
Interval_54952	485	557	189	119	536	582	292	317	398
Interval_54971	89	119	21	9	22	15	4	1	7
Interval_55004	668	879	264	195	728	766	414	443	662
Interval_55051	1122	1487	366	230	946	950	626	665	756
Interval_55058	439	670	286	168	497	500	252	247	325
Interval_55106	6	5	6	11	6	4	3	1	2
Interval_55116	640	872	239	169	770	737	381	391	507
Interval_55121	328	498	144	104	385	393	175	187	207
Interval_55127	235	340	110	71	293	278	142	152	172
Interval_55134	13	26	93	50	261	235	87	84	101
Interval_55209	12	24	8	8	6	6	4	3	5
Interval_55293	36	51	19	11	49	79	12	29	56
Interval_55299	138	234	474	320	1119	1094	575	687	904
Interval_55307	421	551	275	164	590	582	252	318	314
Interval_55443	246	345	163	86	248	285	147	133	148
Interval_55451	136	179	42	17	121	110	61	71	85
Interval_55463	5	2	87	60	130	85	63	61	55
Interval_55472	823	1048	256	175	660	703	380	400	552
Interval_55552	173	194	31	10	17	34	4	3	3
Interval_55590	20	32	28	19	31	23	6	7	6
Interval_55601	3	1	49	34	134	133	45	44	69
Interval_55604	2	2	22	9	26	28	34	52	41
Interval_55605	7	9	116	82	329	363	221	301	293
Interval_55618	84	161	232	153	684	686	284	318	348
Interval_55624	31	31	281	195	569	542	356	469	481
Interval_55627	12	10	219	125	728	721	285	292	384
Interval_55644	2	6	181	117	58	68	4	8	7
Interval_55661	18	35	247	162	505	451	79	94	121
Interval_55685	1	6	2	1	6	5	3	1	0
Interval_55775	100	143	18	11	19	24	6	4	9
Interval_55798	287	498	199	117	312	323	159	183	208
Interval_55828	41	57	27	16	42	53	29	21	31
Interval_55836	0	1	4	1	0	4	2	0	1
Interval_55844	1000	1250	345	179	807	793	411	405	555
Interval_55856	1289	1485	465	244	1209	1268	653	694	932
Interval_55863	3	0	3	0	1	4	0	0	3
Interval_55890	2	3	5	3	0	2	1	0	1
Interval_55898	0	4	89	51	46	34	2	2	2
Interval_55909	3	7	76	49	34	20	7	5	4
Interval_55917	11	16	63	54	59	48	8	9	20
Interval_55936	16	19	6	0	18	5	10	10	10
Interval_55940	35	55	19	17	43	38	34	23	29
Interval_55977	460	631	146	96	416	444	231	247	329
Interval_56027	87	121	48	34	51	90	52	57	58
Interval_56060	135	247	43	26	41	49	10	7	14
Interval_56088	271	410	157	103	1122	1181	887	936	1191
Interval_56112	2	6	40	23	18	18	2	6	4
Interval_56155	69	102	17	4	123	147	127	114	141
Interval_56176	63	92	24	17	70	71	24	42	31
Interval_56264	2	5	53	34	0	1	0	1	0
Interval_56302	681	859	264	152	509	575	339	394	516
Interval_56328	129	122	3	2	2	2	0	1	3
Interval_56329	445	607	48	24	32	39	10	13	14
Interval_56364	36	68	130	79	60	63	15	20	10
Interval_56466	22	30	8	2	16	13	5	13	7
Interval_56482	79	105	31	15	55	43	39	35	37
Interval_56504	287	427	208	122	551	555	164	165	258
Interval_56506	25	58	42	31	103	88	26	35	60
Interval_56542	87	142	44	21	72	60	46	37	46
Interval_56659	68	85	30	16	35	60	22	21	39
Interval_56690	8	14	1	1	3	2	1	0	1
Interval_56705	67	82	16	9	5	18	0	2	4
Interval_56759	65	114	7	1	6	3	4	2	1
Interval_56827	12	16	379	256	72	60	20	23	19
Interval_56854	13	24	122	60	62	86	35	18	39
Interval_56947	5	10	48	31	6	12	0	0	2
Interval_56975	9	10	5	20	13	5	0	1	3
Interval_56977	147	182	36	35	23	24	8	4	3
Interval_56991	15	28	14	12	47	50	19	19	23
Interval_57006	15	25	51	39	250	288	206	258	301
Interval_57040	976	1126	410	223	911	968	534	590	720
Interval_57048	324	533	110	59	257	294	140	179	200
Interval_57122	519	663	10	4	99	100	23	33	39
Interval_57144	26	31	5	5	20	31	15	10	8
Interval_57184	0	5	40	21	24	22	10	14	9
Interval_57192	491	654	195	103	397	371	224	209	290
Interval_57210	94	140	3	0	11	10	6	5	5
Interval_57231	14	11	18	9	165	150	114	120	142
Interval_57232	141	166	67	48	97	126	98	84	93
Interval_57235	24	24	7	2	9	10	14	7	15
Interval_57255	10	13	8	2	24	15	26	33	15
Interval_57304	98	143	21	17	19	20	4	7	8
Interval_57372	6	7	103	43	6	4	0	3	1
Interval_57407	7	9	170	113	123	142	132	134	155
Interval_57408	2	2	73	35	2	13	4	2	3
Interval_57410	48	68	17	10	30	47	24	25	32
Interval_57421	45	59	32	17	29	47	25	28	28
Interval_57423	13	17	58	49	15	26	6	16	11
Interval_57425	2	2	106	82	76	82	27	29	29
Interval_57427	3	5	141	65	29	22	5	11	4
Interval_57435	43	81	28	19	5	10	1	1	0
Interval_57491	23	45	12	4	19	17	9	15	22
Interval_57505	113	158	87	57	35	30	4	8	2
Interval_57529	47	75	6	3	8	10	2	5	0
Interval_57548	4	15	3	5	4	5	5	1	4
Interval_57560	1	6	2	2	50	30	44	62	64
Interval_57640	1	3	1	0	1	2	1	0	0
Interval_57649	216	411	98	62	193	237	142	148	178
Interval_57654	86	130	1	1	9	9	2	1	1
Interval_57662	182	279	86	41	193	227	90	114	145
Interval_57664	35	47	45	12	116	137	71	93	116
Interval_57716	39	59	36	22	22	26	1	1	4
Interval_57766	30	50	1	1	5	4	1	1	2
Interval_57787	17	31	7	2	16	11	8	7	3
Interval_57807	96	140	9	4	157	147	125	152	183
Interval_57820	135	190	12	4	20	26	4	13	13
Interval_57832	748	911	35	22	168	183	16	16	18
Interval_57835	7	17	108	59	218	220	75	66	104
Interval_57868	72	96	69	39	181	197	106	134	150
Interval_57933	10	19	15	7	208	216	278	332	360
Interval_57966	201	302	98	78	281	284	134	161	140
Interval_57975	7	10	290	227	651	630	125	127	167
Interval_58003	12	23	124	80	151	115	52	59	48
Interval_58010	5	11	421	240	707	638	64	116	106
Interval_58059	12	16	8	3	24	14	9	11	7
Interval_58079	46	51	16	4	187	176	272	251	376
Interval_58082	19	38	7	4	13	11	7	9	9
Interval_58116	5	19	148	77	123	118	45	44	48
Interval_58129	1005	1243	381	220	878	951	504	554	741
Interval_58138	17	18	49	20	9	10	2	0	2
Interval_58334	119	166	90	58	146	131	72	62	70
Interval_58382	32	53	83	35	49	64	11	13	8
Interval_58433	5	11	75	30	16	20	0	0	2
Interval_58481	8	6	46	21	3	2	0	2	2
Interval_58482	95	148	10	6	41	51	92	118	118
Interval_58499	1	6	140	85	20	26	6	4	4
Interval_58554	11	13	16	9	57	73	63	81	71
Interval_58623	475	734	343	216	714	756	228	316	355
Interval_58639	9	3	4	3	3	6	0	1	0
Interval_58643	10	17	60	31	36	45	12	12	14
Interval_58655	37	45	49	25	56	52	16	21	29
Interval_58656	14	24	8	7	18	15	3	8	10
Interval_58661	31	40	60	35	278	254	122	169	182
Interval_58770	0	4	30	25	79	65	5	13	29
Interval_58784	56	104	6	2	3	5	0	1	1
Interval_58806	77	99	2	1	2	0	0	0	0
Interval_58826	21	23	92	52	16	13	5	2	5
Interval_58836	104	95	74	39	63	54	6	10	19
Interval_58924	1392	1725	291	207	1044	1075	640	671	913
Interval_58953	17	24	93	44	92	79	7	20	13
Interval_58976	1	5	38	23	24	28	14	13	17
Interval_58987	9	4	69	65	91	61	24	14	16
Interval_59020	3	5	52	22	7	6	7	2	5
Interval_59059	8	4	63	27	26	23	7	9	16
Interval_59063	1	3	0	0	3	5	6	5	4
Interval_59074	3	1	4	1	0	0	1	3	1
Interval_59080	2	10	195	95	79	35	1	4	2
Interval_59114	6	3	81	53	16	10	2	3	2
Interval_59117	4	6	71	51	22	21	4	3	1
Interval_59120	5	7	95	49	2	7	0	1	1
Interval_59123	58	68	17	6	18	22	7	10	10
Interval_59128	182	245	9	13	32	27	2	10	9
Interval_59150	1	4	8	2	0	4	0	0	1
Interval_59158	2	13	70	41	10	8	0	1	4
Interval_59172	13	35	28	27	4	11	1	1	2
Interval_59215	40	75	16	29	19	13	8	7	8
Interval_59239	45	63	52	34	197	199	138	149	152
Interval_59253	266	358	17	9	21	13	9	6	7
Interval_59310	51	56	25	20	48	43	21	20	24
Interval_59322	29	30	18	12	26	34	8	8	8
Interval_59331	5	2	6	0	19	41	60	55	81
Interval_59336	135	163	67	43	210	225	114	131	129
Interval_59423	17	28	12	6	19	18	11	11	9
Interval_59454	385	472	205	170	498	480	248	230	318
Interval_59529	562	691	204	100	426	452	305	275	391
Interval_59557	7	16	47	19	14	8	4	1	4
Interval_59590	622	895	285	175	535	555	275	288	350
Interval_59617	22	50	19	4	28	39	18	20	20
Interval_59649	381	490	223	125	480	487	302	312	416
Interval_59686	27	20	8	9	15	27	9	6	14
Interval_59691	16	7	12	13	83	88	112	122	126
Interval_59706	14	27	15	5	13	22	9	8	11
Interval_59738	83	86	6	5	2	5	0	1	3
Interval_59754	82	149	35	25	77	69	39	40	32
Interval_59764	106	151	286	213	1163	1191	733	839	1054
Interval_59770	18	29	17	6	23	21	8	12	25
Interval_59781	5	11	49	18	33	26	3	2	3
Interval_59857	12	13	140	75	159	137	113	123	125
Interval_59860	2	3	12	6	2	2	1	0	1
Interval_59946	444	617	150	138	442	438	244	308	412
Interval_59969	145	177	8	5	31	24	45	24	42
Interval_60038	37	37	137	81	180	167	31	44	34
Interval_60078	26	33	20	10	23	25	18	8	19
Interval_60177	11	15	7	7	1	1	0	0	1
Interval_60181	0	6	53	33	41	50	9	19	22
Interval_60182	4	9	236	168	134	131	12	13	11
Interval_60209	3	6	90	41	73	89	21	27	25
Interval_60228	91	161	5	3	2	2	1	1	0
Interval_60253	1020	1188	110	59	310	298	79	69	119
Interval_60259	4	15	129	94	134	103	6	15	27
Interval_60318	1	1	113	60	33	17	4	3	1
Interval_60338	10	14	25	15	65	66	69	74	69
Interval_60339	38	93	28	18	40	31	23	21	34
Interval_60351	2	1	3	3	6	4	6	6	6
Interval_60452	1	2	7	3	1	0	0	0	0
Interval_60456	39	42	53	39	43	32	5	10	8
Interval_60479	33	39	16	8	32	35	16	17	17
Interval_60518	276	386	11	5	0	3	2	1	0
Interval_60545	23	31	10	5	20	24	5	9	11
Interval_60559	7	1	79	31	14	17	6	8	6
Interval_60578	4	7	2	1	3	1	1	1	1
Interval_60652	873	1150	278	190	716	763	407	478	592
Interval_60751	2	7	11	6	90	105	50	69	54
Interval_60752	0	2	0	1	15	14	3	2	2
Interval_60779	9	14	41	21	8	5	0	0	1
Interval_60838	147	154	54	30	96	112	29	29	23
Interval_60859	18	24	10	9	11	14	8	11	18
Interval_60864	5	10	12	6	6	6	0	1	1
Interval_60871	1	1	34	21	43	36	12	14	14
Interval_60888	10	8	72	47	103	83	20	23	24
Interval_60970	30	30	3	5	82	76	90	86	117
Interval_60975	10	17	138	103	279	258	70	69	115
Interval_60993	7	9	5	4	4	1	0	2	0
Interval_61010	13	10	9	5	73	83	161	157	207
Interval_61029	24	32	40	23	9	7	3	2	4
Interval_61057	129	159	7	2	9	6	3	5	4
Interval_61060	500	500	45	29	42	43	14	16	11
Interval_61104	34	44	9	8	5	7	4	2	1
Interval_61141	4	12	77	63	66	58	30	28	34
Interval_61204	6	8	106	63	146	127	30	38	44
Interval_61222	2	9	3	3	7	1	5	7	8
Interval_61244	830	1015	408	215	874	905	412	405	607
Interval_61257	316	452	142	104	334	349	141	178	187
Interval_61259	19	45	11	4	19	24	11	14	9
Interval_61279	1205	1661	395	256	869	885	454	499	645
Interval_61281	23	26	5	4	16	7	13	12	12
Interval_61348	72	77	5	5	10	4	1	0	0
Interval_61352	24	48	11	7	12	19	17	9	19
Interval_61353	4	8	44	15	41	53	14	8	9
Interval_61354	371	456	227	136	433	452	278	309	321
Interval_61358	485	562	91	49	260	226	31	41	69
Interval_61406	2	7	59	49	42	37	2	1	1
Interval_61442	787	920	356	214	1021	1076	465	491	919
Interval_61476	4	8	6	2	21	32	54	54	90
Interval_61542	80	113	21	23	24	23	1	4	7
Interval_61571	1	8	42	26	9	0	3	1	0
Interval_61599	1	2	109	60	6	2	0	2	1
Interval_61602	15	19	81	52	90	87	57	58	57
Interval_61614	2	2	33	24	20	18	4	8	6
Interval_61684	36	52	42	34	355	320	300	338	532
Interval_61775	142	187	21	6	13	14	7	7	11
Interval_61874	22	51	61	46	78	91	31	34	60
Interval_61876	78	81	2	2	10	10	1	0	2
Interval_61935	0	1	3	1	1	2	0	1	0
Interval_61990	3	3	55	34	2	8	1	0	0
Interval_62018	20	38	8	10	25	29	13	11	8
Interval_62081	103	145	25	11	79	66	37	39	37
Interval_62106	81	94	2	0	17	8	9	17	17
Interval_62244	287	362	159	92	365	348	198	216	308
Interval_62253	3	13	76	45	106	110	46	63	45
Interval_62259	134	215	61	40	76	113	67	69	84
Interval_62265	521	644	175	128	579	564	210	239	329
Interval_62301	102	152	11	13	57	63	39	43	67
Interval_62325	34	40	16	8	14	11	8	9	8
Interval_62395	320	456	151	87	322	361	139	159	207
Interval_62402	113	162	76	41	126	133	58	64	91
Interval_62408	1314	1753	449	291	1130	1116	664	757	899
Interval_62422	18	24	4	7	14	10	10	5	6
Interval_62441	90	124	48	32	87	84	38	34	51
Interval_62462	614	798	243	169	547	575	235	335	455
Interval_62483	71	109	24	9	155	162	169	181	165
Interval_62523	458	596	158	93	371	379	203	200	231
Interval_62579	424	700	185	116	361	398	210	239	296
Interval_62582	28	53	10	12	20	30	19	13	16
Interval_62588	343	512	126	75	273	277	157	187	200
Interval_62592	591	707	209	139	490	476	231	236	346
Interval_62679	213	317	169	103	317	329	154	182	220
Interval_62702	140	227	61	39	152	148	53	75	85
Interval_62735	795	1138	410	244	1042	1050	612	642	863
Interval_62740	541	778	203	138	511	513	236	255	349
Interval_62751	420	584	266	147	629	625	323	397	441
Interval_62762	18	22	17	15	103	119	98	97	116
Interval_62763	6	9	10	3	59	50	57	54	48
Interval_62768	610	722	161	134	439	500	250	256	342
Interval_62814	860	1155	384	235	995	1076	452	525	694
Interval_62817	26	41	46	28	12	7	0	1	2
Interval_62835	12	18	9	5	15	16	9	2	8
Interval_62851	1050	1283	317	204	906	988	475	558	707
Interval_62885	3	25	5	6	9	9	0	2	5
Interval_62892	109	188	53	35	107	117	58	76	96
Interval_62896	261	412	122	95	261	285	139	182	228
Interval_62939	582	871	201	135	484	502	223	223	282
Interval_62950	3	1	32	15	55	55	48	56	51
Interval_63048	666	1064	425	270	748	756	360	367	583
Interval_63057	2	6	18	2	34	33	45	44	66
Interval_63074	86	149	35	22	108	113	62	67	78
Interval_63170	104	150	7	1	10	5	0	3	4
Interval_63171	7	3	73	38	6	5	2	0	3
Interval_63223	29	38	21	8	160	221	212	202	264
Interval_63263	2	5	4	2	8	1	2	1	0
Interval_63335	63	90	1	1	3	1	2	1	4
Interval_63349	2	6	47	16	2	3	1	0	0
Interval_63372	368	481	135	102	278	342	172	161	271
Interval_63406	8	6	181	102	168	174	26	21	31
Interval_63427	3	3	118	73	7	8	0	3	3
Interval_63445	22	28	11	8	25	29	24	21	24
Interval_63464	3	6	173	123	154	136	26	56	46
Interval_63476	3	6	99	62	4	7	0	2	2
Interval_63500	7	13	53	35	139	124	51	49	56
Interval_63551	20	15	5	4	4	1	0	0	0
Interval_63614	18	37	328	185	527	555	436	464	539
Interval_63633	241	347	125	74	253	258	115	150	192
Interval_63640	3	4	37	32	8	9	3	2	2
Interval_63693	4	7	3	3	4	3	3	2	0
Interval_63719	25	38	23	15	39	48	14	15	24
Interval_63725	17	23	62	42	21	17	3	7	2
Interval_63752	6	10	1	2	1	4	1	2	1
Interval_63780	197	246	5	4	5	7	2	3	2
Interval_63802	211	276	48	29	41	44	13	13	22
Interval_63847	1708	2272	560	329	1448	1577	847	878	1191
Interval_63894	38	66	50	40	27	27	12	19	13
Interval_63924	21	20	98	52	88	72	10	16	19
Interval_63988	625	853	231	134	600	610	383	421	441
Interval_63989	72	96	265	168	194	185	75	75	77
Interval_64006	1	5	132	60	3	2	1	2	2
Interval_64024	24	38	11	5	22	24	9	3	13
Interval_64033	3	9	174	122	656	722	195	185	236
Interval_64064	3	5	58	40	2	5	0	4	0
Interval_64087	112	168	4	5	51	43	37	51	50
Interval_64111	57	118	171	104	255	259	25	34	37
Interval_64147	525	709	214	115	413	499	193	214	305
Interval_64156	241	319	6	8	61	73	13	14	10
Interval_64199	4	2	8	7	12	6	9	6	7
Interval_64209	61	98	6	5	66	56	34	39	40
Interval_64230	50	73	29	19	60	62	39	35	52
Interval_64246	91	97	17	21	56	70	27	32	40
Interval_64249	229	304	6	16	28	30	4	7	3
Interval_64272	9	33	108	63	20	16	0	3	1
Interval_64276	659	839	275	154	656	698	353	383	529
Interval_64291	2	1	91	42	6	0	0	3	1
Interval_64313	105	136	4	6	8	4	3	2	1
Interval_64337	13	18	8	6	18	13	8	9	10
Interval_64347	5	3	130	73	4	5	2	2	0
Interval_64386	7	10	103	90	33	45	5	5	7
Interval_64397	4	3	0	2	0	2	0	1	1
Interval_64444	381	561	246	149	498	573	210	275	356
Interval_64481	3	3	6	3	50	52	64	71	79
Interval_64534	989	1375	354	254	1093	1116	597	658	784
Interval_64571	11	9	190	114	341	322	51	58	76
Interval_64588	20	22	13	5	7	13	12	11	2
Interval_64592	21	38	5	10	10	15	8	10	8
Interval_64609	9	4	3	8	48	58	63	74	73
Interval_64664	12	15	9	6	24	25	61	68	75
Interval_64679	102	155	14	4	3	2	1	1	0
Interval_64690	103	107	85	42	41	47	3	2	3
Interval_64708	50	80	32	15	52	55	30	43	38
Interval_64709	67	83	35	17	82	82	36	48	90
Interval_64728	21	50	231	152	584	561	230	228	331
Interval_64753	78	127	168	104	187	156	113	114	116
Interval_64764	88	90	32	23	42	53	33	26	37
Interval_64786	1163	1550	395	254	1075	1108	517	578	751
Interval_64795	1492	2023	462	306	1197	1245	555	672	904
Interval_64806	58	96	14	9	4	5	2	2	1
Interval_64825	26	22	20	7	120	150	89	112	124
Interval_64838	1	4	78	56	70	55	1	6	0
Interval_64842	59	95	40	24	178	197	111	107	111
Interval_64864	34	86	48	34	68	95	37	52	57
Interval_64887	433	556	137	84	306	381	188	201	251
Interval_65042	76	114	29	22	53	63	35	27	46
Interval_65043	229	355	91	57	228	235	127	163	242
Interval_65045	46	83	34	18	50	55	23	28	24
Interval_65106	114	173	9	7	7	12	4	8	6
Interval_65119	9	7	0	2	5	6	3	1	3
Interval_65127	609	637	27	21	121	126	51	43	73
Interval_65131	17	13	16	15	100	103	137	157	196
Interval_65140	128	175	9	7	3	6	6	3	4
Interval_65160	718	963	234	144	606	679	358	395	497
Interval_65179	15	40	12	5	12	9	5	4	14
Interval_65185	148	193	133	95	211	185	27	19	47
Interval_65207	4	2	0	1	4	2	1	0	4
Interval_65223	491	621	176	115	414	409	255	279	390
Interval_65227	207	309	117	75	164	164	80	96	125
Interval_65237	923	1204	327	207	843	861	418	412	534
Interval_65270	14	20	3	7	63	51	227	267	425
Interval_65274	5	9	8	4	41	69	258	242	427
Interval_65308	1	8	57	37	12	6	4	2	1
Interval_65310	453	617	217	138	419	422	194	192	242
Interval_65336	15	28	32	26	39	20	11	16	20
Interval_65358	316	394	8	11	17	13	7	5	12
Interval_65381	68	83	20	8	22	28	12	15	18
Interval_65399	97	133	19	10	20	35	4	3	6
Interval_65460	19	18	230	155	73	70	8	11	13
Interval_65480	1125	1556	483	293	1260	1236	617	661	951
Interval_65482	11	15	8	6	19	12	11	9	7
Interval_65491	58	98	8	8	12	10	1	3	1
Interval_65499	4	8	32	27	155	165	43	47	81
Interval_65500	3	4	55	37	63	57	9	12	7
Interval_65501	7	12	55	40	64	80	8	15	23
Interval_65515	7	7	84	36	85	82	11	12	9
Interval_65547	20	35	116	72	99	81	28	37	47
Interval_65576	269	383	16	16	37	29	10	7	25
Interval_65600	9	13	2	3	4	3	2	1	3
Interval_65662	2	2	36	19	16	11	1	5	6
Interval_65692	285	359	67	42	67	67	2	8	12
Interval_65751	81	109	85	51	490	545	347	353	414
Interval_65758	5	8	2	1	2	4	2	0	6
Interval_65771	9	8	224	122	327	270	26	19	25
Interval_65776	124	157	100	65	49	48	7	12	12
Interval_65791	69	141	23	15	80	82	61	54	87
Interval_65809	20	27	5	3	7	3	0	1	1
Interval_65821	987	1224	76	58	607	654	399	439	582
Interval_65823	657	853	327	203	897	921	458	439	654
Interval_65833	199	248	51	30	7	4	0	2	2
Interval_65842	692	995	228	142	508	551	234	269	338
Interval_65910	277	495	134	93	272	290	51	53	58
Interval_65961	76	99	8	6	7	6	5	2	2
Interval_65963	3	1	5	2	0	1	1	0	1
Interval_66123	584	753	190	134	653	561	289	302	351
Interval_66160	100	168	14	11	16	13	4	4	3
Interval_66168	3	4	53	26	14	17	2	6	6
Interval_66194	14	32	84	60	65	57	8	8	12
Interval_66250	15	36	117	65	89	86	12	8	17
Interval_66268	3	5	44	27	76	59	13	15	11
Interval_66306	12	28	104	75	17	16	2	3	1
Interval_66459	10	11	3	12	15	24	6	8	11
Interval_66492	242	299	65	28	203	201	16	19	22
Interval_66498	2	1	49	29	51	55	8	7	4
Interval_66510	56	80	319	193	760	713	263	305	420
Interval_66511	4	13	78	46	28	35	5	9	16
Interval_66538	10	13	48	28	6	4	4	3	1
Interval_66539	52	52	7	2	6	11	2	1	6
Interval_66547	6	9	68	36	71	67	31	22	20
Interval_66565	137	176	368	245	289	234	64	88	88
Interval_66596	50	55	11	8	18	29	16	25	17
Interval_66601	113	147	95	61	27	22	6	5	5
Interval_66613	71	101	32	14	73	82	47	47	68
Interval_66675	9	11	7	3	5	9	4	4	6
Interval_66678	3	12	196	119	68	51	24	18	16
Interval_66703	31	34	96	65	102	91	5	7	5
Interval_66706	45	72	363	187	389	342	38	44	60
Interval_66709	3	4	41	30	4	4	0	2	1
Interval_66738	12	10	73	39	12	18	5	5	3
Interval_66761	29	42	16	11	26	19	11	21	16
Interval_66782	16	22	1	2	2	1	1	3	2
Interval_66784	18	21	7	0	20	28	21	33	26
Interval_66815	19	27	75	46	24	32	7	8	7
Interval_66990	0	1	43	44	8	1	1	0	0
Interval_66991	3	5	139	81	19	20	14	11	8
Interval_67070	123	130	5	1	3	6	3	2	4
Interval_67078	577	728	63	42	122	128	32	41	42
Interval_67181	2	5	87	43	3	0	0	1	1
Interval_67188	9	14	50	26	7	13	2	7	6
Interval_67217	9	20	81	58	69	63	15	14	15
Interval_67305	39	53	16	10	18	22	7	8	8
Interval_67311	25	35	3	2	73	73	80	98	87
Interval_67341	0	6	6	1	12	15	7	7	4
Interval_67345	62	115	38	24	113	119	43	52	55
Interval_67373	534	788	177	124	451	470	236	265	360
Interval_67443	3	4	69	45	5	1	0	0	0
Interval_67461	19	19	70	37	73	64	15	16	16
Interval_67486	45	51	29	15	54	40	11	8	7
Interval_67487	334	394	145	78	263	283	106	117	143
Interval_67530	91	149	48	28	86	79	47	50	47
Interval_67546	21	28	8	5	23	20	23	26	23
Interval_67577	116	171	46	29	79	98	27	61	54
Interval_67585	8	16	11	5	25	30	2	2	4
Interval_67608	81	149	7	9	5	10	3	2	1
Interval_67677	9	9	82	45	70	57	20	23	33
Interval_67683	13	14	62	38	36	42	32	28	27
Interval_67704	525	676	174	111	355	352	38	42	70
Interval_67718	548	815	228	131	541	530	234	261	329
Interval_67737	3	6	1	2	9	4	5	4	3
Interval_67767	123	171	3	1	4	4	0	3	0
Interval_67777	38	61	16	7	32	30	9	17	17
Interval_67805	6	1	2	2	2	0	0	0	0
Interval_67864	17	23	26	16	455	441	294	354	383
Interval_67871	21	57	260	190	328	263	108	96	123
Interval_67897	89	137	48	22	74	86	46	45	47
Interval_67898	63	87	30	9	54	30	24	25	29
Interval_67911	117	164	9	3	27	21	17	19	27
Interval_68011	2	1	42	39	10	8	4	1	5
Interval_68015	1752	1939	560	326	1556	1635	877	904	1236
Interval_68040	5	4	10	11	11	12	1	3	2
Interval_68053	614	829	232	113	504	531	244	242	317
Interval_68095	38	45	10	8	38	26	15	30	22
Interval_68114	17	21	49	23	28	26	3	3	2
Interval_68126	12	22	65	44	19	23	11	6	6
Interval_68156	40	59	12	17	39	44	8	22	23
Interval_68233	967	1238	351	216	906	931	513	501	723
Interval_68244	187	319	123	67	173	211	83	69	126
Interval_68251	1022	1395	352	223	806	850	497	458	663
Interval_68288	365	507	122	74	310	322	196	214	240
Interval_68292	731	1006	334	219	965	1048	643	678	823
Interval_68337	11	22	7	2	14	17	4	10	6
Interval_68361	699	857	291	193	644	635	308	348	473
Interval_68378	2	1	93	41	56	73	40	37	29
Interval_68383	215	249	82	46	44	43	12	12	10
Interval_68398	1	11	48	39	18	17	2	4	6
Interval_68424	65	101	30	17	10	20	1	3	1
Interval_68426	65	113	47	27	19	15	8	3	1
Interval_68463	109	123	12	9	8	12	4	2	3
Interval_68519	328	439	127	74	282	351	126	138	220
Interval_68529	313	469	197	121	475	427	127	179	233
Interval_68537	19	27	141	85	42	47	6	6	6
Interval_68551	2	1	120	68	30	14	4	3	4
Interval_68554	20	40	119	71	94	72	15	21	10
Interval_68605	17	32	18	6	24	21	10	16	11
Interval_68652	33	32	25	11	33	31	15	22	17
Interval_68658	1	3	4	2	11	15	72	57	66
Interval_68669	1	1	9	4	1	0	1	0	0
Interval_68677	23	35	11	3	107	144	131	133	175
Interval_68678	50	91	19	11	30	45	17	21	35
Interval_68722	416	624	198	110	391	411	153	180	177
Interval_68888	98	139	23	12	32	40	15	17	18
Interval_68967	2	0	6	3	0	4	1	2	0
Interval_68969	25	34	170	71	368	373	130	99	116
Interval_68984	5	15	60	27	29	20	4	9	14
Interval_69005	5	14	37	18	97	80	38	48	61
Interval_69020	3	13	8	8	72	65	79	76	74
Interval_69131	12	13	34	15	10	6	1	0	1
Interval_69146	12	23	34	25	13	8	0	0	1
Interval_69181	94	136	8	4	9	5	1	1	0
Interval_69186	17	22	5	3	10	17	11	10	12
Interval_69191	98	113	284	168	573	643	199	235	278
Interval_69214	2	2	29	23	21	17	13	14	12
Interval_69221	57	100	44	38	31	23	3	6	5
Interval_69233	21	18	171	110	44	40	10	3	6
Interval_69239	4	3	99	46	13	20	2	5	6
Interval_69276	731	996	387	212	1128	1032	385	453	678
Interval_69308	78	106	46	36	85	93	50	48	51
Interval_69373	3	4	133	84	101	78	12	8	7
Interval_69398	347	455	63	53	96	88	33	53	44
Interval_69408	688	942	71	45	59	83	18	29	27
Interval_69414	144	179	20	13	10	11	1	4	1
Interval_69424	37	26	121	79	39	47	3	3	9
Interval_69464	24	32	7	6	10	12	4	5	5
Interval_69476	51	87	20	13	119	123	163	147	170
Interval_69509	644	866	277	159	607	658	260	306	410
Interval_69523	102	147	28	20	21	27	9	6	2
Interval_69558	282	318	168	81	346	369	153	159	277
Interval_69590	6	11	35	26	18	11	3	1	3
Interval_69627	17	35	15	9	8	8	1	2	3
Interval_69645	417	603	143	84	305	331	148	172	199
Interval_69650	141	210	58	47	135	139	92	112	120
Interval_69683	13	15	136	91	16	12	1	0	6
Interval_69690	371	477	210	145	574	652	312	290	415
Interval_69715	46	71	19	15	16	19	15	18	19
Interval_69727	4	7	16	7	85	105	113	113	138
Interval_69741	464	632	149	106	385	459	226	235	302
Interval_69751	0	5	41	34	21	22	4	1	1
Interval_69806	11	6	117	70	73	55	11	8	13
Interval_69815	96	120	1	0	3	3	0	1	1
Interval_69829	14	18	2	2	6	10	2	5	3
Interval_69834	14	25	89	51	13	9	1	3	3
Interval_69839	541	711	223	134	506	558	266	273	362
Interval_69847	23	33	203	114	602	641	318	358	466
Interval_69862	394	560	174	130	383	379	183	181	211
Interval_69870	7	7	74	42	21	13	2	2	1
Interval_69901	114	192	211	126	502	464	304	335	308
Interval_69962	56	70	146	102	60	51	4	16	11
Interval_69968	64	73	229	150	82	71	7	15	9
Interval_69989	271	328	11	5	39	54	15	30	33
Interval_70015	833	1072	294	150	776	847	330	375	535
Interval_70041	8	12	122	57	17	14	1	4	5
Interval_70092	340	395	25	20	57	59	18	15	14
Interval_70130	53	89	4	2	3	5	0	1	0
Interval_70152	130	152	17	6	20	29	5	0	2
Interval_70203	694	848	215	152	683	677	277	258	393
Interval_70210	165	261	87	47	132	140	57	69	128
Interval_70218	15	12	4	2	86	97	132	166	158
Interval_70245	30	68	20	11	37	39	22	19	30
Interval_70259	57	98	36	15	46	53	27	24	30
Interval_70310	5	4	4	3	5	3	1	0	1
Interval_70349	90	114	13	6	11	12	4	2	2
Interval_70350	31	51	48	39	302	259	125	142	176
Interval_70353	409	471	120	84	361	355	97	115	177
Interval_70363	33	50	19	10	15	13	7	3	10
Interval_70440	2	7	48	29	3	9	1	1	1
Interval_70447	7	4	77	52	12	5	0	1	0
Interval_70479	8	12	22	15	130	130	66	46	54
Interval_70498	11	15	28	15	73	89	88	79	65
Interval_70504	11	15	59	28	279	265	124	139	169
Interval_70512	202	264	102	57	270	270	145	190	212
Interval_70581	4	3	94	43	14	10	0	1	0
Interval_70591	6	11	75	50	109	99	35	39	52
Interval_70610	2	8	1	2	9	6	5	5	12
Interval_70692	55	55	183	101	254	272	191	181	166
Interval_70703	2	3	164	86	36	31	2	3	0
Interval_70820	27	40	179	117	257	250	59	65	134
Interval_70833	13	17	34	19	126	145	94	124	119
Interval_70850	47	53	17	18	52	46	41	54	29
Interval_70856	455	731	174	99	362	465	203	225	273
Interval_70873	635	836	301	185	757	766	530	603	747
Interval_70891	44	74	32	15	69	64	26	34	34
Interval_70905	1393	1727	574	364	1664	1645	869	945	1220
Interval_70940	1	2	10	3	6	3	0	1	0
Interval_70958	26	25	0	0	2	2	0	0	0
Interval_70998	797	963	316	198	610	662	335	339	464
Interval_71013	479	742	237	130	511	531	186	216	405
Interval_71046	1	3	5	3	2	2	0	0	0
Interval_71062	5	3	34	25	13	11	2	2	7
Interval_71086	57	107	44	29	17	13	3	10	9
Interval_71096	44	53	87	66	67	59	10	9	15
Interval_71099	201	315	78	54	159	161	48	73	110
Interval_71167	160	251	52	30	116	120	62	71	83
Interval_71208	3	4	72	35	36	31	23	19	18
Interval_71255	1	1	51	39	6	5	1	2	0
Interval_71286	24	50	190	102	250	240	95	99	93
Interval_71317	4	4	333	184	84	77	7	2	4
Interval_71345	22	35	58	40	138	129	122	117	159
Interval_71354	33	62	251	169	489	500	317	365	419
Interval_71355	3	1	143	85	21	26	2	2	1
Interval_71433	149	209	76	43	101	114	76	70	83
Interval_71460	12	28	4	6	12	16	7	9	7
Interval_71485	2	0	62	31	13	15	3	3	4
Interval_71488	4	9	75	42	6	5	1	0	1
Interval_71574	19	38	31	14	11	7	1	3	2
Interval_71598	67	77	21	14	52	50	30	27	30
Interval_71659	2	2	3	0	3	4	10	11	8
Interval_71779	256	325	32	26	40	51	19	21	23
Interval_71792	1108	1364	159	89	632	782	301	354	455
Interval_71804	1	3	5	2	3	7	0	0	1
Interval_71813	158	186	2	4	2	2	0	0	1
Interval_71816	182	236	1	2	2	2	1	0	1
Interval_71830	810	1047	294	156	727	776	416	424	562
Interval_71873	0	6	23	16	59	61	25	30	15
Interval_71922	496	708	200	123	359	428	229	256	311
Interval_71989	1052	1329	397	261	1001	1024	474	583	658
Interval_71998	16	10	10	1	13	10	3	4	7
Interval_72001	466	683	194	131	441	437	160	242	335
Interval_72036	25	38	17	8	21	27	17	16	17
Interval_72054	244	379	104	61	264	272	138	142	179
Interval_72076	4	8	263	121	155	111	53	65	56
Interval_72119	16	20	3	5	16	23	26	29	35
Interval_72121	488	741	200	121	480	537	238	261	371
Interval_72125	2	2	111	72	44	31	1	3	4
Interval_72127	643	859	222	164	585	640	313	330	438
Interval_72177	3	7	88	60	51	31	37	43	42
Interval_72178	0	5	41	19	11	12	19	20	9
Interval_72184	2	4	43	31	10	5	0	3	1
Interval_72188	18	27	10	7	17	10	6	4	5
Interval_72201	18	15	177	118	60	44	2	4	11
Interval_72226	19	32	145	94	52	47	9	6	8
Interval_72230	45	94	9	5	16	19	14	17	14
Interval_72241	109	157	63	34	61	53	16	14	13
Interval_72291	3	7	4	1	5	3	3	3	2
Interval_72350	582	773	240	142	452	456	256	243	334
Interval_72367	72	95	61	26	27	19	5	5	6
Interval_72376	514	720	186	97	404	440	268	266	253
Interval_72381	3	0	156	91	8	7	3	3	2
Interval_72431	161	194	38	28	49	42	10	9	16
Interval_72437	19	24	13	4	11	12	10	13	18
Interval_72446	310	392	122	90	327	299	150	210	276
Interval_72448	52	56	56	30	265	269	187	220	316
Interval_72494	61	113	17	26	46	55	25	22	36
Interval_72507	351	523	143	106	389	342	228	225	271
Interval_72527	89	115	105	68	379	336	256	288	452
Interval_72535	143	200	404	218	643	591	305	275	509
Interval_72547	16	22	9	5	14	18	7	6	8
Interval_72552	8	24	62	33	62	55	13	23	18
Interval_72589	15	30	11	4	12	19	4	5	5
Interval_72595	118	182	101	66	40	49	11	9	8
Interval_72607	860	1038	71	50	186	220	38	48	58
Interval_72642	16	21	16	14	18	8	3	2	2
Interval_72651	164	227	37	21	25	22	6	6	5
Interval_72707	3	7	29	25	35	25	10	10	18
Interval_72709	10	15	16	15	64	55	55	65	87
Interval_72714	3	12	280	176	297	282	51	51	85
Interval_72728	1	1	18	15	26	14	4	7	5
Interval_72738	9	13	69	40	69	72	4	5	13
Interval_72760	2	3	9	7	11	13	11	5	7
Interval_72787	18	29	17	11	11	14	3	8	10
Interval_72788	332	439	138	101	367	351	140	143	197
Interval_72789	18	27	8	5	12	21	4	2	11
Interval_72845	19	18	67	31	23	25	3	12	7
Interval_72894	11	25	7	8	13	13	7	10	9
Interval_73050	119	167	6	5	7	5	6	6	5
Interval_73055	4	11	60	33	5	3	2	2	2
Interval_73060	337	477	108	61	280	277	99	94	207
Interval_73069	469	676	201	139	563	543	213	255	330
Interval_73085	2	1	37	26	14	7	2	3	0
Interval_73115	28	21	106	57	110	107	16	34	19
Interval_73125	153	204	58	36	137	163	73	92	97
Interval_73146	2	6	5	4	5	3	0	3	0
Interval_73148	1	4	2	1	1	1	1	1	0
Interval_73163	6	2	59	29	10	8	0	3	4
Interval_73190	6	2	2	1	0	4	1	1	1
Interval_73193	4	4	13	4	10	12	2	0	0
Interval_73215	2	5	1	2	1	4	1	4	1
Interval_73218	3	3	89	59	5	5	1	1	2
Interval_73238	932	1101	357	217	755	801	440	450	592
Interval_73239	12	25	7	9	4	2	2	2	0
Interval_73241	6	7	221	123	30	13	4	2	3
Interval_73275	47	73	27	17	31	55	26	29	49
Interval_73283	29	39	29	25	124	105	101	122	151
Interval_73292	44	56	22	8	37	35	16	18	23
Interval_73310	17	31	438	273	492	496	232	287	315
Interval_73334	568	801	312	200	623	619	323	337	450
Interval_73350	9	8	118	93	267	264	255	295	340
Interval_73367	5	2	5	1	6	3	10	12	6
Interval_73389	13	10	81	34	15	20	5	7	7
Interval_73424	60	85	205	106	153	162	32	39	49
Interval_73461	4	10	112	73	136	112	65	62	72
Interval_73506	2	9	7	7	5	1	0	0	2
Interval_73603	12	22	15	7	68	74	111	112	130
Interval_73642	18	23	44	41	27	41	5	10	13
Interval_73669	77	87	131	94	166	193	13	25	24
Interval_73707	892	1254	328	193	694	790	378	394	503
Interval_73717	12	16	9	4	19	30	9	9	4
Interval_73735	2	7	5	3	13	21	5	10	5
Interval_73768	8	9	124	69	54	40	31	31	36
Interval_73774	10	27	4	1	0	1	4	0	2
Interval_73794	55	81	105	56	72	48	13	18	9
Interval_73819	553	810	181	107	486	469	269	320	321
Interval_73858	73	98	262	145	300	243	231	203	252
Interval_73979	34	37	12	6	21	22	9	12	16
Interval_74032	121	156	43	25	117	115	65	43	63
Interval_74051	11	23	6	6	13	13	7	7	7
Interval_74057	629	808	206	140	602	619	259	307	438
Interval_74097	49	51	83	52	49	58	16	12	11
Interval_74102	29	28	9	8	27	33	16	20	21
Interval_74213	1	2	8	2	2	2	0	0	1
Interval_74224	4	6	7	5	9	10	1	4	2
Interval_74230	306	499	232	132	453	547	233	259	400
Interval_74267	76	98	11	7	20	18	11	16	21
Interval_74284	4	3	1	0	1	0	4	2	1
Interval_74307	545	804	198	110	404	455	236	265	327
Interval_74352	16	34	107	58	87	85	13	12	25
Interval_74372	1	9	108	61	7	6	1	1	2
Interval_74379	28	51	46	23	26	13	2	3	7
Interval_74392	71	99	11	9	9	16	4	2	0
Interval_74415	6	12	240	171	160	142	57	69	77
Interval_74430	75	87	18	9	48	46	13	20	23
Interval_74482	66	73	3	2	4	4	0	0	1
Interval_74490	7	5	9	6	6	4	0	1	0
Interval_74504	6	10	123	87	26	21	7	9	3
Interval_74524	27	23	132	65	42	49	13	15	16
Interval_74565	116	210	15	5	23	20	6	13	10
Interval_74598	1	4	12	8	118	109	62	79	67
Interval_74630	9	22	10	9	12	16	4	1	5
Interval_74637	1132	1426	370	249	1033	1155	582	670	843
Interval_74638	6	14	27	18	110	141	64	80	71
Interval_74714	236	276	37	16	74	63	9	16	22
Interval_74744	1	2	85	67	26	20	2	2	0
Interval_74761	104	164	50	40	83	114	35	38	74
Interval_74782	443	614	157	135	438	470	193	215	297
Interval_74789	1219	1539	422	261	1067	1181	594	641	867
Interval_74809	759	1082	297	153	612	682	361	406	521
Interval_74872	3	2	1	1	3	1	0	2	0
Interval_74887	14	32	12	5	13	15	11	11	7
Interval_74890	2	6	16	8	102	94	66	66	87
Interval_74963	23	24	8	2	18	9	3	6	8
Interval_74971	36	46	53	38	10	8	4	4	10
Interval_75000	12	8	101	58	72	55	13	4	8
Interval_75043	87	120	36	23	69	71	35	38	39
Interval_75055	1086	1278	96	56	876	899	715	786	936
Interval_75071	61	102	11	9	50	36	14	15	26
Interval_75081	896	1073	49	36	659	729	348	453	511
Interval_75091	1	3	43	21	51	35	37	30	38
Interval_75095	13	14	15	8	126	136	100	119	104
Interval_75107	437	604	193	102	433	454	185	227	290
Interval_75122	3	10	49	37	14	16	1	3	5
Interval_75123	9	3	125	91	27	22	2	6	4
Interval_75127	7	12	54	34	15	11	9	10	8
Interval_75154	38	58	91	71	29	14	4	3	6
Interval_75155	509	760	258	187	501	547	256	268	334
Interval_75186	10	18	59	34	65	30	14	24	29
Interval_75189	4	14	65	45	42	49	15	15	13
Interval_75227	26	56	14	20	33	31	22	24	24
Interval_75236	782	1022	333	181	825	891	375	420	564
Interval_75247	637	792	251	175	628	637	281	311	383
Interval_75255	197	303	139	80	343	280	132	155	207
Interval_75260	8	6	7	3	12	9	7	5	7
Interval_75274	312	508	184	114	455	502	267	287	372
Interval_75299	14	22	9	5	13	12	2	8	13
Interval_75322	9	11	175	113	162	178	102	103	121
Interval_75339	10	24	10	8	6	12	8	9	11
Interval_75349	75	102	21	21	74	73	39	37	48
Interval_75386	10	20	19	10	12	19	3	2	1
Interval_75400	33	43	15	9	26	35	8	8	14
Interval_75436	45	70	190	147	125	120	31	35	50
Interval_75489	94	96	1	6	0	2	0	0	0
Interval_75508	17	18	2	2	2	6	1	0	1
Interval_75509	84	135	8	10	17	15	5	6	3
Interval_75520	504	687	5	2	6	6	2	2	2
Interval_75541	81	164	30	30	76	101	71	69	81
Interval_75542	70	101	30	21	65	68	36	38	28
Interval_75601	41	37	13	5	15	21	9	5	13
Interval_75607	32	80	13	18	27	53	12	14	37
Interval_75633	720	1059	235	124	535	613	361	348	517
Interval_75677	195	248	49	28	71	70	28	31	50
Interval_75700	363	494	165	77	372	381	202	182	259
Interval_75767	91	110	5	3	7	9	1	0	0
Interval_75811	34	33	60	31	86	79	54	41	58
Interval_75833	560	812	196	147	462	575	230	264	383
Interval_75862	7	23	161	86	95	90	19	20	22
Interval_75866	29	52	44	32	34	38	3	5	6
Interval_75903	110	192	39	36	82	86	60	54	78
Interval_75905	123	138	41	21	90	82	51	54	51
Interval_75979	0	1	6	4	1	1	0	1	1
Interval_76042	130	176	345	206	658	655	419	461	559
Interval_76071	17	36	93	50	32	43	11	14	7
Interval_76080	2	4	7	2	4	5	0	3	1
Interval_76119	607	700	208	128	588	555	299	308	438
Interval_76122	284	402	127	71	399	428	179	221	269
Interval_76141	81	113	107	70	471	543	510	573	607
Interval_76143	12	21	15	6	19	27	11	20	11
Interval_76148	1295	1604	390	278	1171	1256	600	656	848
Interval_76155	9	15	39	24	7	5	3	3	3
Interval_76170	381	556	136	79	285	298	136	180	207
Interval_76183	9	11	155	128	370	313	67	104	77
Interval_76198	3	5	6	3	4	3	0	2	2
Interval_76232	254	347	73	48	53	34	6	13	13
Interval_76238	3	5	254	161	32	24	2	1	4
Interval_76255	96	111	29	19	30	21	14	15	17
Interval_76296	22	28	4	2	4	8	5	2	1
Interval_76305	29	48	35	25	5	3	1	0	0
Interval_76316	16	15	7	4	6	20	5	5	3
Interval_76363	374	522	117	81	339	329	142	165	197
Interval_76373	38	65	6	3	46	52	89	115	103
Interval_76388	489	765	299	199	675	681	212	287	343
Interval_76400	20	19	90	59	8	8	1	3	1
Interval_76513	10	11	50	45	7	8	4	5	2
Interval_76519	5	14	1	1	3	4	2	1	3
Interval_76589	2	7	4	1	10	18	47	47	51
Interval_76594	12	24	18	3	10	16	3	10	2
Interval_76690	116	134	77	45	112	120	80	83	71
Interval_76698	116	173	7	2	32	50	34	37	40
Interval_76728	922	1176	345	253	902	882	491	505	668
Interval_76746	95	137	37	28	65	76	43	54	77
Interval_76814	90	127	10	2	6	2	0	2	1
Interval_76833	36	56	92	56	37	49	4	8	10
Interval_76876	568	755	208	128	472	523	214	274	362
Interval_76883	242	354	168	103	214	226	113	131	169
Interval_76891	16	26	4	2	0	2	2	0	0
Interval_77007	38	72	16	16	42	55	47	34	35
Interval_77024	3	9	50	20	6	4	1	3	0
Interval_77066	11	6	7	5	9	14	6	6	3
Interval_77073	3	8	46	19	25	26	8	14	14
Interval_77083	4	4	40	21	22	18	0	1	2
Interval_77095	32	52	174	83	116	119	23	28	31
Interval_77104	68	107	231	165	326	321	148	148	157
Interval_77131	2	3	15	5	0	4	0	1	0
Interval_77149	483	609	40	21	92	105	32	54	62
Interval_77174	3	4	41	32	11	6	1	1	1
Interval_77246	61	102	49	24	99	96	32	40	67
Interval_77263	10	7	83	52	44	36	3	1	1
Interval_77296	72	103	44	40	93	81	54	54	57
Interval_77442	249	361	99	52	327	373	194	208	236
Interval_77483	82	112	49	28	138	113	44	51	49
Interval_77504	170	220	17	17	36	45	10	7	16
Interval_77521	71	95	27	18	52	74	22	36	43
Interval_77557	3	3	34	24	14	9	8	5	9
Interval_77646	66	65	121	62	241	273	194	235	278
Interval_77662	29	45	16	8	13	20	14	14	11
Interval_77663	297	464	126	84	242	253	150	137	203
Interval_77740	2	4	41	32	28	28	2	1	5
Interval_77741	5	3	31	22	9	13	8	6	6
Interval_77747	106	146	72	46	25	19	3	6	2
Interval_77778	50	72	7	4	6	8	3	5	4
Interval_77780	29	45	35	24	170	167	121	151	187
Interval_77788	3	6	132	79	229	230	84	82	104
Interval_77832	218	348	65	43	180	183	92	92	123
Interval_77862	108	127	56	22	115	125	45	45	65
Interval_77904	40	44	147	114	154	143	29	24	38
Interval_77994	9	12	47	30	12	24	3	4	7
Interval_77996	12	17	41	15	7	1	1	1	4
Interval_78005	1	6	32	24	20	35	21	21	11
Interval_78035	11	20	248	162	455	431	319	311	423
Interval_78047	23	40	51	30	213	219	180	209	252
Interval_78052	2	1	3	0	3	0	0	0	0
Interval_78072	5	10	150	83	3	3	2	1	0
Interval_78083	249	418	119	80	215	240	106	111	173
Interval_78113	98	132	14	13	19	16	5	0	7
Interval_78124	100	121	2	0	6	4	3	3	5
Interval_78138	1	2	84	44	0	4	0	2	1
Interval_78161	37	44	20	10	32	32	14	18	23
Interval_78198	833	971	100	69	490	541	315	334	385
Interval_78264	7	2	102	50	10	6	4	0	1
Interval_78269	4	10	2	1	7	6	0	3	5
Interval_78347	18	38	92	46	44	37	10	5	18
Interval_78363	171	251	71	48	216	206	92	89	125
Interval_78371	10	19	75	52	153	137	63	60	65
Interval_78448	60	67	31	28	5	11	3	4	2
Interval_78449	88	147	60	47	6	21	2	3	7
Interval_78548	39	55	122	59	60	54	14	16	6
Interval_78578	12	11	3	7	4	4	4	1	5
Interval_78600	15	23	5	4	8	15	9	11	15
Interval_78674	934	1224	330	205	798	858	546	575	729
Interval_78722	38	40	10	8	23	28	20	18	28
Interval_78743	67	107	45	34	67	58	25	23	22
Interval_78754	9	13	59	23	247	270	167	170	245
Interval_78777	107	147	134	84	186	143	15	12	30
Interval_78832	3	5	9	7	25	16	53	50	39
Interval_78882	54	104	8	7	26	14	4	8	8
Interval_78912	10	16	53	34	21	12	2	2	2
Interval_78913	925	1329	468	274	941	898	418	480	571
Interval_79003	5	2	114	71	21	13	1	2	7
Interval_79033	595	803	204	112	375	414	277	295	365
Interval_79034	193	283	113	60	206	211	118	147	171
Interval_79036	323	366	16	11	223	229	173	184	210
Interval_79054	379	617	226	151	378	387	181	201	338
Interval_79058	104	143	133	58	108	118	28	27	37
Interval_79083	8	12	99	58	16	18	12	7	9
Interval_79133	27	39	29	10	20	26	10	6	14
Interval_79136	324	370	116	79	323	300	112	139	176
Interval_79149	138	196	22	15	49	37	4	5	8
Interval_79169	778	1080	284	153	639	665	423	453	586
Interval_79173	1632	1951	708	443	1837	1886	927	1047	1418
Interval_79176	12	35	8	6	13	19	8	4	6
Interval_79196	756	1105	315	179	687	736	397	404	562
Interval_79197	5	8	0	3	2	0	0	1	0
Interval_79210	18	41	15	3	18	25	22	15	17
Interval_79211	40	60	6	4	93	80	166	185	189
Interval_79247	13	25	77	53	15	16	2	4	3
Interval_79271	14	19	39	39	39	38	3	7	7
Interval_79300	198	331	143	73	297	326	147	150	219
Interval_79320	2	2	50	38	21	13	15	8	9
Interval_79371	13	25	7	3	8	10	2	1	9
Interval_79372	358	539	117	77	310	315	166	189	276
Interval_79376	198	302	96	58	200	215	126	154	149
Interval_79395	2358	2985	924	566	2232	2253	1214	1355	1668
Interval_79435	767	1040	321	184	645	664	380	395	549
Interval_79447	6	12	64	31	29	30	2	0	5
Interval_79461	14	33	13	2	16	11	3	8	7
Interval_79480	759	1011	341	223	718	722	349	446	683
Interval_79523	1259	1651	241	123	1056	1067	534	623	847
Interval_79549	5	3	16	13	4	2	0	1	2
Interval_79565	18	32	11	2	23	23	12	12	9
Interval_79578	1418	1980	652	400	1316	1424	878	1014	1238
Interval_79605	20	33	250	179	196	138	17	31	32
Interval_79626	32	47	92	56	38	34	12	9	29
Interval_79660	334	446	152	75	306	311	144	174	214
Interval_79667	5	8	17	13	20	11	2	3	2
Interval_79674	29	28	15	11	21	18	5	5	10
Interval_79780	15	19	75	50	63	71	35	32	51
Interval_79784	1	5	43	33	28	25	19	15	20
Interval_79788	51	96	22	17	62	54	28	38	39
Interval_79868	14	22	370	222	425	365	76	92	122
Interval_79889	3	8	16	10	22	22	9	13	13
Interval_79953	168	202	55	33	50	52	7	9	10
Interval_80034	72	117	3	0	91	86	19	28	22
Interval_80061	2	1	8	6	0	0	0	0	1
Interval_80062	11	25	20	11	15	19	6	5	8
Interval_80067	8	7	4	0	15	10	1	12	16
Interval_80156	108	171	4	3	8	15	5	4	2
Interval_80184	100	154	9	3	4	6	3	3	4
Interval_80187	3	6	1	3	1	0	0	0	0
Interval_80198	230	316	117	52	266	233	120	155	211
Interval_80218	32	44	79	52	436	362	167	215	276
Interval_80255	30	32	9	7	16	22	12	16	17
Interval_80275	304	374	4	2	11	9	3	2	4
Interval_80280	43	67	10	3	29	30	7	6	4
Interval_80298	92	165	59	44	357	345	211	243	293
Interval_80303	19	35	5	5	26	19	17	13	13
Interval_80305	91	137	72	44	365	360	44	81	85
Interval_80352	1	1	88	54	48	47	25	30	37
Interval_80360	789	1030	288	133	622	617	298	315	417
Interval_80390	60	86	26	19	59	58	31	38	52
Interval_80465	456	663	159	95	416	410	200	248	391
Interval_80485	39	48	14	12	40	45	20	24	27
Interval_80534	7	10	3	5	91	80	80	94	106
Interval_80538	8	7	11	2	5	5	1	0	3
Interval_80547	14	16	9	5	9	12	14	11	6
Interval_80557	185	286	148	82	231	251	134	148	179
Interval_80567	5	6	48	28	54	44	16	22	25
Interval_80578	135	213	56	31	138	145	73	84	120
Interval_80593	72	121	27	9	38	35	29	17	25
Interval_80595	2	2	3	1	3	3	3	1	4
Interval_80661	7	12	248	147	107	87	38	45	44
Interval_80677	20	26	7	8	24	24	11	15	16
Interval_80694	12	17	0	0	0	1	1	0	0
Interval_80747	77	106	3	1	10	9	6	7	10
Interval_80808	700	934	480	288	929	848	301	381	479
Interval_80849	124	183	30	22	198	231	221	222	262
Interval_80867	2	1	32	26	38	42	13	17	17
Interval_80927	9	28	11	4	11	21	10	7	15
Interval_80932	240	376	92	71	201	223	90	98	146
Interval_80955	45	54	25	20	37	30	11	12	13
Interval_80983	11	14	0	2	1	3	0	2	1
Interval_80994	138	222	193	128	55	57	8	11	20
Interval_81006	115	146	97	48	66	62	15	10	16
Interval_81011	16	25	10	4	14	14	7	6	6
Interval_81067	254	350	51	25	27	43	3	11	10
Interval_81095	36	66	22	12	28	40	34	21	43
Interval_81180	3	8	71	32	1	4	0	0	1
Interval_81247	39	63	40	33	23	23	6	2	9
Interval_81250	615	692	195	108	517	526	220	227	390
Interval_81252	23	31	11	6	18	27	19	22	24
Interval_81313	7	13	6	2	28	33	61	48	71
Interval_81314	2	2	57	30	12	7	0	2	0
Interval_81330	358	524	145	112	342	370	194	193	245
Interval_81390	49	58	6	3	9	15	2	1	3
Interval_81410	172	245	81	61	137	157	98	101	114
Interval_81414	43	64	4	5	8	7	2	4	5
Interval_81438	245	286	6	3	3	4	2	3	1
Interval_81500	7	3	55	33	138	117	35	45	45
Interval_81504	1	2	35	16	4	4	0	2	0
Interval_81506	19	26	68	56	108	111	35	45	34
Interval_81515	1	4	79	43	41	35	9	5	16
Interval_81518	4	7	61	25	5	4	1	0	1
Interval_81525	4	7	109	67	111	97	19	18	9
Interval_81549	7	8	56	41	106	79	16	12	12
Interval_81562	22	33	13	8	21	23	14	7	5
Interval_81586	7	5	149	88	114	105	76	69	95
Interval_81644	17	29	277	186	720	747	335	407	487
Interval_81650	40	53	15	10	113	122	85	90	97
Interval_81665	19	25	61	30	7	6	2	2	2
Interval_81690	33	61	82	35	39	42	7	7	9
Interval_81741	17	27	13	14	32	38	5	5	11
Interval_81745	4	11	47	15	84	73	48	49	65
Interval_81772	103	165	41	31	68	89	71	59	77
Interval_81811	10	7	124	80	7	6	1	1	1
Interval_81823	242	330	84	49	158	162	81	80	133
Interval_81829	2	5	66	24	4	5	0	3	0
Interval_81904	7	6	104	71	12	10	6	8	17
Interval_81906	6	4	8	2	38	45	42	47	65
Interval_81921	10	13	20	16	164	158	81	104	144
Interval_81926	311	428	171	126	765	802	415	504	545
Interval_81962	25	26	5	1	0	2	0	2	1
Interval_81969	29	33	120	81	156	145	25	28	15
Interval_81981	9	15	67	42	14	19	2	5	9
Interval_81987	11	11	41	24	129	127	150	178	205
Interval_82033	17	16	76	45	17	17	1	3	1
Interval_82125	230	331	120	61	215	223	107	123	167
Interval_82135	5	11	55	18	71	72	43	52	58
Interval_82156	192	219	10	13	17	24	1	4	1
Interval_82188	2	3	100	59	6	3	0	4	0
Interval_82222	7	10	38	30	2	3	3	5	1
Interval_82252	29	46	72	41	52	47	10	9	9
Interval_82331	9	14	195	119	458	464	233	248	320
Interval_82332	12	21	123	52	73	87	26	27	39
Interval_82345	0	5	10	3	4	2	0	1	1
Interval_82452	7	5	0	1	1	1	0	0	3
Interval_82461	17	17	4	1	61	90	41	47	54
Interval_82480	40	50	5	7	14	17	4	8	10
Interval_82486	63	72	17	7	23	34	13	15	10
Interval_82669	96	130	28	13	165	174	116	137	162
Interval_82681	27	49	18	4	22	32	10	19	21
Interval_82715	8	15	69	31	355	399	283	295	340
Interval_82764	48	62	39	29	4	6	2	4	3
Interval_82843	6	5	4	1	8	15	14	10	16
Interval_82864	274	357	170	107	405	391	164	156	302
Interval_82893	312	439	111	64	418	426	167	199	334
Interval_82923	8	19	89	46	19	22	0	3	2
Interval_82936	3	6	105	52	50	65	23	22	19
Interval_82971	57	82	3	6	5	4	0	0	0
Interval_82982	226	330	95	55	160	176	126	166	178
Interval_82988	2	2	80	40	7	6	2	5	5
Interval_83022	121	158	45	38	89	99	73	79	56
Interval_83051	252	352	6	4	8	15	1	1	1
Interval_83071	2	2	15	11	2	0	0	1	0
Interval_83086	71	124	11	8	3	8	3	3	1
Interval_83097	20	26	66	59	58	45	21	32	21
Interval_83135	1	4	148	75	32	26	7	9	21
Interval_83140	64	73	227	137	638	705	367	467	521
Interval_83153	2	3	1	3	2	2	1	2	0
Interval_83188	15	36	5	9	10	9	9	7	11
Interval_83190	77	89	30	24	48	47	20	28	33
Interval_83212	155	214	81	49	169	176	56	53	75
Interval_83233	1	9	65	19	8	7	4	7	2
Interval_83275	374	565	117	78	258	282	140	167	223
Interval_83290	6	5	55	32	6	4	1	0	3
Interval_83300	190	209	9	8	33	49	38	36	45
Interval_83321	583	817	261	169	633	725	391	372	610
Interval_83389	103	183	16	9	6	4	6	3	2
Interval_83423	25	32	244	167	660	716	134	161	233
Interval_83459	74	81	3	1	6	5	0	1	0
Interval_83464	273	276	4	1	29	37	3	2	2
Interval_83466	140	183	32	17	37	26	5	8	11
Interval_83480	21	21	87	53	20	47	6	4	11
Interval_83485	12	22	95	59	33	24	7	0	2
Interval_83505	8	8	69	26	14	14	5	4	1
Interval_83571	354	404	32	20	29	32	8	7	8
Interval_83660	56	61	33	26	59	52	32	32	33
Interval_83677	103	164	21	8	10	17	3	5	7
Interval_83698	291	451	133	77	275	341	144	168	209
Interval_83714	125	143	14	13	14	11	2	0	2
Interval_83754	36	39	19	12	14	11	8	5	8
Interval_83757	2	11	41	33	12	9	3	1	2
Interval_83776	12	19	106	55	28	17	14	9	11
Interval_83858	23	31	98	58	193	204	34	58	64
Interval_83888	2	16	161	85	313	321	175	183	263
Interval_83899	3	5	23	16	30	30	18	23	30
Interval_83916	14	28	8	9	7	7	3	6	5
Interval_83923	9	14	33	32	21	25	0	5	3
Interval_83940	642	816	351	232	953	920	480	506	662
Interval_83968	19	27	4	2	33	28	71	57	52
Interval_83973	1324	1551	410	259	1084	1098	581	587	844
Interval_83992	4	7	3	4	1	3	3	4	6
Interval_84164	13	32	8	8	8	8	2	1	3
Interval_84214	19	29	48	17	17	14	2	2	4
Interval_84223	115	141	41	29	128	122	72	56	115
Interval_84231	88	143	25	22	64	71	47	40	47
Interval_84243	12	18	60	41	45	43	18	9	16
Interval_84250	12	19	10	4	15	19	10	3	15
Interval_84315	6	9	71	55	87	63	30	35	34
Interval_84332	6	10	47	35	7	5	2	3	4
Interval_84348	7	8	38	25	7	10	3	2	2
Interval_84404	16	24	3	3	10	6	8	12	9
Interval_84422	7	11	13	10	4	7	1	1	3
Interval_84458	83	103	5	5	1	1	1	1	1
Interval_84490	1	4	0	1	0	2	0	0	1
Interval_84525	16	22	24	17	12	12	1	5	5
Interval_84542	21	29	2	3	3	2	1	2	0
Interval_84590	10	13	247	131	601	590	360	388	448
Interval_84629	55	88	4	1	5	6	2	0	2
Interval_84654	0	1	36	19	7	18	2	6	5
Interval_84659	0	4	101	57	9	7	0	0	1
Interval_84673	447	591	253	164	450	478	233	223	341
Interval_84684	251	346	112	59	216	263	105	109	183
Interval_84690	3	9	8	7	5	4	2	4	6
Interval_84700	75	100	38	26	66	51	26	39	60
Interval_84730	240	260	145	76	208	200	14	23	43
Interval_84734	22	32	96	57	193	216	81	74	96
Interval_84779	11	31	3	0	4	2	2	1	1
Interval_84854	195	294	106	61	173	212	91	113	131
Interval_84862	1149	1348	420	238	1062	1047	496	521	727
Interval_84868	1	5	44	34	8	4	2	3	1
Interval_84872	2	4	25	19	9	12	7	4	10
Interval_84882	632	870	240	144	484	534	284	265	362
Interval_84954	2	2	222	125	34	22	19	16	12
Interval_84964	77	109	2	3	5	6	0	0	0
Interval_85070	3	7	73	59	37	39	3	4	1
Interval_85117	882	1213	235	144	598	678	417	474	583
Interval_85149	5	24	79	54	14	11	16	17	6
Interval_85152	172	228	113	79	223	252	158	133	165
Interval_85210	21	30	6	4	25	17	9	9	11
Interval_85269	20	31	10	5	26	23	8	14	8
Interval_85280	339	435	36	20	298	333	126	175	179
Interval_85283	2	6	7	3	7	10	4	2	4
Interval_85312	3	6	2	0	3	5	3	3	0
Interval_85344	4	3	62	37	42	37	7	5	5
Interval_85356	480	679	213	113	480	551	303	314	391
Interval_85391	3	3	4	8	4	9	2	2	1
Interval_85422	5	6	50	38	4	3	0	1	0
Interval_85424	34	40	9	8	15	22	21	11	8
Interval_85444	419	590	138	91	290	312	213	173	245
Interval_85446	401	566	160	89	307	327	168	154	221
Interval_85450	378	564	134	96	280	333	172	165	207
Interval_85463	9	8	80	47	40	37	9	14	16
Interval_85491	3	3	50	29	6	10	9	10	6
Interval_85504	7	8	3	6	60	65	175	153	186
Interval_85577	3	6	113	67	2	5	2	2	1
Interval_85604	13	8	259	180	69	60	33	25	24
Interval_85639	0	3	56	33	2	1	0	0	0
Interval_85677	476	713	145	81	269	281	156	174	199
Interval_85709	75	110	4	3	4	13	0	2	3
Interval_85725	9	8	4	4	18	17	4	4	1
Interval_85758	336	564	115	58	286	326	124	137	177
Interval_85815	418	498	25	18	133	166	155	196	221
Interval_85863	115	171	30	17	20	20	3	4	4
Interval_85864	105	141	20	18	20	23	7	6	5
Interval_85923	16	26	311	189	45	52	9	7	10
Interval_85934	12	2	43	24	4	7	2	0	1
Interval_85953	2	2	215	115	18	10	2	2	0
Interval_85967	213	264	21	22	54	41	3	7	8
Interval_86029	22	36	36	27	25	18	5	2	3
Interval_86052	381	479	211	101	405	408	195	205	320
Interval_86067	231	305	83	53	178	176	138	153	187
Interval_86087	328	426	127	76	273	319	117	132	183
Interval_86108	624	849	194	123	344	463	232	232	320
Interval_86115	119	174	72	42	163	166	90	90	66
Interval_86120	14	38	6	6	9	18	4	6	9
Interval_86123	387	550	250	164	595	628	289	306	496
Interval_86133	35	55	21	17	56	51	14	21	26
Interval_86144	3	7	29	16	3	6	0	1	0
Interval_86146	137	202	113	40	138	140	100	90	106
Interval_86149	23	36	79	46	251	216	171	184	225
Interval_86160	7	3	31	18	103	102	28	35	26
Interval_86196	0	8	77	39	131	131	11	8	9
Interval_86205	1	4	131	82	58	31	6	2	4
Interval_86228	34	37	51	26	221	248	186	214	312
Interval_86267	20	26	112	76	242	264	280	307	344
Interval_86277	2	4	41	24	8	11	4	1	2
Interval_86292	3	2	2	1	1	2	0	0	3
Interval_86314	38	47	16	11	24	21	11	13	16
Interval_86336	35	52	14	12	29	34	12	17	10
Interval_86414	100	158	34	21	44	51	38	27	44
Interval_86470	490	746	187	99	431	448	266	286	348
Interval_86498	20	32	13	11	30	28	14	12	12
Interval_86502	13	28	7	9	14	20	7	8	5
Interval_86525	33	53	25	13	25	34	13	19	23
Interval_86586	239	341	88	39	200	195	94	102	112
Interval_86617	7	27	6	5	15	13	9	5	6
Interval_86712	261	357	108	71	194	223	130	117	150
Interval_86721	1	4	1	2	1	2	0	0	0
Interval_86731	446	670	175	109	452	515	249	241	285
Interval_86765	7	7	108	59	54	77	27	28	23
Interval_86817	3	2	108	57	56	55	2	5	2
Interval_86907	961	1242	314	185	757	814	434	444	657
Interval_86932	22	28	8	10	21	40	40	27	28
Interval_86954	277	387	24	23	50	69	10	20	23
Interval_86973	422	558	158	97	310	376	134	151	214
Interval_86984	96	140	40	19	120	100	49	63	80
Interval_86989	81	119	35	18	72	91	37	52	50
Interval_87061	7	7	2	0	2	1	1	1	1
Interval_87067	3	6	54	31	37	33	36	48	45
Interval_87073	16	17	5	5	7	8	4	9	11
Interval_87090	2	3	3	2	2	1	1	2	2
Interval_87157	95	158	41	16	69	69	21	36	38
Interval_87172	11	21	18	8	5	8	3	1	2
Interval_87216	158	270	20	10	26	15	9	11	9
Interval_87238	239	315	126	79	207	205	111	145	187
Interval_87242	284	397	18	12	116	127	45	56	77
Interval_87368	57	52	27	21	70	58	27	27	34
Interval_87406	1	3	35	22	18	11	3	2	0
Interval_87454	68	79	91	63	80	67	13	14	13
Interval_87485	1371	1620	461	252	1221	1228	722	734	911
Interval_87504	360	448	91	56	118	91	17	16	32
Interval_87514	471	735	172	107	348	329	168	177	258
Interval_87563	43	40	8	9	29	34	11	17	15
Interval_87584	291	425	116	85	249	267	89	111	165
Interval_87670	13	15	26	11	9	15	4	4	9
Interval_87716	3	2	4	4	8	13	3	0	1
Interval_87729	224	332	80	53	181	215	62	84	106
Interval_87742	65	97	31	25	52	67	32	53	61
Interval_87759	96	143	5	8	139	158	183	196	243
Interval_87794	18	21	47	30	13	12	7	2	6
Interval_87816	275	408	94	58	249	292	161	142	189
Interval_87836	36	52	97	68	21	14	26	4	15
Interval_87853	70	113	201	123	716	693	238	262	373
Interval_87887	8	10	73	37	106	95	25	12	30
Interval_87931	116	155	2	0	1	7	6	1	5
Interval_87971	797	1099	212	114	517	582	365	351	546
Interval_87978	45	54	165	80	69	52	7	6	9
Interval_88036	506	742	276	159	721	664	279	295	537
Interval_88045	5	7	0	2	1	3	111	95	3
Interval_88047	14	29	77	43	79	57	53	30	38
Interval_88085	15	23	76	57	35	35	5	7	11
Interval_88153	8	5	111	55	4	3	2	2	2
Interval_88183	4	8	39	22	12	14	4	2	5
Interval_88185	154	151	20	15	30	32	7	6	10
Interval_88205	46	73	3	1	14	8	1	7	5
Interval_88266	89	112	30	25	51	53	15	21	30
Interval_88288	23	31	15	6	16	16	5	10	8
Interval_88303	37	43	15	8	32	33	20	12	16
Interval_88310	32	66	39	29	127	118	153	132	156
Interval_88365	14	38	18	5	22	31	14	12	12
Interval_88367	303	406	57	42	130	135	24	21	32
Interval_88396	384	525	137	117	413	405	278	251	359
Interval_88404	26	34	15	15	343	339	451	489	647
Interval_88456	14	22	54	30	73	73	5	10	9
Interval_88468	280	371	6	12	75	86	17	18	16
Interval_88472	10	38	12	10	17	28	10	6	11
Interval_88529	44	62	169	112	280	269	204	208	251
Interval_88531	25	53	113	64	171	138	113	124	152
Interval_88560	21	18	7	5	6	6	3	0	2
Interval_88572	24	45	12	10	18	15	7	15	10
Interval_88596	111	164	23	10	18	28	2	7	3
Interval_88614	388	548	162	122	352	405	194	198	248
Interval_88633	7	7	82	47	14	4	4	2	1
Interval_88636	5	12	13	5	6	5	5	4	3
Interval_88640	8	30	2	3	7	10	6	3	1
Interval_88684	77	110	39	19	55	65	19	36	41
Interval_88696	32	41	14	12	30	18	10	10	14
Interval_88766	875	1132	382	260	931	966	470	477	841
Interval_88771	509	680	222	127	426	465	139	174	246
Interval_88794	3	7	113	63	147	126	50	37	43
Interval_88797	23	40	17	14	34	39	18	19	17
Interval_88829	30	48	1	3	23	33	72	55	69
Interval_88842	721	930	316	185	805	857	358	354	508
Interval_88878	203	322	103	47	203	266	132	128	154
Interval_88881	10	15	50	45	26	21	2	2	2
Interval_88911	284	363	143	73	340	360	182	205	220
Interval_88965	46	71	9	9	20	15	11	9	8
Interval_89001	334	484	147	93	316	344	162	191	225
Interval_89056	49	87	131	105	65	33	7	5	2
Interval_89057	45	60	65	43	53	43	7	9	11
Interval_89138	21	28	17	10	26	27	18	12	9
Interval_89206	230	330	95	66	208	233	124	134	174
Interval_89243	156	202	62	32	136	135	58	57	110
Interval_89271	6	10	177	119	39	36	7	2	13
Interval_89274	38	56	220	119	396	353	98	107	156
Interval_89275	5	0	58	34	3	9	1	1	2
Interval_89277	11	5	165	107	51	37	9	6	12
Interval_89278	12	28	132	63	42	51	31	31	32
Interval_89279	4	3	6	6	5	2	1	0	1
Interval_89280	5	9	119	76	38	23	8	6	8
Interval_89364	22	35	12	5	18	17	5	17	11
Interval_89512	24	49	15	19	31	36	20	24	29
Interval_89532	14	18	9	8	13	16	4	9	14
Interval_89547	2	4	1	3	22	26	37	38	41
Interval_89565	8	14	41	33	8	8	1	1	4
Interval_89619	236	401	115	91	212	215	101	104	168
Interval_89632	24	43	42	21	8	7	1	2	2
Interval_89668	226	329	35	17	66	64	18	15	12
Interval_89671	317	545	177	105	350	365	227	247	294
Interval_89688	9	23	9	4	21	17	7	18	8
Interval_89711	13	29	16	5	22	26	5	6	13
Interval_89725	17	25	10	9	30	16	10	12	19
Interval_89746	48	56	80	44	17	10	4	8	2
Interval_89759	130	221	20	6	28	24	14	9	7
Interval_89811	115	139	14	16	10	17	3	3	2
Interval_89845	246	317	12	14	110	122	79	67	119
Interval_89846	359	400	199	112	418	465	233	274	333
Interval_89905	25	38	200	132	316	287	51	55	74
Interval_90006	601	868	274	177	739	730	375	365	512
Interval_90013	302	402	49	29	458	537	247	325	424
Interval_90032	717	966	367	237	969	975	414	400	609
Interval_90169	264	391	97	72	220	192	150	126	194
Interval_90223	61	94	1	4	9	6	2	1	2
Interval_90264	158	239	157	66	165	188	39	28	84
Interval_90268	391	580	219	133	418	482	207	219	261
Interval_90280	795	1135	315	191	809	867	433	482	598
Interval_90288	330	451	158	89	409	468	186	194	276
Interval_90331	127	157	55	32	139	135	74	62	89
Interval_90334	261	363	176	97	367	326	180	215	230
Interval_90382	1029	1606	539	352	1092	1145	575	600	777
Interval_90397	79	94	22	13	192	200	170	154	175
Interval_90482	8	9	12	5	5	14	5	6	6
Interval_90513	169	261	77	54	122	135	91	108	157
Interval_90562	17	26	2	5	8	11	8	11	3
Interval_90568	23	38	184	94	48	58	28	33	27
Interval_90577	358	558	180	139	499	515	197	181	276
Interval_90599	163	216	94	50	957	1024	591	717	862
Interval_90636	9	10	172	92	118	112	31	40	39
Interval_90650	12	20	230	141	344	369	93	84	107
Interval_90652	11	6	145	108	105	98	30	39	31
Interval_90654	2	1	3	2	4	1	1	0	0
Interval_90672	5	6	225	132	251	257	52	51	60
Interval_90682	6	8	91	67	65	63	28	25	27
Interval_90825	6	13	6	5	4	1	2	2	2
Interval_90854	3	7	1	0	2	1	1	1	0
Interval_90932	36	63	185	91	32	43	41	36	39
Interval_90957	51	71	11	9	79	88	11	15	31
Interval_90970	281	404	149	98	314	321	222	257	303
Interval_90989	17	23	8	6	18	18	2	4	10
Interval_90996	14	23	215	140	602	566	282	357	377
Interval_91015	61	122	41	32	104	103	59	69	75
Interval_91024	1	1	31	24	122	101	17	22	16
Interval_91090	4	9	57	31	25	17	2	4	1
Interval_91112	19	28	15	2	16	17	9	14	10
Interval_91196	2	11	30	16	57	72	65	47	58
Interval_91254	169	228	79	41	89	105	50	52	46
Interval_91312	35	58	72	42	17	18	4	11	2
Interval_91335	2	5	8	0	2	2	1	0	0
Interval_91373	8	5	3	5	0	1	0	0	1
Interval_91392	2	5	38	28	47	37	13	13	8
Interval_91439	5	4	4	1	1	0	0	3	1
Interval_91453	25	36	15	10	17	24	9	13	10
Interval_91465	4	8	56	31	17	7	1	4	2
Interval_91490	10	7	120	95	56	58	10	10	5
Interval_91496	3	3	57	43	59	46	24	28	17
Interval_91527	19	24	12	4	10	18	12	8	9
Interval_91552	251	438	116	67	295	278	168	140	197
Interval_91580	2193	2713	869	573	1611	1554	749	847	1282
Interval_91600	1	3	1	2	1	1	0	0	1
Interval_91601	1080	1425	378	253	953	995	522	543	762
Interval_91646	15	23	10	7	9	17	11	10	8
Interval_91665	11	14	14	5	13	15	3	1	5
Interval_91690	139	159	21	20	33	27	4	9	4
Interval_91692	1	6	2	0	0	1	0	1	0
Interval_91693	21	34	82	51	11	10	0	4	1
Interval_91705	38	57	48	30	13	21	3	2	6
Interval_91786	15	30	13	7	23	20	20	14	13
Interval_91822	501	690	305	167	597	670	271	261	471
Interval_91904	33	61	45	32	39	19	1	0	3
Interval_91968	27	48	193	123	63	56	4	21	19
Interval_91995	163	217	81	50	21	16	8	8	10
Interval_91999	120	167	11	10	26	36	7	8	6
Interval_92013	4	13	8	8	12	8	2	1	0
Interval_92027	13	18	229	155	369	362	76	96	79
Interval_92053	43	61	20	6	52	32	21	20	22
Interval_92063	17	24	4	7	12	12	5	3	6
Interval_92086	2	3	28	12	57	79	49	60	66
Interval_92100	53	94	17	13	13	11	1	1	2
Interval_92127	94	105	16	5	11	3	7	7	4
Interval_92167	20	36	13	9	18	19	16	15	18
Interval_92169	1	1	73	44	1	4	2	1	0
Interval_92186	2	5	89	40	15	15	2	1	3
Interval_92199	42	71	23	14	32	46	23	24	16
Interval_92257	25	47	48	24	275	283	125	140	133
Interval_92325	4	12	15	9	85	94	26	28	24
Interval_92395	33	63	17	12	52	41	20	21	28
Interval_92400	76	133	72	45	134	134	89	99	118
Interval_92432	193	238	10	8	13	18	1	4	11
Interval_92483	123	148	30	23	14	19	3	4	2
Interval_92503	60	61	114	50	142	105	17	17	17
Interval_92519	57	74	31	16	15	18	4	8	6
Interval_92529	5	10	83	60	113	106	125	114	120
Interval_92548	465	633	171	95	365	399	216	209	275
Interval_92567	3	1	86	65	62	60	1	1	1
Interval_92572	12	15	206	126	497	498	202	203	288
Interval_92581	4	4	34	23	15	20	6	2	3
Interval_92602	2	3	56	32	12	9	1	0	2
Interval_92610	1014	1265	539	304	1154	1128	426	503	689
Interval_92614	23	32	16	10	20	20	14	14	18
Interval_92641	1	1	11	6	2	0	0	0	1
Interval_92676	63	100	8	4	2	4	3	2	7
Interval_92688	73	75	137	92	399	430	281	311	340
Interval_92712	776	967	24	12	182	186	58	71	117
Interval_92741	21	33	10	4	14	25	7	6	6
Interval_92742	80	144	23	24	41	37	28	20	28
Interval_92767	77	121	1	4	2	4	0	3	4
Interval_92779	12	18	7	3	8	10	14	19	21
Interval_92824	2	8	33	25	10	13	5	5	4
Interval_92838	81	133	13	4	8	7	2	1	3
Interval_92840	48	78	30	20	15	25	17	18	24
Interval_92871	21	30	61	48	31	28	6	7	7
Interval_92878	141	178	6	4	21	20	17	25	39
Interval_92894	28	49	17	10	45	37	35	27	24
Interval_92960	440	558	220	119	398	429	165	152	238
Interval_92976	32	30	16	12	30	23	3	6	8
Interval_92979	21	28	7	12	15	25	5	16	13
Interval_93022	410	518	150	108	320	326	141	151	198
Interval_93104	41	59	139	89	159	142	70	70	95
Interval_93105	4	11	79	54	88	61	27	32	47
Interval_93115	1	6	7	5	7	10	3	3	4
Interval_93118	5	12	22	5	79	85	62	59	91
Interval_93122	17	31	227	138	676	624	338	386	402
Interval_93125	7	11	235	120	637	565	207	273	331
Interval_93127	4	3	43	26	8	13	0	1	0
Interval_93152	0	1	1	6	0	1	1	0	0
Interval_93217	4	7	59	42	3	2	0	1	3
Interval_93242	276	333	110	76	264	281	146	161	229
Interval_93295	17	34	0	1	4	4	0	2	2
Interval_93312	97	160	4	0	8	8	10	7	10
Interval_93377	10	18	9	4	10	16	7	11	11
Interval_93415	19	24	13	7	24	23	13	13	15
Interval_93665	140	255	64	30	153	177	70	95	97
Interval_93737	73	101	1	2	2	9	0	0	0
Interval_93771	10	7	0	0	5	3	0	0	1
Interval_93815	17	19	42	28	136	123	51	48	65
Interval_93829	25	24	24	13	118	114	111	113	111
Interval_93830	35	42	13	9	32	30	26	24	39
Interval_93875	8	8	85	58	25	29	1	4	2
Interval_93881	3	8	147	110	109	109	29	36	37
Interval_93893	76	97	93	63	35	27	11	12	24
Interval_94000	13	12	5	0	1	3	0	0	0
Interval_94054	5	4	41	28	9	10	1	1	2
Interval_94065	10	21	99	74	65	55	21	22	28
Interval_94075	6	8	37	21	149	158	74	84	98
Interval_94078	402	504	233	142	565	546	223	258	271
Interval_94097	275	335	164	117	251	252	142	151	203
Interval_94106	1	6	12	2	2	2	3	0	0
Interval_94108	48	87	45	28	14	15	3	6	2
Interval_94229	43	41	65	32	325	302	112	123	169
Interval_94230	1064	1221	459	275	975	913	359	395	459
Interval_94311	10	9	1	6	1	5	3	0	1
Interval_94380	66	101	17	6	4	5	1	4	3
Interval_94484	42	68	272	185	348	276	51	62	53
Interval_94513	45	71	16	10	38	40	11	9	16
Interval_94541	41	48	17	9	159	130	100	138	152
Interval_94544	142	248	52	41	105	116	72	71	94
Interval_94547	14	20	109	60	92	73	17	16	18
Interval_94571	1	3	8	3	24	24	2	3	4
Interval_94618	38	53	53	29	13	13	0	3	4
Interval_94635	1	6	43	33	17	13	2	1	5
Interval_94665	84	108	7	6	5	5	1	3	3
Interval_94679	23	25	16	7	6	6	1	0	3
Interval_94708	5	2	88	39	12	6	0	0	0
Interval_94743	20	38	13	9	23	29	10	11	14
Interval_94753	30	52	16	9	30	18	20	27	20
Interval_94754	108	122	111	57	158	141	11	9	12
Interval_94766	17	19	9	0	13	8	10	7	12
Interval_94919	531	700	204	126	477	467	301	276	370
Interval_94971	1134	1415	417	266	1207	1195	521	556	921
Interval_94994	1	6	40	27	2	4	2	4	7
Interval_94996	1	3	0	1	3	2	0	0	0
Interval_95027	124	166	32	14	12	11	4	0	2
Interval_95031	69	84	5	2	2	3	0	1	5
Interval_95108	2	15	30	17	18	22	5	4	6
Interval_95120	179	228	69	47	177	182	102	105	146
Interval_95130	19	35	58	39	41	35	5	5	15
Interval_95157	76	126	46	31	47	84	36	36	45
Interval_95168	24	40	19	8	16	23	9	14	19
Interval_95218	35	40	19	10	49	49	22	24	26
Interval_95230	33	63	12	10	37	52	25	25	30
Interval_95251	5	16	74	38	394	392	251	276	345
Interval_95252	9	35	33	23	194	186	172	164	230
Interval_95255	8	8	16	8	100	131	80	87	115
Interval_95275	261	455	193	128	557	502	172	191	253
Interval_95296	1037	1310	501	318	1347	1386	652	797	1127
Interval_95317	7	17	9	7	12	16	10	6	11
Interval_95324	53	66	46	28	222	228	208	200	244
Interval_95388	499	684	118	69	324	358	224	253	282
Interval_95392	213	347	13	9	6	9	2	4	3
Interval_95397	20	27	66	45	185	176	55	44	87
Interval_95400	9	13	29	10	32	13	3	8	5
Interval_95417	62	91	3	2	2	4	1	0	2
Interval_95418	400	631	230	122	501	545	222	249	300
Interval_95495	320	482	160	99	392	385	259	267	333
Interval_95534	269	337	150	77	264	320	132	150	211
Interval_95552	3	1	3	0	1	3	2	1	1
Interval_95558	18	21	99	50	32	25	2	0	4
Interval_95568	237	295	89	48	44	22	11	9	3
Interval_95570	56	98	22	17	3	9	2	2	0
Interval_95575	147	232	34	18	32	42	21	21	24
Interval_95590	644	864	308	215	816	849	372	409	470
Interval_95602	4	6	0	1	4	1	2	0	0
Interval_95736	1201	1480	398	269	1020	1055	452	537	762
Interval_95751	135	171	115	53	186	222	68	86	110
Interval_95754	5	21	229	147	593	552	301	341	428
Interval_95789	105	174	4	7	11	16	5	4	5
Interval_95813	4	4	13	13	3	0	0	0	1
Interval_95839	155	189	2	2	20	19	2	0	3
Interval_95865	9	14	14	9	7	19	5	7	1
Interval_95966	23	43	7	6	19	16	12	7	11
Interval_96005	13	27	38	33	13	14	0	1	2
Interval_96033	29	55	11	7	21	22	13	11	13
Interval_96094	1	3	37	19	28	31	19	11	17
Interval_96095	2	6	36	24	15	6	1	1	2
Interval_96113	694	988	293	178	744	715	391	447	575
Interval_96133	44	42	8	9	22	31	11	6	7
Interval_96150	541	682	390	215	498	493	38	49	75
Interval_96179	59	89	101	77	328	319	199	210	280
Interval_96205	182	239	64	37	174	182	59	96	116
Interval_96217	9	7	38	16	28	19	0	2	2
Interval_96286	118	132	5	3	40	51	24	29	52
Interval_96292	380	528	196	144	411	400	208	223	311
Interval_96294	1513	1864	581	332	1507	1514	878	971	1098
Interval_96332	36	56	10	10	20	26	24	12	13
Interval_96396	635	852	264	164	723	799	355	314	442
Interval_96432	55	80	28	21	104	97	51	47	67
Interval_96470	55	52	8	7	6	6	3	2	2
Interval_96504	630	977	281	155	700	778	431	408	528
Interval_96506	866	1144	391	236	998	1030	551	581	739
Interval_96538	1	6	13	7	1	2	0	1	0
Interval_96545	585	803	205	136	619	687	356	367	488
Interval_96568	58	110	48	29	76	69	31	40	39
Interval_96597	32	63	17	13	37	37	20	21	27
Interval_96617	30	42	5	2	8	10	3	3	2
Interval_96623	84	172	34	21	76	90	30	29	67
Interval_96625	62	113	42	24	43	64	29	36	34
Interval_96635	9	18	11	16	9	7	0	0	2
Interval_96640	37	41	85	40	29	47	3	2	4
Interval_96673	40	71	16	12	20	23	13	12	17
Interval_96759	316	431	79	46	150	167	76	78	136
Interval_96806	28	35	134	89	109	88	43	41	21
Interval_96855	5	14	115	66	74	58	16	17	19
Interval_96859	2	2	9	6	2	4	0	0	2
Interval_96869	138	167	8	7	45	38	7	7	7
Interval_96884	37	45	3	3	64	82	118	140	200
Interval_96897	183	213	4	3	9	14	0	3	8
Interval_96906	84	106	33	18	79	91	21	37	48
Interval_96927	465	562	95	66	256	210	29	42	46
Interval_96950	311	456	134	86	328	366	142	167	211
Interval_96980	2	2	30	14	3	2	0	1	0
Interval_96999	139	238	52	29	81	100	34	46	61
Interval_97016	177	284	123	79	235	223	96	109	111
Interval_97036	8	6	28	18	34	26	3	3	2
Interval_97040	262	385	111	49	223	262	110	109	108
Interval_97080	29	65	23	9	30	22	12	13	13
Interval_97179	60	42	74	46	12	16	2	2	6
Interval_97209	74	142	10	11	4	5	2	4	5
Interval_97227	33	40	7	5	9	19	9	8	11
Interval_97245	250	348	114	86	235	224	88	116	137
Interval_97248	1	1	27	12	1	1	0	2	0
Interval_97283	724	1017	290	197	823	736	352	397	548
Interval_97293	19	32	5	8	28	36	13	21	13
Interval_97323	3	6	4	3	6	2	2	2	1
Interval_97338	42	57	14	12	162	137	126	127	154
Interval_97339	14	27	26	17	157	162	109	117	117
Interval_97444	128	183	8	4	43	45	38	26	52
Interval_97468	156	207	346	224	1125	977	420	474	601
Interval_97471	14	21	60	41	245	220	96	107	116
Interval_97567	10	23	88	44	22	20	7	6	15
Interval_97590	2	6	48	20	7	14	3	1	2
Interval_97621	96	147	17	20	179	192	164	187	221
Interval_97628	44	77	25	6	208	188	133	136	180
Interval_97744	279	367	207	111	395	394	154	165	276
Interval_97746	15	10	48	50	19	20	4	5	0
Interval_97757	41	49	18	9	16	25	15	12	18
Interval_97818	87	144	33	28	93	99	35	40	57
Interval_97824	6	10	27	15	21	15	2	1	1
Interval_97876	3	5	9	3	1	3	2	0	0
Interval_97882	306	480	141	75	255	345	153	156	201
Interval_97904	402	485	131	75	350	375	204	206	277
Interval_97924	5	14	93	49	7	2	0	3	2
Interval_97925	741	936	403	238	1034	1011	390	369	726
Interval_97926	78	100	53	37	105	79	57	68	82
Interval_97943	474	591	177	120	490	555	278	291	443
Interval_98110	258	375	170	102	379	340	129	147	171
Interval_98117	39	55	3	5	50	71	54	69	110
Interval_98184	582	824	10	17	7	4	0	1	0
Interval_98188	163	223	10	4	3	6	0	0	2
Interval_98200	735	911	243	133	625	721	314	350	586
Interval_98205	20	27	2	2	3	5	3	1	3
Interval_98206	59	89	0	1	0	1	0	1	3
Interval_98236	13	16	8	9	12	14	8	9	8
Interval_98254	53	82	35	13	50	50	22	31	45
Interval_98294	8	16	3	4	5	6	2	1	0
Interval_98351	82	131	18	6	20	18	0	2	5
Interval_98356	186	289	24	12	62	66	13	10	7
Interval_98375	580	651	28	16	60	80	12	11	16
Interval_98429	10	20	106	62	208	160	67	68	67
Interval_98487	31	74	32	23	34	33	20	19	23
Interval_98510	27	32	9	6	19	8	6	6	5
Interval_98530	2	6	104	83	17	9	4	0	2
Interval_98540	38	51	39	21	15	28	2	3	4
Interval_98551	3	5	60	34	5	3	1	1	2
Interval_98561	95	162	38	26	93	103	43	50	67
Interval_98602	63	89	25	18	54	65	44	55	42
Interval_98607	13	12	230	144	371	348	142	165	187
Interval_98625	7	4	10	7	48	48	18	5	15
Interval_98628	2	4	99	45	15	10	0	0	1
Interval_98693	9	17	65	43	129	110	46	61	70
Interval_98717	5	7	63	26	21	16	4	2	6
Interval_98746	24	33	167	96	446	393	174	207	242
Interval_98750	9	20	70	30	75	65	47	51	37
Interval_98756	8	15	81	49	40	31	4	7	10
Interval_98778	252	257	8	4	84	84	68	79	94
Interval_98832	196	278	125	64	258	281	134	150	199
Interval_98880	1	1	72	40	5	1	1	0	0
Interval_98890	1	1	17	11	1	2	1	1	0
Interval_98909	14	15	147	62	36	26	6	10	4
Interval_98956	56	84	43	34	23	27	1	4	3
Interval_98967	420	543	19	17	48	50	7	19	30
Interval_98976	6	6	83	47	33	24	1	2	0
Interval_98977	41	69	6	1	3	7	1	1	0
Interval_98987	140	187	7	6	13	12	0	1	1
Interval_99057	3	11	106	76	3	7	1	1	3
Interval_99067	2	3	42	18	8	10	3	5	4
Interval_99075	6	9	80	62	15	7	5	1	2
Interval_99076	6	1	52	29	7	7	1	4	4
Interval_99094	3	5	82	41	26	17	7	4	3
Interval_99106	17	28	61	49	111	96	6	11	11
Interval_99108	31	54	19	16	23	28	13	16	14
Interval_99121	1	5	38	17	19	22	1	5	1
Interval_99124	38	62	113	90	165	170	17	47	42
Interval_99236	5	7	120	83	16	28	11	11	9
Interval_99258	15	29	30	25	6	8	3	0	1
Interval_99276	186	251	8	6	50	69	80	62	83
Interval_99311	31	39	52	19	50	67	35	23	39
Interval_99313	22	27	9	9	37	34	14	15	14
Interval_99323	293	425	143	94	312	336	168	196	203
Interval_99327	12	16	8	7	21	21	95	106	91
Interval_99335	3	12	8	2	33	35	55	66	57
Interval_99368	50	82	282	165	246	215	76	78	111
Interval_99370	7	13	28	40	19	16	5	5	3
Interval_99374	16	27	13	8	16	19	7	6	14
Interval_99379	35	50	172	103	203	168	55	89	114
Interval_99396	440	593	5	2	35	49	24	39	62
Interval_99406	1113	1354	220	121	689	675	372	407	660
Interval_99431	15	19	74	39	83	101	139	161	199
Interval_99512	24	29	33	20	21	23	0	0	1
Interval_99516	7	18	64	37	9	6	0	1	5
Interval_99523	50	69	14	7	23	30	29	14	18
Interval_99551	2	4	36	20	32	40	46	38	59
Interval_99563	6	3	64	37	5	7	3	4	4
Interval_99581	4	13	39	20	8	10	3	4	1
Interval_99678	11	22	128	64	45	30	2	3	4
Interval_99692	26	30	8	4	10	19	9	14	16
Interval_99717	49	72	26	19	54	61	19	21	31
Interval_99747	8	3	43	28	50	42	10	10	16
Interval_99759	9	21	45	32	153	125	56	59	71
Interval_99816	11	22	49	26	288	309	230	226	300
Interval_99894	297	448	127	79	202	271	126	120	150
Interval_99977	518	645	164	133	522	477	229	238	322
Interval_100051	5	4	182	113	32	28	4	14	4
Interval_100083	7	14	73	46	16	14	10	6	10
Interval_100129	1748	2027	652	397	1564	1582	776	834	1129
Interval_100145	42	65	103	81	45	44	17	14	14
Interval_100184	179	306	118	80	192	209	97	94	110
Interval_100211	74	94	32	24	72	76	36	35	40
Interval_100217	1159	1254	80	58	388	398	155	198	259
Interval_100232	9	27	13	4	53	52	95	95	101
Interval_100245	0	1	4	6	2	0	1	2	0
Interval_100253	53	101	27	15	37	57	24	33	40
Interval_100266	208	286	22	21	31	45	21	23	17
Interval_100271	35	55	164	81	101	104	35	21	41
Interval_100273	6	5	159	98	57	70	15	24	15
Interval_100298	32	67	22	17	36	46	19	16	19
Interval_100306	11	15	17	10	14	11	3	7	4
Interval_100314	133	163	9	5	9	10	2	3	1
Interval_100330	0	1	0	0	8	16	46	34	35
Interval_100362	2	2	23	14	9	5	0	4	2
Interval_100365	29	51	18	10	46	37	23	46	28
Interval_100380	3	6	57	39	13	15	9	7	15
Interval_100399	5	4	87	47	121	130	52	62	81
Interval_100425	47	45	22	17	52	44	15	20	19
Interval_100439	53	74	76	49	406	508	199	229	233
Interval_100463	2	2	54	27	1	4	0	0	0
Interval_100484	10	23	18	6	124	119	161	186	186
Interval_100522	122	179	82	53	50	42	3	4	5
Interval_100526	12	13	4	3	13	8	0	2	5
Interval_100567	20	22	30	17	179	214	175	216	226
Interval_100574	5	8	58	33	23	30	20	19	22
Interval_100627	3	3	14	9	57	71	78	71	110
Interval_100662	126	161	46	29	154	149	75	69	102
Interval_100664	0	3	65	39	7	5	0	0	0
Interval_100712	44	58	4	5	7	8	9	10	13
Interval_100721	324	408	138	80	263	246	105	120	145
Interval_100726	62	94	9	3	53	50	124	148	175
Interval_100735	0	7	3	1	19	19	11	15	9
Interval_100758	55	55	22	12	48	63	27	22	42
Interval_100763	11	22	59	26	3	4	3	2	4
Interval_100780	150	215	100	71	437	455	542	533	636
Interval_100783	8	19	2	6	13	24	8	7	14
Interval_100863	19	31	74	51	54	63	20	32	24
Interval_100937	36	39	189	108	54	39	5	5	7
Interval_100938	6	10	77	53	8	13	2	1	1
Interval_101000	1	1	57	39	4	3	1	1	1
Interval_101028	12	13	4	5	92	89	108	146	118
Interval_101054	6	6	79	32	4	2	0	1	1
Interval_101062	123	206	10	6	7	10	1	2	0
Interval_101063	25	46	114	66	9	12	4	2	4
Interval_101193	12	10	16	17	103	109	61	45	67
Interval_101206	983	1245	348	242	889	953	461	513	641
Interval_101212	98	102	8	7	17	27	4	0	2
Interval_101255	266	337	90	50	231	223	126	164	191
Interval_101294	6	14	9	6	13	19	2	8	1
Interval_101383	34	60	23	13	36	32	14	20	30
Interval_101404	447	544	166	132	433	422	255	288	378
Interval_101464	846	1067	168	120	660	754	397	483	621
Interval_101480	10	10	12	7	101	118	60	70	75
Interval_101487	112	166	67	39	19	25	5	4	7
Interval_101492	2	6	38	16	15	13	0	0	2
Interval_101514	1	5	171	93	49	35	28	27	19
Interval_101569	41	59	17	7	28	36	15	20	29
Interval_101601	637	973	219	124	476	517	257	266	322
Interval_101615	6	2	176	115	29	31	5	4	3
Interval_101640	683	972	302	197	735	709	377	430	601
Interval_101648	3	9	1	0	4	1	0	1	1
Interval_101709	1	8	101	62	18	14	1	5	1
Interval_101757	54	98	55	44	24	18	3	3	5
Interval_101815	16	24	57	27	13	12	0	3	5
Interval_101824	6	23	29	14	18	19	2	3	2
Interval_101855	2	1	111	73	23	15	2	0	1
Interval_101942	12	21	71	39	25	40	0	4	5
Interval_101944	23	35	38	20	19	19	2	2	2
Interval_101986	26	64	14	8	26	48	14	10	16
Interval_101989	321	454	18	12	184	193	294	322	450
Interval_102064	14	27	18	8	25	28	0	3	2
Interval_102069	90	134	28	20	15	9	5	4	7
Interval_102077	3	4	45	11	8	12	0	4	1
Interval_102085	1071	1235	452	273	997	1099	520	616	756
Interval_102103	18	24	49	29	24	27	2	6	3
Interval_102123	107	123	58	31	59	54	7	15	17
Interval_102125	7	15	36	18	14	10	0	0	3
Interval_102147	74	114	27	20	15	21	0	2	4
Interval_102149	8	19	78	53	24	29	10	6	4
Interval_102163	33	54	10	12	20	28	12	12	12
Interval_102188	30	63	24	11	34	45	14	30	48
Interval_102191	6	5	58	26	123	93	39	45	31
Interval_102198	84	132	99	59	277	396	303	357	289
Interval_102207	27	44	15	9	33	30	17	33	32
Interval_102236	448	626	186	103	390	396	267	280	352
Interval_102270	286	441	164	104	296	306	131	134	183
Interval_102329	62	108	28	10	48	43	32	29	35
Interval_102334	40	61	17	10	30	34	18	20	23
Interval_102354	6	18	187	114	61	59	16	8	15
Interval_102362	20	22	15	8	17	32	21	10	17
Interval_102367	278	415	131	85	357	382	206	250	290
Interval_102389	449	546	187	92	389	404	220	262	328
Interval_102435	21	45	90	45	35	31	8	10	11
Interval_102437	11	16	39	31	22	20	4	2	5
Interval_102526	5	9	86	33	57	57	6	4	11
Interval_102548	47	70	11	6	20	11	23	26	30
Interval_102567	58	75	2	1	3	9	0	3	3
Interval_102610	139	193	5	3	4	4	1	0	1
Interval_102611	53	81	80	50	17	16	2	3	2
Interval_102616	19	42	45	29	11	14	4	5	2
Interval_102650	71	107	150	97	57	57	5	5	7
Interval_102654	70	107	150	83	53	48	4	0	6
Interval_102663	222	305	71	45	166	174	28	42	43
Interval_102700	21	34	104	63	31	25	5	12	14
Interval_102702	170	197	117	66	154	168	87	115	156
Interval_102712	519	686	230	121	194	140	10	9	16
Interval_102724	320	381	40	25	10	13	1	6	1
Interval_102725	66	88	1	0	1	5	2	2	1
Interval_102745	89	134	12	3	86	99	110	137	137
Interval_102779	34	50	143	100	8	8	3	5	1
Interval_102782	6	7	38	33	9	7	3	0	2
Interval_102786	20	26	157	125	61	38	6	12	9
Interval_102796	3	15	225	141	133	115	10	17	13
Interval_102831	22	27	15	10	22	29	13	12	10
Interval_102835	10	12	84	52	46	40	3	3	4
Interval_102842	230	278	6	11	72	62	4	6	7
Interval_102890	29	30	16	6	17	26	6	12	14
Interval_102915	18	22	5	2	50	62	127	150	156
Interval_102929	5	6	93	42	35	33	10	11	10
Interval_102948	3	6	120	69	142	128	29	26	36
Interval_102949	4	5	412	235	630	571	71	130	121
Interval_102975	3	9	91	63	40	30	12	14	10
Interval_102982	10	9	313	170	87	59	16	32	28
Interval_102993	11	13	83	48	318	278	67	82	106
Interval_103001	8	10	145	89	299	280	63	80	76
Interval_103011	46	75	166	83	537	533	351	403	459
Interval_103018	14	21	149	106	714	831	484	513	631
Interval_103060	9	9	0	1	4	4	1	1	3
Interval_103088	1	2	58	27	0	2	1	1	1
Interval_103119	28	32	11	1	32	33	14	13	14
Interval_103134	817	1035	306	184	711	797	405	438	650
Interval_103184	269	380	114	80	234	242	99	105	134
Interval_103194	327	583	116	76	258	297	145	157	217
Interval_103209	19	25	67	46	451	393	206	220	305
Interval_103265	8	7	8	5	11	3	1	1	1
Interval_103303	4	3	55	38	14	4	0	3	1
Interval_103331	22	37	9	7	22	26	10	12	28
Interval_103345	667	731	35	30	128	112	35	44	75
Interval_103358	26	24	59	38	149	153	99	116	151
Interval_103385	2	1	64	46	24	22	4	2	2
Interval_103395	2	7	38	19	2	3	1	0	0
Interval_103396	1	5	12	7	4	6	6	4	5
Interval_103402	3	11	141	67	27	18	0	2	0
Interval_103441	34	50	14	13	29	32	18	13	21
Interval_103458	165	213	142	82	72	76	20	17	35
Interval_103462	418	589	188	147	430	414	210	242	285
Interval_103475	2	5	82	50	6	1	0	1	1
Interval_103476	5	5	138	67	71	75	34	17	13
Interval_103480	4	12	81	47	16	11	4	4	1
Interval_103495	5	3	48	45	14	12	2	1	1
Interval_103550	285	513	140	95	265	278	125	130	194
Interval_103588	376	489	145	95	400	407	215	215	298
Interval_103617	2	3	75	22	3	1	1	2	2
Interval_103665	49	61	38	19	50	41	7	11	14
Interval_103666	647	863	27	24	98	93	57	67	56
Interval_103701	12	15	136	74	11	12	4	6	3
Interval_103732	24	24	47	23	16	22	2	0	4
Interval_103762	2	0	35	15	9	12	1	4	0
Interval_103769	441	619	183	115	520	539	224	293	305
Interval_103773	75	102	63	40	93	84	7	8	8
Interval_103780	4	6	47	26	7	6	0	4	4
Interval_103787	657	843	239	133	488	560	287	308	393
Interval_103796	100	118	184	119	689	754	573	636	787
Interval_103799	482	691	181	129	490	546	317	295	386
Interval_103809	503	716	150	112	368	415	274	245	308
Interval_103813	361	572	99	59	94	104	28	34	51
Interval_103884	385	580	127	73	229	324	205	212	236
Interval_103902	13	13	167	90	309	261	198	197	292
Interval_103905	0	5	63	60	64	60	27	22	22
Interval_103915	10	16	60	38	178	174	65	54	79
Interval_103933	52	64	211	160	632	605	158	153	195
Interval_103949	126	148	50	27	72	87	49	54	54
Interval_104015	1	4	1	1	1	1	1	1	0
Interval_104021	29	33	4	3	4	4	4	2	1
Interval_104033	1694	2180	565	357	1197	1220	801	851	966
Interval_104059	131	180	94	59	132	137	50	65	78
Interval_104069	2	12	63	35	59	49	14	9	19
Interval_104075	947	1241	368	235	917	986	444	501	719
Interval_104093	223	367	145	105	368	350	159	192	240
Interval_104160	3	8	2	4	5	5	0	2	3
Interval_104166	74	88	308	161	502	453	147	141	214
Interval_104205	613	799	300	162	784	829	357	377	517
Interval_104248	5	7	7	2	3	4	4	0	1
Interval_104253	8	7	82	54	6	5	0	1	1
Interval_104254	2	8	26	7	117	118	67	102	75
Interval_104279	134	183	2	2	5	10	1	3	3
Interval_104312	67	98	16	11	5	5	0	0	1
Interval_104316	536	662	81	46	128	102	13	10	18
Interval_104340	118	149	21	20	36	44	21	24	28
Interval_104381	14	22	12	7	153	167	194	197	182
Interval_104391	172	202	16	16	79	76	10	10	22
Interval_104425	6	10	73	48	34	33	19	29	45
Interval_104443	38	73	139	95	92	93	59	49	74
Interval_104485	19	26	48	36	40	36	3	5	3
Interval_104495	18	22	13	11	123	156	187	181	191
Interval_104592	20	31	19	12	107	138	220	237	319
Interval_104595	5	8	1	0	2	4	18	8	16
Interval_104601	33	62	57	32	161	176	223	218	237
Interval_104605	17	21	7	2	119	150	259	302	364
Interval_104608	37	79	20	14	269	376	404	420	507
Interval_104615	7	12	3	1	15	30	62	58	52
Interval_104621	4	4	95	61	160	170	25	53	56
Interval_104627	12	19	3	5	41	47	73	74	74
Interval_104630	257	382	117	66	242	251	182	217	233
Interval_104680	6	6	41	18	86	90	44	51	57
Interval_104687	25	18	4	6	15	10	8	6	8
Interval_104723	1	15	67	35	26	28	12	9	5
Interval_104738	81	117	210	127	127	112	18	19	28
Interval_104762	84	110	43	22	83	87	60	77	83
Interval_104890	561	773	291	180	663	749	242	258	374
Interval_104891	218	288	124	78	169	176	100	111	143
Interval_104938	18	23	6	4	10	9	1	4	11
Interval_105008	26	42	12	11	17	20	14	13	7
Interval_105054	26	16	3	5	74	67	11	26	20
Interval_105080	29	43	19	7	17	17	11	9	16
Interval_105084	20	25	194	113	341	319	66	101	109
Interval_105144	10	15	0	0	6	6	3	6	1
Interval_105172	7	27	7	3	123	124	167	164	235
Interval_105174	85	111	67	46	613	683	401	460	590
Interval_105176	174	253	41	21	129	145	108	108	171
Interval_105206	3	5	43	25	24	18	10	5	5
Interval_105221	117	169	214	112	183	140	53	53	75
Interval_105237	22	25	55	24	2	3	0	1	1
Interval_105243	90	101	7	0	9	5	2	0	0
Interval_105288	4	4	78	51	8	13	3	2	1
Interval_105404	87	124	33	18	47	39	3	4	6
Interval_105413	15	11	7	7	27	33	7	13	12
Interval_105419	20	22	1	3	6	1	2	3	2
Interval_105436	370	541	234	119	553	634	176	193	405
Interval_105456	19	31	13	6	23	16	16	14	11
Interval_105511	122	221	61	38	139	114	41	67	55
Interval_105515	167	224	28	19	37	32	10	12	13
Interval_105522	12	16	3	5	2	5	1	0	3
Interval_105527	22	25	211	142	144	118	20	31	21
Interval_105616	3	4	45	31	8	6	1	2	3
Interval_105727	1	1	0	1	4	3	0	0	3
Interval_105729	2	8	40	26	58	47	34	35	42
Interval_105743	4	12	15	8	43	55	62	77	97
Interval_105761	1	4	50	31	3	2	1	0	0
Interval_105780	25	50	81	51	10	12	1	2	2
Interval_105791	4	3	49	35	2	2	0	1	0
Interval_105798	7	14	75	38	58	48	40	62	52
Interval_105825	606	851	260	166	614	718	345	421	598
Interval_105832	224	283	129	90	234	260	134	127	162
Interval_105858	998	1152	285	216	822	876	440	484	574
Interval_105867	219	335	145	71	153	186	58	72	95
Interval_105885	548	719	225	125	539	595	250	274	401
Interval_105934	12	34	69	63	51	58	10	14	11
Interval_105952	22	28	4	6	10	13	9	3	6
Interval_106005	1639	2042	633	363	1708	1600	968	1051	1299
Interval_106020	720	1001	275	173	700	728	375	429	517
Interval_106069	22	30	2	7	24	21	13	25	12
Interval_106078	698	1009	298	193	856	866	467	517	640
Interval_106080	27	44	214	140	579	525	211	251	280
Interval_106104	22	35	7	6	34	27	11	8	19
Interval_106109	104	140	380	272	1076	1001	618	652	818
Interval_106132	49	70	27	19	30	46	22	21	30
Interval_106135	85	150	18	12	48	29	24	27	31
Interval_106219	307	524	173	104	362	376	170	182	247
Interval_106240	157	243	106	47	185	195	109	120	152
Interval_106241	141	186	22	18	33	32	5	6	5
Interval_106247	166	245	90	47	112	117	81	84	103
Interval_106248	4	11	10	9	1	1	2	4	5
Interval_106307	14	21	12	5	22	20	8	11	12
Interval_106312	568	793	392	248	847	929	307	337	433
Interval_106348	17	30	102	46	106	64	27	29	38
Interval_106358	791	1013	306	172	690	676	318	364	589
Interval_106381	12	14	13	8	11	19	3	3	3
Interval_106399	1	6	2	3	1	4	0	1	2
Interval_106407	255	403	116	68	249	254	119	105	171
Interval_106457	50	43	252	137	416	484	218	221	274
Interval_106470	296	408	177	118	362	380	250	249	287
Interval_106473	176	242	100	56	274	234	99	111	139
Interval_106487	307	433	104	53	223	229	157	169	200
Interval_106551	211	298	96	62	277	282	147	144	170
Interval_106564	2	7	108	65	25	18	11	9	7
Interval_106638	737	1004	312	201	711	725	289	339	404
Interval_106674	0	2	5	5	2	0	1	0	3
Interval_106700	762	1040	300	164	725	827	427	433	547
Interval_106727	45	70	23	13	44	77	52	51	52
Interval_106755	18	33	50	28	158	154	46	51	57
Interval_106763	252	362	89	47	249	244	141	148	182
Interval_106796	775	1061	275	164	769	818	376	422	493
Interval_106804	349	500	78	36	369	414	290	277	310
Interval_106805	1	5	4	8	57	56	38	39	33
Interval_106821	132	191	70	47	132	121	21	23	36
Interval_106826	1024	1108	307	210	929	899	460	520	590
Interval_106859	43	41	13	10	20	29	14	18	27
Interval_106874	797	1080	398	230	795	882	421	427	590
Interval_106886	1339	1690	455	271	1156	1174	659	708	904
Interval_106899	21	62	10	12	32	32	10	9	16
Interval_106911	202	292	110	67	183	192	113	90	129
Interval_106925	69	106	24	18	44	72	33	30	45
Interval_106959	274	341	13	10	284	344	309	324	375
Interval_106971	584	813	274	144	722	739	362	383	570
Interval_107048	47	58	22	8	15	22	4	7	1
Interval_107095	25	38	11	4	24	21	18	16	23
Interval_107143	45	61	2	5	93	87	114	110	139
Interval_107174	844	1212	291	175	769	823	333	418	455
Interval_107177	746	937	360	233	775	841	465	517	723
Interval_107180	95	137	81	46	189	191	99	113	126
Interval_107184	206	322	78	46	178	184	106	114	120
Interval_107275	196	220	73	53	168	148	79	80	114
Interval_107346	5	6	3	3	3	1	0	0	2
Interval_107360	95	122	17	10	81	109	193	198	206
Interval_107376	3	8	129	81	50	28	5	7	5
Interval_107418	24	37	15	11	71	100	134	139	188
Interval_107429	266	371	90	68	174	220	152	140	184
Interval_107454	2	1	4	0	2	1	0	0	0
Interval_107473	219	319	50	39	313	293	322	385	408
Interval_107494	10	19	164	88	100	115	92	81	84
Interval_107511	689	876	146	86	458	478	250	249	343
Interval_107555	384	508	416	286	1709	1761	1010	1122	1421
Interval_107598	28	17	25	22	19	31	2	3	3
Interval_107642	9	10	3	7	10	11	2	3	3
Interval_107673	137	175	12	4	36	59	130	154	173
Interval_107700	25	29	15	5	15	25	16	11	12
Interval_107705	914	1329	268	168	637	709	458	503	548
Interval_107712	15	19	6	4	14	15	11	12	5
Interval_107744	11	35	15	10	27	30	19	15	14
Interval_107791	1081	1384	382	232	909	941	524	542	736
Interval_107846	283	405	91	74	238	246	107	108	155
Interval_107854	22	75	352	230	1086	1057	302	354	436
Interval_107859	9	11	40	22	33	24	3	1	5
Interval_107881	393	511	180	108	547	526	267	304	366
Interval_107892	390	553	139	90	377	390	176	215	243
Interval_107895	27	46	14	6	22	30	21	18	23
Interval_107973	12	15	104	76	6	8	1	0	2
Interval_108001	4	9	57	33	2	4	0	1	1
Interval_108027	39	56	22	21	226	229	304	303	376
Interval_108028	137	193	127	89	464	485	256	270	347
Interval_108035	38	56	23	25	45	45	37	35	45
Interval_108057	12	46	6	3	2	4	0	0	0
Interval_108089	6	5	54	41	47	46	15	10	11
Interval_108117	5	11	80	44	57	56	22	17	23
Interval_108153	406	505	37	21	71	72	4	8	10
Interval_108183	473	621	240	153	141	144	51	53	57
Interval_108326	183	263	52	35	218	246	173	203	220
Interval_108332	17	23	67	45	59	35	4	9	14
Interval_108389	7	10	8	7	52	38	41	50	71
Interval_108463	18	6	62	33	32	53	32	43	57
Interval_108465	103	188	299	168	341	292	336	377	523
Interval_108476	62	104	9	4	85	73	88	103	148
Interval_108478	18	27	75	52	90	102	31	31	45
Interval_108490	2	2	7	3	38	57	41	62	66
Interval_108495	8	10	6	10	208	186	211	243	258
Interval_108510	1	2	31	15	27	14	9	13	8
Interval_108515	5	6	16	16	39	33	69	61	49
Interval_108553	3	7	25	11	6	3	1	2	3
Interval_108574	73	119	29	14	254	242	209	240	279
Interval_108618	138	193	6	4	5	5	2	5	0
Interval_108631	116	162	8	5	7	16	2	3	2
Interval_108641	555	706	45	39	40	63	14	12	19
Interval_108649	435	485	94	55	539	500	194	226	297
Interval_108671	156	257	91	36	101	129	44	50	57
Interval_108687	2	4	3	0	2	0	0	0	0
Interval_108732	2	1	62	26	17	12	2	1	2
Interval_108735	12	11	57	37	72	89	40	59	42
Interval_108817	195	238	36	18	53	54	12	13	27
Interval_108887	122	136	4	2	185	187	214	187	267
Interval_108909	77	124	35	14	81	95	35	40	68
Interval_108933	79	102	1	2	0	0	0	1	0
Interval_108956	320	342	19	8	33	28	10	7	6
Interval_108988	7	17	32	20	8	9	1	0	2
Interval_108989	56	80	66	49	30	23	6	5	15
Interval_108999	38	71	307	168	676	629	346	399	466
Interval_109011	23	32	10	5	14	24	7	9	6
Interval_109021	11	27	14	6	28	26	12	12	30
Interval_109047	34	50	120	54	304	265	128	172	173
Interval_109146	3	5	99	67	83	56	5	11	7
Interval_109153	787	931	49	27	73	77	23	17	30
Interval_109193	39	60	12	19	15	27	4	5	7
Interval_109194	30	29	25	10	21	25	17	10	14
Interval_109265	2	5	42	18	19	22	7	12	6
Interval_109270	422	628	163	91	433	430	162	175	231
Interval_109271	574	773	181	116	418	406	198	224	286
Interval_109285	335	436	114	84	335	353	159	174	231
Interval_109384	7	8	33	25	7	11	1	6	2
Interval_109419	514	742	157	119	485	463	242	209	310
Interval_109524	58	88	14	6	16	28	22	22	36
Interval_109526	6	11	6	2	10	12	8	9	13
Interval_109535	22	43	35	18	5	7	1	1	1
Interval_109566	25	29	16	6	17	24	10	5	10
Interval_109569	24	32	5	8	34	34	22	28	18
Interval_109622	1	2	71	43	4	0	0	0	0
Interval_109696	74	85	13	7	25	24	33	29	20
Interval_109715	5	8	53	39	20	23	0	4	1
Interval_109723	8	14	48	33	25	26	19	12	13
Interval_109749	668	912	248	151	560	564	367	310	404
Interval_109769	52	100	206	107	416	389	154	153	171
Interval_109780	31	68	14	8	101	115	92	100	150
Interval_109815	3	10	11	7	13	19	13	11	14
Interval_109908	1	0	21	20	1	4	0	0	0
Interval_109922	56	72	19	9	61	44	22	33	30
Interval_109952	9	20	12	7	1	3	0	0	1
Interval_109957	524	703	192	123	442	420	203	218	272
Interval_109959	2	5	104	48	25	23	24	26	30
Interval_110065	737	915	269	183	708	698	285	331	545
Interval_110071	25	52	18	10	34	34	11	9	14
Interval_110146	7	12	55	41	65	62	11	17	18
Interval_110157	6	5	36	28	19	16	3	6	5
Interval_110207	6	16	342	203	254	198	16	16	10
Interval_110209	245	291	99	63	194	192	154	142	171
Interval_110224	6	7	5	5	14	18	62	56	66
Interval_110238	1	6	51	25	3	3	1	0	2
Interval_110240	629	878	300	198	712	736	342	332	417
Interval_110241	369	484	198	97	407	385	185	188	270
Interval_110244	27	34	11	8	13	12	5	5	2
Interval_110254	2	5	12	12	3	3	3	5	2
Interval_110281	115	135	42	25	30	23	12	14	11
Interval_110295	9	11	0	1	0	1	1	0	0
Interval_110318	41	60	70	36	217	202	223	223	244
Interval_110320	47	70	29	14	61	66	34	46	38
Interval_110347	34	44	40	31	15	11	1	3	3
Interval_110378	53	72	457	232	269	261	30	28	40
Interval_110437	151	203	17	8	270	265	214	234	246
Interval_110482	3	3	4	2	2	4	1	2	0
Interval_110487	808	1184	270	177	726	761	407	481	551
Interval_110493	6	7	1	5	5	1	1	1	0
Interval_110545	454	609	179	124	483	516	285	285	390
Interval_110663	44	56	20	11	34	24	5	9	12
Interval_110690	231	289	110	80	247	216	136	171	223
Interval_110725	75	103	30	19	200	203	204	246	264
Interval_110753	281	378	150	92	219	187	119	132	151
Interval_110840	9	13	26	30	9	13	0	2	2
Interval_110909	1621	2027	595	386	1448	1461	990	1090	1281
Interval_110918	1006	1287	538	308	1185	1332	593	578	855
Interval_110923	35	62	105	60	48	45	18	26	11
Interval_110943	49	73	16	11	33	45	23	25	33
Interval_110960	88	161	35	18	13	19	1	3	3
Interval_110970	15	14	67	35	20	32	7	6	13
Interval_110984	230	327	51	24	390	419	324	320	394
Interval_110992	21	30	9	4	10	12	10	6	4
Interval_111010	1	4	4	3	7	10	8	7	3
Interval_111042	4	14	50	26	102	91	28	28	33
Interval_111045	5	4	6	4	19	18	8	9	11
Interval_111047	59	75	30	21	55	71	29	34	42
Interval_111048	72	97	30	13	51	58	32	31	48
Interval_111051	64	84	52	40	232	261	235	280	271
Interval_111098	17	36	4	0	2	4	3	3	0
Interval_111176	73	120	13	6	9	15	3	0	4
Interval_111285	7	9	14	11	1	10	1	1	3
Interval_111292	3	12	176	126	75	74	4	4	3
Interval_111372	22	36	267	157	95	119	34	52	39
Interval_111374	48	63	40	16	96	101	114	114	96
Interval_111496	462	665	182	113	363	446	193	210	340
Interval_111504	5	2	2	0	2	2	0	0	0
Interval_111556	17	17	12	4	19	19	3	6	13
Interval_111558	1007	1405	356	240	760	903	530	616	791
Interval_111595	11	12	29	26	13	13	2	3	3
Interval_111637	42	71	146	91	75	64	25	24	31
Interval_111649	3	3	153	97	17	10	3	3	4
Interval_111659	30	55	16	7	40	41	21	18	49
Interval_111678	2	2	32	13	5	10	6	2	6
Interval_111689	7	19	100	63	20	16	6	10	5
Interval_111708	11	28	10	5	14	12	9	4	5
Interval_111716	2	1	59	36	2	5	0	0	1
Interval_111718	186	281	114	66	122	125	110	109	155
Interval_111738	14	17	19	9	149	191	175	183	204
Interval_111743	8	7	12	3	11	12	3	5	11
Interval_111755	825	1078	253	183	758	823	412	448	588
Interval_111758	4	12	1	0	25	33	111	124	153
Interval_111791	12	14	6	9	108	85	74	82	89
Interval_111809	469	685	174	111	462	463	212	215	267
Interval_111831	60	109	22	15	76	67	33	29	51
Interval_111850	6	10	2	3	3	2	0	1	0
Interval_111859	24	42	52	31	260	289	255	298	385
Interval_111909	459	590	232	163	491	582	314	318	395
Interval_111911	962	1208	354	240	817	848	541	576	676
Interval_111934	37	89	19	12	31	39	17	23	14
Interval_111941	26	31	12	8	26	23	12	10	7
Interval_111946	1	0	38	25	26	13	5	18	6
Interval_111947	9	6	91	68	89	73	18	17	24
Interval_111948	2	4	62	27	99	85	39	38	35
Interval_111955	5	5	194	131	170	130	7	7	13
Interval_111958	22	27	62	29	82	74	19	16	25
Interval_111987	622	904	241	125	618	667	341	358	515
Interval_112000	671	941	238	144	569	657	288	341	388
Interval_112016	4	14	62	33	52	44	1	8	4
Interval_112059	9	13	42	22	77	76	88	87	109
Interval_112071	582	831	249	113	431	495	226	234	298
Interval_112073	520	661	276	170	629	644	382	409	510
Interval_112076	185	286	238	141	734	754	395	398	575
Interval_112106	465	650	190	125	537	579	264	263	378
Interval_112115	926	1160	381	261	952	1011	547	612	758
Interval_112123	9	13	121	85	21	17	2	7	8
Interval_112140	68	90	4	8	12	13	3	2	1
Interval_112147	3	10	121	67	4	5	1	0	0
Interval_112233	4	5	63	49	99	99	27	29	42
Interval_112253	15	14	8	5	12	15	5	8	8
Interval_112271	199	256	5	3	13	14	2	0	2
Interval_112287	26	41	10	7	22	30	23	9	18
Interval_112292	2	7	207	130	220	186	125	96	109
Interval_112300	17	21	91	57	100	90	35	27	27
Interval_112319	3	9	2	2	16	14	3	0	0
Interval_112332	73	127	41	15	4	5	0	0	2
Interval_112381	134	210	14	5	9	10	1	0	2
Interval_112384	27	37	3	4	4	8	6	3	2
Interval_112395	492	735	168	103	398	447	191	216	280
Interval_112450	360	464	113	85	286	328	158	159	242
Interval_112493	278	468	149	80	337	355	213	211	298
Interval_112502	444	661	157	106	357	417	151	186	261
Interval_112505	18	15	14	5	11	7	5	3	6
Interval_112508	762	999	275	156	782	822	408	413	648
Interval_112531	1	2	87	45	45	56	11	14	11
Interval_112560	3	3	85	59	17	15	12	6	7
Interval_112566	9	17	64	26	37	27	10	14	24
Interval_112590	2	2	1	1	1	5	0	0	0
Interval_112591	685	997	224	163	569	638	356	376	445
Interval_112631	3	7	3	3	39	45	40	42	61
Interval_112633	165	221	73	57	158	176	92	81	123
Interval_112688	160	200	59	35	112	132	62	55	72
Interval_112743	13	36	55	45	166	152	47	70	65
Interval_112752	16	17	47	36	159	144	41	48	86
Interval_112759	18	31	58	44	279	244	111	116	112
Interval_112778	100	173	81	44	165	165	63	92	90
Interval_112791	64	68	14	2	44	47	12	11	13
Interval_112810	13	12	187	120	41	39	6	5	9
Interval_112822	43	69	254	132	429	426	331	336	359
Interval_112835	1	3	3	0	4	4	2	1	0
Interval_112848	942	1314	431	279	1207	1182	535	572	806
Interval_112865	35	53	17	7	22	19	16	17	19
Interval_112874	13	19	83	47	46	60	12	12	22
Interval_112900	177	293	103	61	236	276	153	149	177
Interval_112907	340	397	142	83	305	322	150	140	155
Interval_112912	167	246	210	94	184	194	76	84	111
Interval_112916	869	1059	414	220	1048	1070	504	518	750
Interval_112948	484	694	225	132	568	606	255	279	336
Interval_112962	35	54	28	17	65	65	30	34	46
Interval_112964	409	594	261	170	524	582	295	335	394
Interval_112968	73	79	34	10	59	58	39	39	44
Interval_112999	5	6	2	0	1	2	2	1	0
Interval_113005	17	18	11	11	13	26	7	5	3
Interval_113019	0	3	78	38	4	4	0	1	2
Interval_113027	18	27	4	3	9	16	4	6	5
Interval_113032	33	64	17	4	24	46	13	23	39
Interval_113085	57	62	0	1	1	2	0	0	0
Interval_113098	598	788	256	161	728	744	418	453	575
Interval_113106	175	228	66	49	64	42	6	7	6
Interval_113108	53	70	26	10	43	47	25	29	26
Interval_113154	317	459	127	84	286	269	177	169	211
Interval_113174	476	691	214	121	593	599	305	331	428
Interval_113222	4	4	109	67	68	67	19	22	24
Interval_113235	30	56	28	20	10	7	1	2	0
Interval_113257	23	45	19	7	41	39	23	16	22
Interval_113260	366	498	133	73	309	332	172	198	230
Interval_113273	41	95	5	7	3	0	0	0	4
Interval_113296	61	67	22	16	32	39	29	41	47
Interval_113319	181	347	91	56	168	179	67	78	80
Interval_113502	108	140	481	273	409	396	115	130	119
Interval_113517	41	28	17	11	21	32	6	6	16
Interval_113518	660	804	291	176	657	634	287	338	381
Interval_113519	2080	2536	673	467	1847	1900	1117	1215	1668
Interval_113541	593	754	204	127	558	591	226	275	400
Interval_113542	3	2	1	1	5	2	0	0	0
Interval_113584	52	75	69	49	79	85	12	8	15
Interval_113607	677	831	356	241	657	718	403	489	521
Interval_113624	0	5	73	56	13	4	0	2	0
Interval_113627	39	55	15	12	23	32	13	10	23
Interval_113642	17	22	6	2	19	12	6	9	23
Interval_113679	6	5	3	2	16	16	2	7	7
Interval_113706	166	237	10	3	9	7	1	7	7
Interval_113744	91	107	7	4	12	15	1	4	2
Interval_113762	3	7	6	4	34	49	141	143	163
Interval_113806	98	134	36	18	61	71	41	51	69
Interval_113926	45	66	28	20	40	39	17	19	19
Interval_114096	11	7	4	0	7	8	4	1	2
Interval_114097	728	975	257	163	543	540	260	295	394
Interval_114105	149	174	2	5	2	2	0	0	2
Interval_114137	10	18	5	6	22	21	3	13	7
Interval_114153	13	14	67	43	41	34	6	4	9
Interval_114166	95	143	41	21	64	77	52	50	57
Interval_114190	61	98	7	4	5	9	0	2	2
Interval_114218	219	317	11	11	13	15	6	8	17
Interval_114219	762	922	40	32	201	187	106	115	146
Interval_114229	48	69	79	65	157	188	180	188	281
Interval_114302	3	7	84	43	7	5	1	2	1
Interval_114306	1	5	52	31	5	12	1	3	2
Interval_114345	303	486	143	76	288	289	108	123	185
Interval_114363	73	113	4	2	6	6	0	5	1
Interval_114376	121	185	49	33	22	39	1	11	5
Interval_114407	2	6	47	33	3	3	1	1	1
Interval_114410	0	2	70	30	26	18	2	4	1
Interval_114426	22	31	78	49	219	229	181	155	180
Interval_114431	13	12	70	46	98	155	44	61	57
Interval_114463	17	16	139	83	32	18	1	0	1
Interval_114504	113	133	18	11	36	50	27	27	33
Interval_114522	2	1	59	29	4	7	0	1	1
Interval_114555	4	2	100	35	2	2	0	3	2
Interval_114558	5	11	128	69	60	54	5	10	4
Interval_114571	8	20	44	25	111	109	38	34	21
Interval_114575	38	49	479	331	511	447	61	72	59
Interval_114591	14	30	421	263	402	330	58	89	67
Interval_114593	1	1	104	55	40	25	1	4	6
Interval_114595	5	16	50	30	19	23	2	2	2
Interval_114607	2	9	2	0	0	2	0	1	0
Interval_114614	25	45	3	4	5	4	2	4	2
Interval_114687	167	231	12	1	65	53	66	79	101
Interval_114691	357	444	8	15	20	25	3	1	5
Interval_114717	316	362	162	109	75	72	16	26	24
Interval_114727	19	18	2	3	0	2	1	1	3
Interval_114737	18	22	20	13	10	10	1	2	1
Interval_114833	19	27	10	2	20	17	7	7	6
Interval_114842	54	78	6	10	10	15	5	8	12
Interval_114891	201	242	19	7	14	13	2	4	2
Interval_114898	4	4	144	80	57	41	17	19	22
Interval_114906	8	30	76	42	65	76	25	19	30
Interval_114943	10	15	121	77	115	138	50	55	52
Interval_115028	16	25	9	2	16	22	11	15	14
Interval_115095	0	0	3	4	2	4	1	1	3
Interval_115107	24	46	12	7	26	34	18	26	29
Interval_115113	28	45	84	50	75	40	9	14	8
Interval_115123	14	23	71	43	144	135	38	51	75
Interval_115127	24	30	281	162	335	356	211	200	215
Interval_115140	1	1	53	36	4	5	2	1	2
Interval_115208	37	64	61	40	37	39	10	6	10
Interval_115226	17	24	3	2	22	22	45	42	62
Interval_115229	48	63	256	165	95	75	11	14	24
Interval_115230	4	6	3	4	2	0	1	0	3
Interval_115250	110	132	30	22	83	90	36	57	41
Interval_115251	406	567	162	99	310	346	172	160	210
Interval_115323	2	4	82	35	18	5	1	2	2
Interval_115324	2	3	44	33	9	8	1	4	5
Interval_115359	300	440	153	93	266	235	111	113	143
Interval_115371	880	1118	367	234	774	773	403	411	522
Interval_115393	48	87	22	12	221	217	142	147	201
Interval_115434	305	478	148	79	352	364	124	132	167
Interval_115458	287	350	98	65	223	270	120	142	201
Interval_115495	500	663	232	138	448	487	203	194	263
Interval_115506	474	573	167	117	498	494	253	261	360
Interval_115523	14	28	12	6	29	26	18	18	18
Interval_115532	71	107	35	15	59	52	44	25	50
Interval_115553	13	42	111	62	112	83	17	24	15
Interval_115563	1697	2122	662	467	1843	1788	809	898	1185
Interval_115593	1321	1684	434	282	1149	1210	701	792	975
Interval_115624	14	19	10	6	14	10	7	3	9
Interval_115647	376	642	175	109	367	368	197	226	257
Interval_115667	65	93	99	63	359	368	244	280	315
Interval_115688	34	70	31	14	30	39	14	17	27
Interval_115717	779	896	299	177	769	753	402	425	574
Interval_115731	16	33	6	6	16	23	11	11	8
Interval_115768	516	662	34	28	126	128	37	42	39
Interval_115771	19	40	174	95	100	91	12	9	11
Interval_115773	179	246	70	45	231	221	122	142	155
Interval_115776	249	326	32	17	64	72	21	19	22
Interval_115804	1200	1404	367	241	1000	1002	494	533	706
Interval_115870	15	17	25	11	25	12	5	7	8
Interval_115933	313	447	124	66	305	297	120	159	216
Interval_115983	5	3	71	44	8	12	1	0	0
Interval_116000	6	5	157	117	19	25	2	1	2
Interval_116001	1	3	60	46	28	26	7	4	9
Interval_116030	18	22	291	163	174	149	22	38	45
Interval_116033	726	1124	230	126	569	519	334	330	372
Interval_116055	12	15	149	95	281	258	61	57	86
Interval_116063	16	27	47	28	16	12	6	4	4
Interval_116069	28	47	11	5	18	21	12	11	12
Interval_116137	360	453	9	4	10	21	4	3	0
Interval_116138	52	103	41	28	8	7	2	3	0
Interval_116158	2	9	213	125	49	54	16	11	18
Interval_116188	66	93	80	40	52	53	11	7	8
Interval_116207	5	8	26	33	31	29	3	5	4
Interval_116227	147	206	35	32	61	72	36	44	67
Interval_116234	568	850	287	200	646	684	305	371	439
Interval_116247	105	117	5	4	33	26	11	16	19
Interval_116256	3	1	0	1	2	2	2	1	3
Interval_116260	65	124	29	27	22	24	6	6	12
Interval_116282	44	56	36	19	54	36	24	31	27
Interval_116411	489	663	206	140	502	549	274	293	330
Interval_116412	203	377	148	76	265	217	100	99	152
Interval_116458	576	759	208	115	621	603	253	267	514
Interval_116480	847	966	6	6	11	10	12	6	7
Interval_116496	1	4	43	30	34	24	7	7	5
Interval_116532	366	557	36	28	59	53	45	47	47
Interval_116549	41	61	18	15	30	33	11	21	26
Interval_116558	3	8	2	5	23	36	55	41	95
Interval_116566	32	53	52	35	444	380	208	252	276
Interval_116652	37	70	92	60	613	562	521	547	648
Interval_116667	44	48	24	14	44	36	25	27	37
Interval_116675	7	11	6	4	103	101	136	167	175
Interval_116719	36	77	204	114	313	300	245	294	361
Interval_116720	29	53	32	16	46	57	204	200	214
Interval_116729	1486	1740	501	307	1201	1165	564	629	752
Interval_116747	11	7	211	132	45	37	3	2	3
Interval_116802	313	455	209	133	453	499	197	200	372
Interval_116812	2	3	116	76	52	47	12	11	14
Interval_116866	229	232	8	8	15	17	13	11	20
Interval_116867	121	159	4	7	7	11	0	2	0
Interval_116901	6	9	13	5	2	1	0	4	0
Interval_116906	322	506	198	117	252	275	203	192	209
Interval_116943	3	3	0	7	2	4	2	2	0
Interval_116957	33	52	17	10	33	39	37	33	41
Interval_116958	2	4	35	24	48	37	3	7	4
Interval_116962	100	140	60	34	125	129	55	61	58
Interval_116964	10	26	148	107	66	76	29	24	40
Interval_116985	14	18	32	21	15	15	1	3	4
Interval_117079	19	31	7	9	17	10	8	14	17
Interval_117084	364	464	20	18	94	100	63	90	89
Interval_117110	195	275	38	34	62	61	8	14	15
Interval_117141	902	1207	545	321	1107	1071	486	543	643
Interval_117161	8	12	42	17	9	8	1	1	2
Interval_117164	15	26	79	34	39	45	6	7	11
Interval_117194	21	29	33	33	7	11	5	2	2
Interval_117202	534	765	193	134	524	515	277	284	314
Interval_117234	469	582	154	103	517	526	340	353	441
Interval_117250	108	143	37	18	84	100	46	46	66
Interval_117273	26	47	19	10	24	27	16	13	30
Interval_117280	505	640	205	127	414	500	224	258	315
Interval_117282	550	779	229	157	591	649	224	223	347
Interval_117291	7	7	29	9	21	20	9	9	10
Interval_117325	66	89	23	12	41	46	32	26	37
Interval_117326	10	28	14	8	21	18	8	21	11
Interval_117334	12	27	269	165	380	358	223	231	256
Interval_117338	8	21	105	71	126	120	71	77	90
Interval_117348	387	576	200	122	488	519	194	234	334
Interval_117368	4	3	6	6	4	2	3	4	2
Interval_117376	661	806	218	117	479	511	268	324	357
Interval_117403	5	12	19	12	93	98	140	163	167
Interval_117419	2	8	75	52	52	44	10	11	12
Interval_117421	85	165	385	238	657	606	241	257	357
Interval_117427	36	82	35	9	46	78	27	21	32
Interval_117460	55	72	11	4	3	3	1	0	0
Interval_117472	221	250	8	4	3	2	0	1	1
Interval_117514	7	10	97	59	10	12	2	4	2
Interval_117565	509	617	210	121	388	394	239	267	379
Interval_117573	8	21	10	7	13	13	7	8	8
Interval_117629	62	95	66	44	19	12	6	3	6
Interval_117635	77	104	119	65	29	22	4	4	7
Interval_117638	22	27	15	10	26	30	14	20	11
Interval_117642	809	1004	10	11	5	8	3	4	4
Interval_117681	3	5	41	16	44	27	11	20	11
Interval_117698	28	39	8	8	20	17	19	6	16
Interval_117700	13	15	40	18	103	95	103	104	154
Interval_117720	14	18	160	102	112	99	17	15	13
Interval_117762	113	153	1	2	2	5	1	1	0
Interval_117773	77	113	140	76	127	115	11	33	13
Interval_117774	58	85	114	72	52	40	7	11	6
Interval_117816	5	7	47	28	15	6	6	2	1
Interval_117829	13	24	10	10	31	26	13	18	13
Interval_117878	94	131	5	7	33	36	2	2	5
Interval_117938	1058	1375	376	255	1033	1008	630	626	762
Interval_118037	188	300	140	85	224	216	84	116	137
Interval_118049	5	10	189	147	135	120	17	14	20
Interval_118064	35	72	29	12	42	34	16	15	19
Interval_118065	13	17	10	7	19	19	6	6	9
Interval_118070	377	499	155	93	339	366	160	178	226
Interval_118128	163	234	67	32	102	116	84	82	87
Interval_118141	289	385	82	53	313	285	141	184	202
Interval_118189	662	976	265	158	686	735	349	363	525
Interval_118225	25	47	31	25	78	111	18	24	27
Interval_118250	14	28	4	3	4	8	2	5	4
Interval_118282	8	15	77	43	53	39	10	18	15
Interval_118301	89	117	35	23	75	85	40	26	40
Interval_118312	25	26	14	11	19	16	1	5	5
Interval_118336	21	18	10	3	19	9	6	2	6
Interval_118359	123	137	4	6	13	18	2	1	6
Interval_118377	10	15	12	7	42	65	71	73	99
Interval_118418	333	426	143	85	343	312	105	125	187
Interval_118460	16	15	10	7	17	20	11	17	15
Interval_118467	85	136	61	32	78	75	37	35	66
Interval_118473	4	11	194	118	45	40	4	4	4
Interval_118523	20	21	10	5	13	17	11	4	8
Interval_118596	126	131	12	10	24	18	2	2	12
Interval_118670	225	325	107	58	287	281	106	141	161
Interval_118708	180	224	145	89	115	99	21	19	45
Interval_118709	127	200	109	80	73	72	14	21	32
Interval_118719	147	183	135	89	95	102	20	23	27
Interval_118728	151	208	149	78	86	93	27	24	27
Interval_118733	151	201	132	94	80	107	14	23	34
Interval_118734	129	204	142	84	82	83	18	18	27
Interval_118735	145	218	159	87	84	93	25	24	33
Interval_118755	77	115	44	37	94	132	8	6	6
Interval_118756	122	162	36	23	173	177	10	12	13
Interval_118774	551	787	297	181	668	737	353	339	552
Interval_118809	42	65	175	89	159	162	22	27	49
Interval_118811	283	360	26	16	134	102	10	11	10
Interval_118820	252	308	7	2	27	26	6	6	12
Interval_118878	7	17	5	1	2	2	0	1	3
Interval_118894	20	21	2	5	27	49	81	88	70
Interval_118909	213	309	64	39	49	42	10	13	14
Interval_118912	2	4	4	6	2	0	1	3	3
Interval_118920	33	40	6	2	2	5	1	0	0
Interval_118948	201	310	76	50	126	126	43	76	67
Interval_118987	30	47	11	12	24	29	19	12	11
Interval_118988	320	458	153	89	236	234	105	144	162
Interval_119006	3	7	1	1	3	0	0	0	1
Interval_119007	8	11	36	17	9	5	1	1	2
Interval_119012	147	206	112	57	194	158	70	71	111
Interval_119025	91	150	9	6	42	53	55	63	57
Interval_119075	50	62	21	14	47	38	22	24	23
Interval_119084	48	104	29	25	56	53	24	23	28
Interval_119160	399	627	288	187	464	442	187	218	259
Interval_119177	199	286	11	4	31	44	5	4	10
Interval_119198	17	27	271	185	914	916	550	647	801
Interval_119211	100	159	14	10	213	227	288	324	349
Interval_119221	13	21	135	94	447	427	281	322	317
Interval_119267	979	1223	137	169	212	251	727	878	559
Interval_119275	884	1079	57	95	102	96	617	753	497
Interval_119276	817	1014	61	94	94	115	591	713	494
Interval_119279	2219	2727	219	316	381	375	1546	1938	1347
Interval_119309	0	8	31	19	16	6	4	6	4
Interval_119332	3	4	99	84	81	63	13	18	11
Interval_119334	1	3	120	85	158	100	15	20	13
Interval_119337	5	6	50	26	39	49	9	15	9
Interval_119347	277	297	79	66	289	270	159	140	197
Interval_119373	1625	1799	418	292	1610	1588	558	587	827
Interval_119398	81	108	4	2	8	7	0	4	1
Interval_119454	185	235	10	7	15	19	15	13	20
Interval_119518	47	73	78	54	44	32	5	3	3
Interval_119535	40	45	14	10	49	37	26	35	25
Interval_119540	5	11	5	1	1	0	3	0	2
Interval_119546	23	47	16	10	26	19	13	15	15
Interval_119560	809	1126	246	135	621	703	304	362	494
Interval_119576	4	11	42	38	20	17	4	4	3
Interval_119579	4	3	48	36	1	2	1	2	0
Interval_119597	189	275	67	29	29	30	6	5	1
Interval_119606	415	487	149	62	588	598	361	383	442
Interval_119628	13	10	3	5	14	29	10	16	7
Interval_119652	21	57	146	94	20	20	9	10	6
Interval_119699	3	1	1	2	0	2	1	0	0
Interval_119756	47	63	30	19	56	37	24	32	41
Interval_119781	3	5	42	23	21	19	2	6	7
Interval_119804	720	986	331	179	828	851	447	521	665
Interval_119844	1579	1853	598	381	1615	1585	941	937	1238
Interval_119909	151	192	48	33	63	72	28	31	49
Interval_119913	560	800	234	136	510	591	349	342	466
Interval_119915	72	104	29	22	48	54	22	33	39
Interval_119918	192	246	22	12	26	24	8	15	13
Interval_119955	491	650	168	96	436	482	182	202	254
Interval_119959	8	19	44	37	21	17	4	6	6
Interval_119988	209	251	12	11	90	136	134	153	158
Interval_120021	386	517	193	97	391	414	180	180	262
Interval_120093	879	1036	430	263	1040	1097	534	522	802
Interval_120162	306	414	111	74	218	282	111	144	178
Interval_120220	6	7	168	96	5	7	0	0	0
Interval_120229	2	2	1	0	16	21	10	14	11
Interval_120264	71	108	18	13	173	132	62	61	92
Interval_120276	7	17	1	3	6	8	1	0	1
Interval_120292	687	801	227	144	684	743	275	325	598
Interval_120298	23	39	12	5	20	31	12	18	21
Interval_120322	400	478	100	57	55	45	15	22	43
Interval_120325	181	256	84	66	192	176	86	101	147
Interval_120334	747	914	270	153	771	731	259	276	419
Interval_120389	8	16	44	22	35	31	9	16	11
Interval_120399	1	4	27	17	8	5	3	0	3
Interval_120403	4	7	83	47	5	3	1	0	0
Interval_120422	17	17	8	6	5	24	11	11	8
Interval_120439	32	53	15	10	30	45	30	25	29
Interval_120463	471	593	216	125	558	585	286	349	479
Interval_120476	72	114	25	19	46	49	24	32	37
Interval_120531	36	63	17	12	13	20	6	10	6
Interval_120583	34	55	21	14	32	35	14	20	20
Interval_120587	3	6	42	29	2	4	3	2	1
Interval_120589	24	23	22	2	18	15	16	5	11
Interval_120598	9	12	11	6	10	12	2	3	4
Interval_120621	5	8	73	50	107	139	71	70	78
Interval_120624	23	34	9	8	14	19	14	11	12
Interval_120635	22	27	10	6	13	14	10	7	8
Interval_120636	91	142	35	21	41	71	28	42	47
Interval_120676	1	2	29	16	21	26	7	12	10
Interval_120693	14	14	55	20	8	9	5	2	4
Interval_120703	59	73	35	19	63	59	45	35	42
Interval_120738	14	33	4	3	41	58	125	129	126
Interval_120810	10	19	7	5	4	5	1	0	1
Interval_120839	311	496	219	147	490	458	230	239	319
Interval_120862	11	21	9	7	9	10	0	0	3
Interval_120882	13	21	7	1	5	11	91	88	121
Interval_120893	29	49	78	47	7	13	3	4	3
Interval_120916	3	5	32	26	42	25	3	5	9
Interval_120944	146	176	63	23	109	103	45	53	70
Interval_120958	709	808	63	33	295	289	253	274	262
Interval_120976	120	161	16	6	13	7	4	3	5
Interval_121003	18	28	9	6	20	29	19	15	20
Interval_121050	496	510	210	125	480	425	217	230	326
Interval_121066	2	7	6	9	9	14	0	0	3
Interval_121069	17	38	36	23	10	14	2	2	3
Interval_121073	295	379	125	89	286	306	172	167	196
Interval_121081	234	380	141	102	304	276	113	131	175
Interval_121100	136	177	73	39	25	26	2	5	2
Interval_121101	7	11	93	55	53	35	1	2	5
Interval_121109	191	245	15	6	188	218	247	256	304
Interval_121147	2	5	38	20	23	19	2	0	2
Interval_121153	122	154	6	5	33	39	8	13	7
Interval_121175	386	548	167	90	289	376	152	169	290
Interval_121222	15	37	5	5	14	11	9	10	19
Interval_121223	112	167	59	31	78	86	56	58	58
Interval_121265	5	4	114	49	130	78	11	6	5
Interval_121273	15	26	11	5	6	20	2	0	1
Interval_121301	3	1	2	1	1	1	0	0	0
Interval_121303	18	24	9	6	26	35	12	24	24
Interval_121306	78	111	1	2	6	6	9	6	19
Interval_121319	17	17	6	2	111	123	43	41	39
Interval_121331	13	16	109	57	139	123	12	16	17
Interval_121336	3	6	48	28	11	14	0	2	1
Interval_121369	6	13	2	2	3	1	0	0	1
Interval_121388	7	13	125	64	100	92	28	23	14
Interval_121406	11	14	292	160	152	120	20	24	25
Interval_121408	12	16	6	0	6	4	0	3	1
Interval_121417	11	8	39	18	12	11	5	1	1
Interval_121418	88	131	14	10	9	19	2	9	1
Interval_121451	37	75	62	47	18	20	4	3	4
Interval_121499	4	6	13	15	7	5	3	2	0
Interval_121500	1	4	58	49	5	4	0	1	1
Interval_121509	11	12	68	51	20	13	3	5	2
Interval_121536	5	4	183	114	210	221	27	26	30
Interval_121546	10	15	55	34	29	28	1	6	10
Interval_121593	28	51	18	7	15	26	12	13	10
Interval_121608	21	16	85	51	73	73	7	12	23
Interval_121621	2	9	1	4	33	33	44	46	38
Interval_121650	414	571	219	130	408	384	213	229	259
Interval_121656	2	3	126	80	51	36	2	4	5
Interval_121664	2	3	46	28	105	88	40	60	31
Interval_121667	29	51	119	87	154	156	55	61	55
Interval_121685	9	16	115	73	246	228	61	84	78
Interval_121700	638	895	313	198	679	704	307	305	454
Interval_121715	4	9	114	68	14	17	3	3	3
Interval_121804	520	636	257	156	723	741	265	317	421
Interval_121818	84	105	49	27	96	115	63	55	106
Interval_121878	6	5	7	1	3	3	1	1	1
Interval_121928	389	473	168	100	358	413	187	186	279
Interval_121933	49	81	14	14	34	40	21	16	30
Interval_121937	8	12	86	51	65	68	14	18	19
Interval_121972	125	140	48	40	119	110	38	51	41
Interval_121980	8	5	73	36	6	3	1	1	1
Interval_122008	21	24	66	35	271	235	28	39	55
Interval_122048	188	276	107	59	152	175	55	75	116
Interval_122060	475	675	209	121	467	453	234	285	300
Interval_122085	1	9	62	32	13	15	7	5	8
Interval_122093	36	40	65	35	20	12	4	5	6
Interval_122097	23	37	4	0	9	4	5	6	7
Interval_122204	1	7	82	57	6	4	0	0	3
Interval_122235	144	167	35	27	5	9	3	1	3
Interval_122268	155	210	33	19	228	247	210	281	273
Interval_122319	58	76	22	19	29	49	29	31	28
Interval_122325	3	3	77	44	47	37	4	4	5
Interval_122337	69	111	111	79	65	62	20	21	30
Interval_122351	7	16	44	40	34	33	12	17	21
Interval_122363	7	12	47	34	29	38	4	6	7
Interval_122390	333	452	142	104	316	319	107	121	213
Interval_122391	200	271	190	106	364	317	139	174	151
Interval_122405	25	37	6	8	23	20	11	8	13
Interval_122419	38	57	13	6	11	24	6	4	5
Interval_122421	15	27	7	2	3	12	4	2	2
Interval_122425	2	4	108	59	25	43	4	3	1
Interval_122464	124	173	3	0	0	0	0	0	0
Interval_122465	222	264	4	2	5	2	0	0	1
Interval_122483	55	75	1	7	4	3	1	0	1
Interval_122487	7	11	104	51	85	80	26	50	26
Interval_122508	27	42	20	11	49	45	16	19	42
Interval_122552	90	120	10	5	139	167	115	122	168
Interval_122556	2	4	12	10	10	7	0	0	3
Interval_122613	0	1	70	28	2	3	1	1	0
Interval_122623	24	22	203	94	546	529	84	89	109
Interval_122633	903	1262	316	183	690	770	344	387	550
Interval_122671	42	59	16	15	32	52	19	17	21
Interval_122732	83	127	31	17	49	52	29	32	42
Interval_122736	12	11	133	72	280	237	100	133	119
Interval_122803	3	8	2	1	3	0	1	2	1
Interval_122804	747	915	319	198	822	897	432	446	597
Interval_122833	13	19	74	58	176	144	90	96	133
Interval_122858	1315	1583	520	288	1171	1108	543	579	811
Interval_122881	47	75	29	23	47	47	29	21	28
Interval_122888	11	12	56	32	8	5	3	5	4
Interval_122924	1186	1398	408	274	1005	1038	445	503	598
Interval_122930	2	1	6	0	4	5	4	1	1
Interval_123041	2	9	250	163	43	31	4	2	3
Interval_123048	4	2	9	1	34	27	33	40	52
Interval_123051	15	19	164	93	487	506	148	148	199
Interval_123057	23	26	281	138	642	626	302	354	501
Interval_123071	5	21	300	181	308	261	35	29	62
Interval_123097	5	8	12	9	48	51	62	61	49
Interval_123105	49	81	17	13	53	69	17	26	27
Interval_123109	1	1	48	32	9	7	4	5	2
Interval_123139	211	293	208	135	152	137	18	23	16
Interval_123168	11	13	8	7	11	15	10	11	7
Interval_123204	8	11	0	0	0	0	0	1	0
Interval_123205	4	4	4	6	1	3	0	2	0
Interval_123210	16	34	14	9	16	27	19	10	10
Interval_123220	31	43	15	9	28	37	32	26	20
Interval_123289	114	142	15	7	10	6	4	2	2
Interval_123307	130	135	63	37	136	148	64	62	71
Interval_123310	456	577	153	81	282	339	155	149	252
Interval_123329	34	37	5	5	4	8	0	2	0
Interval_123340	94	138	16	24	4	3	0	4	1
Interval_123416	6	16	2	7	2	12	3	3	5
Interval_123422	75	101	325	207	451	359	75	61	117
Interval_123434	36	53	24	8	28	29	15	11	15
Interval_123486	1	2	125	78	9	4	4	2	0
Interval_123581	85	141	8	5	3	4	2	2	1
Interval_123612	130	232	40	19	48	50	29	37	30
Interval_123628	103	117	66	40	21	12	3	4	1
Interval_123653	177	248	65	34	116	101	34	37	36
Interval_123671	2	10	2	2	4	6	1	3	1
Interval_123689	1043	1357	333	223	838	936	531	560	771
Interval_123742	7	15	30	18	39	50	20	22	15
Interval_123751	23	31	37	15	261	245	92	138	105
Interval_123763	25	49	127	75	306	373	142	158	188
Interval_123813	312	391	51	33	53	40	7	21	22
Interval_123830	2	0	50	24	7	10	1	2	1
Interval_123839	94	137	74	40	165	142	77	113	155
Interval_123871	158	215	78	32	124	136	58	80	115
Interval_123902	32	47	9	8	84	87	62	75	85
Interval_123946	6	8	3	9	69	82	54	47	65
Interval_123961	20	29	6	5	14	10	9	5	6
Interval_124002	8	7	50	26	5	15	2	2	2
Interval_124033	15	20	110	76	79	84	14	22	25
Interval_124042	2	0	8	4	0	0	0	3	1
Interval_124084	3	7	37	32	45	56	16	9	17
Interval_124092	12	21	57	22	13	17	3	1	3
Interval_124151	10	11	5	0	7	7	9	4	10
Interval_124159	1	6	8	6	8	3	0	2	1
Interval_124197	10	18	8	8	23	15	5	6	10
Interval_124225	28	43	13	7	12	19	8	12	18
Interval_124233	9	11	55	32	10	2	3	3	3
Interval_124249	25	32	76	53	184	201	127	144	164
Interval_124277	7	9	41	37	27	33	3	4	4
Interval_124286	62	85	116	64	397	416	160	158	240
Interval_124364	16	27	7	5	21	20	17	13	20
Interval_124392	23	33	37	19	52	55	10	7	20
Interval_124399	621	761	28	15	64	43	15	12	31
Interval_124400	16	14	64	44	53	48	44	36	42
Interval_124408	73	109	195	139	692	696	318	380	440
Interval_124413	295	395	82	35	189	206	87	96	119
Interval_124434	66	89	51	27	358	320	313	339	417
Interval_124524	6	4	43	18	45	45	23	16	25
Interval_124540	1	1	3	4	0	2	0	0	0
Interval_124577	80	114	6	2	6	5	4	3	4
Interval_124603	15	37	6	2	11	8	8	3	5
Interval_124641	178	222	67	51	142	150	60	67	76
Interval_124658	11	13	26	15	79	80	94	79	96
Interval_124660	3	9	59	28	81	100	22	22	36
Interval_124677	24	31	8	8	16	14	6	9	8
Interval_124697	2	9	57	44	5	4	2	1	0
Interval_124705	33	68	122	84	140	115	41	32	32
Interval_124745	3	6	5	8	1	5	0	0	1
Interval_124746	1000	1326	300	181	814	834	467	493	689
Interval_124750	14	25	9	7	21	17	5	9	5
Interval_124759	2	1	73	41	40	37	2	3	1
Interval_124766	636	887	242	138	507	573	372	392	495
Interval_124771	5	9	46	34	18	26	1	2	3
Interval_124774	559	779	211	145	521	537	272	239	356
Interval_124802	5	3	3	2	6	14	7	8	6
Interval_124880	199	346	155	86	195	238	113	113	140
Interval_124892	5	10	70	50	19	21	11	7	7
Interval_124894	26	42	200	113	155	164	43	58	72
Interval_124904	411	516	250	152	481	451	189	217	227
Interval_124915	22	30	12	8	19	26	10	6	13
Interval_124939	1077	1242	380	266	1121	1097	570	619	814
Interval_124959	22	34	13	4	14	17	9	7	11
Interval_124974	15	18	4	4	26	24	116	115	125
Interval_124997	21	28	125	70	30	24	3	0	3
Interval_125006	344	455	160	90	345	394	187	193	246
Interval_125011	17	31	166	102	339	334	107	131	137
Interval_125046	16	27	6	3	12	8	7	10	5
Interval_125051	10	9	3	0	1	1	1	1	2
Interval_125129	23	45	71	51	46	34	8	6	10
Interval_125140	1074	1425	412	245	904	925	691	616	848
Interval_125170	7	16	78	40	37	31	9	10	4
Interval_125199	626	978	328	192	622	616	263	293	371
Interval_125305	13	20	1	1	1	0	0	1	2
Interval_125323	41	57	18	12	34	51	26	29	17
Interval_125392	301	385	123	63	248	277	154	154	199
Interval_125451	115	170	32	23	22	23	6	6	3
Interval_125458	23	40	123	87	82	54	5	16	20
Interval_125460	34	52	122	83	117	99	18	17	25
Interval_125502	49	83	39	23	52	52	30	55	58
Interval_125519	46	70	48	33	344	347	128	187	199
Interval_125559	36	64	4	8	9	9	1	1	2
Interval_125566	15	28	98	45	5	12	0	4	1
Interval_125571	61	96	0	0	2	1	1	0	1
Interval_125576	216	273	66	40	21	18	2	0	1
Interval_125579	105	206	9	8	2	4	2	1	1
Interval_125583	188	275	0	0	4	2	2	3	0
Interval_125587	116	149	7	2	3	3	0	0	1
Interval_125597	140	219	5	2	3	8	2	2	3
Interval_125616	221	284	56	35	79	63	9	13	18
Interval_125655	179	265	64	45	18	28	4	11	6
Interval_125664	728	1072	275	170	658	685	425	409	555
Interval_125665	169	241	74	40	202	189	98	142	141
Interval_125691	31	43	70	51	35	31	5	9	7
Interval_125697	566	741	45	38	513	491	398	455	519
Interval_125747	23	43	9	7	16	15	16	16	18
Interval_125749	13	20	8	5	117	128	118	125	175
Interval_125754	10	7	1	0	3	5	5	7	5
Interval_125783	8	11	31	27	99	94	68	109	82
Interval_125784	68	114	120	80	88	88	20	21	26
Interval_125799	12	8	56	34	31	28	10	11	15
Interval_125808	10	5	15	6	67	74	83	106	94
Interval_125892	10	17	224	156	694	692	172	203	248
Interval_125907	54	61	47	29	23	13	0	2	3
Interval_125917	30	48	18	18	24	22	4	4	2
Interval_125943	276	386	50	23	173	215	17	28	31
Interval_125961	107	155	52	26	99	144	39	47	60
Interval_125994	24	36	6	4	17	18	8	6	12
Interval_126019	332	490	147	73	362	419	157	197	282
Interval_126061	25	46	48	27	23	25	4	4	4
Interval_126096	21	32	14	4	13	11	9	12	3
Interval_126122	24	53	20	7	20	21	4	15	16
Interval_126148	249	341	113	56	491	509	255	284	341
Interval_126176	2	4	44	29	17	5	1	1	4
Interval_126180	2	8	107	64	30	17	1	5	4
Interval_126183	5	12	30	35	38	28	5	3	5
Interval_126194	122	183	23	12	16	11	3	2	1
Interval_126213	99	158	48	22	134	112	74	63	98
Interval_126237	8	12	33	17	68	73	50	60	62
Interval_126250	4	5	15	4	15	13	3	3	3
Interval_126371	16	25	15	4	21	25	5	9	9
Interval_126393	743	906	22	9	92	101	4	11	16
Interval_126398	173	291	147	111	71	51	10	9	8
Interval_126461	10	10	188	100	219	198	47	56	60
Interval_126462	7	9	196	126	202	168	82	81	96
Interval_126555	482	524	159	97	459	458	158	187	237
Interval_126560	15	26	8	5	10	15	9	2	8
Interval_126566	12	42	4	6	4	18	5	9	7
Interval_126577	702	939	258	164	753	731	395	424	537
Interval_126632	159	214	68	43	165	184	114	123	151
Interval_126633	18	23	10	4	21	30	16	14	12
Interval_126674	42	72	11	14	44	43	28	31	41
Interval_126692	33	39	1	3	1	1	1	0	0
Interval_126703	60	86	33	20	60	49	26	35	63
Interval_126740	10	9	5	6	16	28	23	20	36
Interval_126742	440	510	156	89	417	424	150	197	252
Interval_126759	25	21	3	1	6	4	1	1	0
Interval_126776	8	11	0	4	2	4	2	1	1
Interval_126777	87	118	1	1	7	3	4	3	8
Interval_126851	0	2	7	7	0	2	1	1	1
Interval_126864	356	507	186	87	270	295	171	181	242
Interval_126888	372	494	132	93	317	396	207	211	283
Interval_126890	4	9	11	9	9	7	1	2	2
Interval_126892	145	186	66	35	164	166	71	87	114
Interval_126978	9	12	70	62	70	53	8	8	6
Interval_126989	56	49	165	95	50	47	8	7	4
Interval_126993	61	105	25	17	51	83	49	50	37
Interval_127015	17	46	9	5	9	16	10	10	14
Interval_127035	7	8	5	3	13	19	2	3	5
Interval_127068	30	55	17	11	33	37	7	19	12
Interval_127099	182	286	83	54	155	172	67	103	101
Interval_127144	20	23	11	3	23	12	4	8	7
Interval_127172	17	24	11	4	17	15	12	4	3
Interval_127210	5	5	47	29	29	29	9	10	24
Interval_127251	75	89	2	4	6	8	47	56	62
Interval_127265	358	392	3	2	6	11	383	371	484
Interval_127271	206	308	2	1	3	2	260	291	321
Interval_127350	6	7	4	1	20	18	24	30	49
Interval_127405	159	195	2	2	12	18	6	6	5
Interval_127407	161	232	7	10	147	155	199	209	232
Interval_127409	144	212	100	67	207	225	122	114	139
Interval_127412	95	153	49	35	77	88	66	72	74
Interval_127475	28	55	7	3	9	10	4	3	8
Interval_127583	3	2	83	42	9	7	1	0	0
Interval_127636	1	4	0	0	2	2	2	2	3
Interval_127639	116	168	3	2	32	25	42	35	59
Interval_127642	70	84	10	4	62	83	77	72	96
Interval_127651	117	189	41	28	92	101	47	55	74
Interval_127658	139	168	1	1	0	1	111	134	150
Interval_127662	234	366	3	1	2	3	230	258	292
Interval_127665	137	187	1	1	0	1	128	131	177
Interval_127697	8	11	41	26	5	2	1	6	2
Interval_127799	5	10	35	25	14	11	1	2	3
Interval_127800	436	640	177	122	401	448	181	234	304
Interval_127825	7	6	1	2	2	1	1	1	1
Interval_127844	2	11	55	36	53	44	14	21	17
Interval_127866	3	3	82	46	4	3	1	0	1
Interval_127925	78	137	16	16	27	26	7	6	8
Interval_127943	361	451	185	94	390	407	203	211	301
Interval_127960	28	39	5	1	8	4	0	0	0
Interval_127970	124	151	38	26	105	93	32	54	92
Interval_127989	321	406	119	72	272	270	125	107	167
Interval_127990	714	984	228	148	625	626	347	375	499
Interval_128014	7	16	9	4	2	5	2	2	2
Interval_128045	237	283	83	68	245	257	134	153	200
Interval_128063	60	91	29	16	67	66	31	28	61
Interval_128083	12	16	9	7	13	15	12	12	11
Interval_128090	16	42	0	2	1	0	3	4	11
Interval_128133	38	52	15	4	33	28	13	18	19
Interval_128139	12	13	52	36	37	27	4	4	5
Interval_128156	3	7	102	56	180	167	57	56	73
Interval_128157	3	8	58	30	26	31	9	15	9
Interval_128176	385	525	150	88	328	330	149	182	225
Interval_128228	13	19	0	1	4	5	2	6	7
Interval_128258	169	198	62	30	152	135	70	84	84
Interval_128295	6	10	0	0	0	0	1	2	0
Interval_128303	27	38	1	0	1	0	3	3	2
Interval_128335	6	11	1	1	4	10	5	6	1
Interval_128373	157	253	27	13	6	8	2	5	0
Interval_128385	9	1	87	51	52	48	15	7	4
Interval_128408	61	84	19	8	15	15	4	5	11
Interval_128415	0	2	4	0	8	8	4	9	2
Interval_128447	110	158	15	10	16	17	9	7	6
Interval_128466	118	187	69	29	198	165	78	78	86
Interval_128472	78	95	1	2	2	2	2	2	7
Interval_128540	87	96	28	16	67	64	32	24	49
Interval_128591	361	542	234	131	521	555	185	221	303
Interval_128604	7	11	95	58	55	38	13	16	27
Interval_128706	309	431	91	66	231	237	98	122	175
Interval_128730	248	340	75	54	248	241	103	148	210
Interval_128750	3	5	0	0	2	0	4	6	6
Interval_128805	695	900	291	162	776	815	351	377	520
Interval_128815	467	608	187	104	544	549	221	233	346
Interval_128820	18	32	15	6	29	34	13	19	20
Interval_128824	20	42	29	25	66	77	61	58	67
Interval_128867	205	250	89	62	155	133	29	28	53
Interval_128924	669	844	323	184	720	747	348	400	534
Interval_128932	18	16	4	2	12	11	14	7	10
Interval_128954	1	6	4	3	11	15	9	6	11
Interval_128963	1	5	57	32	22	33	23	25	23
Interval_129002	0	4	44	33	9	5	1	1	0
Interval_129008	1	2	17	11	6	6	1	0	0
Interval_129109	229	317	95	55	235	216	124	138	187
Interval_129165	56	90	23	16	13	8	7	6	21
Interval_129197	16	15	50	30	11	22	0	0	0
Interval_129212	80	96	64	41	197	213	0	0	0
Interval_129221	19	23	5	2	16	14	8	8	7
Interval_129248	18	28	5	3	20	19	11	13	9
Interval_129283	27	32	199	101	34	32	1	2	8
Interval_129291	40	47	189	115	321	382	69	69	85
